deal_id,deal_name,sponsor,confidence,proposed_mt_number,suggested_mt_number,your_decision,why_flagged,suggestion_basis,base_mt_number,suffix,is_extension_or_followon,extension_number,won_deal,hubspot_url
17435686707,AKS: Prurigo Nodularis and healthy - skin biopsies MT0619 (previously MT0624 extension #2) (SEE NOTE),AKS,DECIDE,,MT0619,,"names two different MT numbers: MT0619, MT0624",MT0624 is named as the previous number,,,yes,2,,https://app.hubspot.com/contacts/7423331/record/0-3/17435686707
35801232926,"AMG: Colorectal cancer - fresh tissue, NAT, serum (MT9920 / MT7806)",AMG,DECIDE,,MT7806,,"names two different MT numbers: MT7806, MT9920","MT9920 is the umbrella for fresh tumour orders, so MT7806 looks like this study's own number",,,,,,https://app.hubspot.com/contacts/7423331/record/0-3/35801232926
39867122083,"AMG: PDAC - fresh tumor tissue, NAT, whole blood to ABC (MT9920 / MT8373)",AMG,DECIDE,,MT8373,,"names two different MT numbers: MT8373, MT9920","MT9920 is the umbrella for fresh tumour orders, so MT8373 looks like this study's own number",,,,,,https://app.hubspot.com/contacts/7423331/record/0-3/39867122083
7481251637,"ASB: Breast cancer metastatic to lung, liver, and brain - FFPE (MT6180 / MT6155)",ASB,DECIDE,,,,"names two different MT numbers: MT6155, MT6180",,,,,,,https://app.hubspot.com/contacts/7423331/record/0-3/7481251637
16975861376,BMS: MT4095 & MT4087 call backs - blood,BMS,DECIDE,,,,"names two different MT numbers: MT4087, MT4095",,,,yes,,,https://app.hubspot.com/contacts/7423331/record/0-3/16975861376
44576832783,BMS: Normal - Plasma (Healthy Subjects for MT4052),BMS,DECIDE,,,,the MT number is a cross-reference to a different study (“for MT4052”),,,,,,,https://app.hubspot.com/contacts/7423331/record/0-3/44576832783
2298787671,BMS: PDAC - tumor & blood (MTXNEW),BMS,DECIDE,,,,placeholder text sits where the MT number should be,,,,,,,https://app.hubspot.com/contacts/7423331/record/0-3/2298787671
2265476724,BMS: Solid tumors - whole blood (MTXNEW),BMS,DECIDE,,,,placeholder text sits where the MT number should be,,,,,,,https://app.hubspot.com/contacts/7423331/record/0-3/2265476724
18245958745,BMS: Various cancers - whole blood (MT4039/ MT9920),BMS,DECIDE,,MT4039,,"names two different MT numbers: MT4039, MT9920","MT9920 is the umbrella for fresh tumour orders, so MT4039 looks like this study's own number",,,,,,https://app.hubspot.com/contacts/7423331/record/0-3/18245958745
32406302331,EXS: MT7026 & MT7045 FFPE screenfails - plasma & buffy coat (MT7045-EX2501),EXS,DECIDE,,MT7045-EX2501,,"names two different MT numbers: MT7026, MT7045",the other numbers read as comparator studies; MT7045-EX2501 is the one in the trailing parentheses,,,,,,https://app.hubspot.com/contacts/7423331/record/0-3/32406302331
6622930244,"GHI: Panc, melanoma, gastric, H&N SCC - tissue & plasma (MT1813/MT1875)",GHI,DECIDE,,,,"names two different MT numbers: MT1813, MT1875",,,,,,,https://app.hubspot.com/contacts/7423331/record/0-3/6622930244
63027387258,MRK: Atopic derm & normal biopsies - tissue (MT0465 change order #1),MRK,DECIDE,MT0465,,,a change order rather than an extension,,MT0465,,,,,https://app.hubspot.com/contacts/7423331/record/0-3/63027387258
1985215621,MRK: Gastric - tumor & blood (MT WHAT IS IT),MRK,DECIDE,,,,placeholder text sits where the MT number should be,,,,,,,https://app.hubspot.com/contacts/7423331/record/0-3/1985215621
44081327894,MRK: Healthy skin - tissue  (MT0424 extension #6),MRK,DECIDE,MT0424,,,MT0424 is also used by TRB — MT numbers should not cross sponsors,,MT0424,,yes,6,,https://app.hubspot.com/contacts/7423331/record/0-3/44081327894
59503362190,MRK: Hidradenitis suppurativa biopsies & normal resection skin - tissue & serum (MT9920 and MT0467),MRK,DECIDE,,MT0467,,"names two different MT numbers: MT0467, MT9920","MT9920 is the umbrella for fresh tumour orders, so MT0467 looks like this study's own number",,,,,,https://app.hubspot.com/contacts/7423331/record/0-3/59503362190
8155560275,MRK: Normal - skin & blood (MT0424 extension #1),MRK,DECIDE,MT0424,,,MT0424 is also used by TRB — MT numbers should not cross sponsors,,MT0424,,yes,1,,https://app.hubspot.com/contacts/7423331/record/0-3/8155560275
8445283954,MRK: Normal - skin & blood (MT0424 extension #2),MRK,DECIDE,MT0424,,,MT0424 is also used by TRB — MT numbers should not cross sponsors,,MT0424,,yes,2,,https://app.hubspot.com/contacts/7423331/record/0-3/8445283954
1903541733,MRK: Normal - skin & blood (MT0424),MRK,DECIDE,MT0424,,,MT0424 is also used by TRB — MT numbers should not cross sponsors,,MT0424,,,,,https://app.hubspot.com/contacts/7423331/record/0-3/1903541733
12652207245,MRK: normal skin - tissue (MT0424 extension #1),MRK,DECIDE,MT0424,,,MT0424 is also used by TRB — MT numbers should not cross sponsors,,MT0424,,yes,1,,https://app.hubspot.com/contacts/7423331/record/0-3/12652207245
16506130727,MRK: normal skin - tissue (MT0424 extension #4),MRK,DECIDE,MT0424,,,MT0424 is also used by TRB — MT numbers should not cross sponsors,,MT0424,,yes,4,,https://app.hubspot.com/contacts/7423331/record/0-3/16506130727
20410275093,MRK: normal skin - tissue (MT0424 extension #5),MRK,DECIDE,MT0424,,,MT0424 is also used by TRB — MT numbers should not cross sponsors,,MT0424,,yes,5,,https://app.hubspot.com/contacts/7423331/record/0-3/20410275093
44214833849,MRK: Normal skin - tissue (MT0424 extension #6),MRK,DECIDE,MT0424,,,MT0424 is also used by TRB — MT numbers should not cross sponsors,,MT0424,,yes,6,,https://app.hubspot.com/contacts/7423331/record/0-3/44214833849
60142043466,MRK: normal skin - tissue (MT0424 extension #7),MRK,DECIDE,MT0424,,,MT0424 is also used by TRB — MT numbers should not cross sponsors,,MT0424,,yes,7,,https://app.hubspot.com/contacts/7423331/record/0-3/60142043466
57668747105,NTA: Healthy geographically matched to MT2242 and MT2234 - blood (MT2228),NTA,DECIDE,,MT2228,,"names two different MT numbers: MT2228, MT2234, MT2242",the other numbers read as comparator studies; MT2228 is the one in the trailing parentheses,,,,,,https://app.hubspot.com/contacts/7423331/record/0-3/57668747105
6885308738,RCH: NAT - FFPE (Extension of MT2115 and MT5222),RCH,DECIDE,,,,"names two different MT numbers: MT2115, MT5222",,,,yes,,,https://app.hubspot.com/contacts/7423331/record/0-3/6885308738
11604553282,SVA: Subject MT0291—099 – Plasma (MT2355),SVA,DECIDE,,MT2355,,"names two different MT numbers: MT0291, MT2355","MT0291 appears as part of a subject ID, not a study number",,,,,,https://app.hubspot.com/contacts/7423331/record/0-3/11604553282
9325427625,TRB: 1-2g healthy trunk / face skin - tissue (MT0424 extension #1),TRB,DECIDE,MT0424,,,MT0424 is also used by MRK — MT numbers should not cross sponsors,,MT0424,,yes,1,,https://app.hubspot.com/contacts/7423331/record/0-3/9325427625
6310483299,TRB: 1-2g healthy trunk / face skin - tissue (MT0424),TRB,DECIDE,MT0424,,,MT0424 is also used by MRK — MT numbers should not cross sponsors,,MT0424,,,,,https://app.hubspot.com/contacts/7423331/record/0-3/6310483299
9872529433,"ABV: Bladder, breast, gastro-esophageal, H&N, NSCLC, ovarian, RCC - tissue & blood",ABV,ASSIGN,,,,a won study with no MT number in its name — needs one looked up and typed in,,,,,,yes,https://app.hubspot.com/contacts/7423331/record/0-3/9872529433
5891017523,ABV: CRC - stool,ABV,ASSIGN,,,,a won study with no MT number in its name — needs one looked up and typed in,,,,,,yes,https://app.hubspot.com/contacts/7423331/record/0-3/5891017523
43827799048,ABV: Master derm study extension #1,ABV,ASSIGN,,,,a won study with no MT number in its name — needs one looked up and typed in,,,,yes,1,yes,https://app.hubspot.com/contacts/7423331/record/0-3/43827799048
8155343727,ABV: NSCLC & CRC - tumor,ABV,ASSIGN,,,,a won study with no MT number in its name — needs one looked up and typed in,,,,,,yes,https://app.hubspot.com/contacts/7423331/record/0-3/8155343727
1984654795,ABV: NSCLC / brst / CRC / gast / panc / ovar - tissue,ABV,ASSIGN,,,,a won study with no MT number in its name — needs one looked up and typed in,,,,,,yes,https://app.hubspot.com/contacts/7423331/record/0-3/1984654795
14712538486,"ABV: NSCLC, ovarian, RCC - tissue",ABV,ASSIGN,,,,a won study with no MT number in its name — needs one looked up and typed in,,,,,,yes,https://app.hubspot.com/contacts/7423331/record/0-3/14712538486
53754337665,ABV: UC & CD - Fresh Tissue Resections,ABV,ASSIGN,,,,a won study with no MT number in its name — needs one looked up and typed in,,,,,,yes,https://app.hubspot.com/contacts/7423331/record/0-3/53754337665
5430924979,AMG: ASCVD & normal extension - blood,AMG,ASSIGN,,,,a won study with no MT number in its name — needs one looked up and typed in,,,,yes,,yes,https://app.hubspot.com/contacts/7423331/record/0-3/5430924979
11842070880,AMG: Normal colon - fresh tissue,AMG,ASSIGN,,,,a won study with no MT number in its name — needs one looked up and typed in,,,,,,yes,https://app.hubspot.com/contacts/7423331/record/0-3/11842070880
4280593250,ASH: Cancer - matched blood,ASH,ASSIGN,,,,a won study with no MT number in its name — needs one looked up and typed in,,,,,,yes,https://app.hubspot.com/contacts/7423331/record/0-3/4280593250
42920467969,"ATC: Breast, CRC, NSCLC - tumor, NAT, blood (extension #1)",ATC,ASSIGN,,,,a won study with no MT number in its name — needs one looked up and typed in,,,,yes,1,yes,https://app.hubspot.com/contacts/7423331/record/0-3/42920467969
48945975553,"ATC: Breast, CRC, NSCLC - tumor, NAT, blood (extension #2)",ATC,ASSIGN,,,,a won study with no MT number in its name — needs one looked up and typed in,,,,yes,2,yes,https://app.hubspot.com/contacts/7423331/record/0-3/48945975553
39506152491,"ATC: Breast, CRC, NSCLC, and NAT - tissue, blood (pilot)",ATC,ASSIGN,,,,a won study with no MT number in its name — needs one looked up and typed in,,,,,,yes,https://app.hubspot.com/contacts/7423331/record/0-3/39506152491
40576558860,"AZA: Solid tumors & NSCLC/HCC NAT - tissue, blood (SEE NOTE)",AZA,ASSIGN,,,,a won study with no MT number in its name — needs one looked up and typed in,,,,,,yes,https://app.hubspot.com/contacts/7423331/record/0-3/40576558860
2883561202,"BMS: lung, CRC, panc - tissue",BMS,ASSIGN,,,,a won study with no MT number in its name — needs one looked up and typed in,,,,,,yes,https://app.hubspot.com/contacts/7423331/record/0-3/2883561202
2830123046,BMS: Matched Pre Post NSCLC - FFPE,BMS,ASSIGN,,,,a won study with no MT number in its name — needs one looked up and typed in,,,,,,yes,https://app.hubspot.com/contacts/7423331/record/0-3/2830123046
3015803021,BMS: Matched Primary Met NSCLC - FFPE,BMS,ASSIGN,,,,a won study with no MT number in its name — needs one looked up and typed in,,,,,,yes,https://app.hubspot.com/contacts/7423331/record/0-3/3015803021
2888939846,BMS: Neoadjuvant NSCLC - FFPE,BMS,ASSIGN,,,,a won study with no MT number in its name — needs one looked up and typed in,,,,,,yes,https://app.hubspot.com/contacts/7423331/record/0-3/2888939846
3957256877,BMS: Normal - Blood,BMS,ASSIGN,,,,a won study with no MT number in its name — needs one looked up and typed in,,,,,,yes,https://app.hubspot.com/contacts/7423331/record/0-3/3957256877
2408072705,BMS: Solid Tumor - EDTA,BMS,ASSIGN,,,,a won study with no MT number in its name — needs one looked up and typed in,,,,,,yes,https://app.hubspot.com/contacts/7423331/record/0-3/2408072705
5784508931,BMS: Tumors delivered without PO,BMS,ASSIGN,,,,a won study with no MT number in its name — needs one looked up and typed in,,,,,,yes,https://app.hubspot.com/contacts/7423331/record/0-3/5784508931
63027912194,BPM: CSU + Normal - Whole Blood,BPM,ASSIGN,,,,a won study with no MT number in its name — needs one looked up and typed in,,,,,,yes,https://app.hubspot.com/contacts/7423331/record/0-3/63027912194
38695610650,CNH: Healthy African-American & new onset diabetes - blood,CNH,ASSIGN,,,,a won study with no MT number in its name — needs one looked up and typed in,,,,,,yes,https://app.hubspot.com/contacts/7423331/record/0-3/38695610650
51083979284,CNH: Medrio entry 152 subjects,CNH,ASSIGN,,,,a won study with no MT number in its name — needs one looked up and typed in,,,,,,yes,https://app.hubspot.com/contacts/7423331/record/0-3/51083979284
47539108281,CNH: Ovarian & panc cancer - plasma,CNH,ASSIGN,,,,a won study with no MT number in its name — needs one looked up and typed in,,,,,,yes,https://app.hubspot.com/contacts/7423331/record/0-3/47539108281
14622524981,CNH: Pancreatic cysts - blood,CNH,ASSIGN,,,,a won study with no MT number in its name — needs one looked up and typed in,,,,,,yes,https://app.hubspot.com/contacts/7423331/record/0-3/14622524981
1893299337,CVC: COVID - serum I,CVC,ASSIGN,,,,a won study with no MT number in its name — needs one looked up and typed in,,,,,,yes,https://app.hubspot.com/contacts/7423331/record/0-3/1893299337
2891895338,CVC: COVID hospitalized recovered - serum,CVC,ASSIGN,,,,a won study with no MT number in its name — needs one looked up and typed in,,,,,,yes,https://app.hubspot.com/contacts/7423331/record/0-3/2891895338
2946133522,CVC: COVID non-hospitalized - serum,CVC,ASSIGN,,,,a won study with no MT number in its name — needs one looked up and typed in,,,,,,yes,https://app.hubspot.com/contacts/7423331/record/0-3/2946133522
33145634108,DPB: Multi cancer - fresh tumor & FFPE slides,DPB,ASSIGN,,,,a won study with no MT number in its name — needs one looked up and typed in,,,,,,yes,https://app.hubspot.com/contacts/7423331/record/0-3/33145634108
3278645752,DSN: Symptomatic COVID - NP swab (or result) + saliva,DSN,ASSIGN,,,,a won study with no MT number in its name — needs one looked up and typed in,,,,,,yes,https://app.hubspot.com/contacts/7423331/record/0-3/3278645752
11582378887,GHI: 20 healthies - blood,GHI,ASSIGN,,,,a won study with no MT number in its name — needs one looked up and typed in,,,,,,yes,https://app.hubspot.com/contacts/7423331/record/0-3/11582378887
2334594571,"GHI: Bladder, Melanoma, Breast - plasma & FFPE",GHI,ASSIGN,,,,a won study with no MT number in its name — needs one looked up and typed in,,,,,,yes,https://app.hubspot.com/contacts/7423331/record/0-3/2334594571
3357654203,GHI: Lung and breast - FFPE & plasma,GHI,ASSIGN,,,,a won study with no MT number in its name — needs one looked up and typed in,,,,,,yes,https://app.hubspot.com/contacts/7423331/record/0-3/3357654203
10199403313,GIL: CRC liver mets - tissue,GIL,ASSIGN,,,,a won study with no MT number in its name — needs one looked up and typed in,,,,,,yes,https://app.hubspot.com/contacts/7423331/record/0-3/10199403313
4093847710,"GIL: Healthy colon - FFPE, frozen, RNAlater (Study 1)",GIL,ASSIGN,,,,a won study with no MT number in its name — needs one looked up and typed in,,,,,,yes,https://app.hubspot.com/contacts/7423331/record/0-3/4093847710
9543573540,GIL: MM - Bone marrow biopsies,GIL,ASSIGN,,,,a won study with no MT number in its name — needs one looked up and typed in,,,,,,yes,https://app.hubspot.com/contacts/7423331/record/0-3/9543573540
2345258580,GIL: Normal - blood,GIL,ASSIGN,,,,a won study with no MT number in its name — needs one looked up and typed in,,,,,,yes,https://app.hubspot.com/contacts/7423331/record/0-3/2345258580
2946341561,H3B: LR-MDS - FFPE,H3B,ASSIGN,,,,a won study with no MT number in its name — needs one looked up and typed in,,,,,,yes,https://app.hubspot.com/contacts/7423331/record/0-3/2946341561
2392271473,"HBM: ccRCC, NSCLC, ova, h&n, col, breast, mela, liver - fresh tumor",HBM,ASSIGN,,,,a won study with no MT number in its name — needs one looked up and typed in,,,,,,yes,https://app.hubspot.com/contacts/7423331/record/0-3/2392271473
1976349399,HFB: COVID - blood,HFB,ASSIGN,,,,a won study with no MT number in its name — needs one looked up and typed in,,,,,,yes,https://app.hubspot.com/contacts/7423331/record/0-3/1976349399
9691071035,IOS: Normal liver - FFPE,IOS,ASSIGN,,,,a won study with no MT number in its name — needs one looked up and typed in,,,,,,yes,https://app.hubspot.com/contacts/7423331/record/0-3/9691071035
22423927299,IOV: Fresh tumors - tissue,IOV,ASSIGN,,,,a won study with no MT number in its name — needs one looked up and typed in,,,,,,yes,https://app.hubspot.com/contacts/7423331/record/0-3/22423927299
7326780456,ISB: Melanoma - tissue & blood,ISB,ASSIGN,,,,a won study with no MT number in its name — needs one looked up and typed in,,,,,,yes,https://app.hubspot.com/contacts/7423331/record/0-3/7326780456
6624617860,ITV: IO pilot - data,ITV,ASSIGN,,,,a won study with no MT number in its name — needs one looked up and typed in,,,,,,yes,https://app.hubspot.com/contacts/7423331/record/0-3/6624617860
7466080922,IVX: HCC - tissue & blood,IVX,ASSIGN,,,,a won study with no MT number in its name — needs one looked up and typed in,,,,,,yes,https://app.hubspot.com/contacts/7423331/record/0-3/7466080922
10022349139,KSQ: Temp tales for HNSCC & NSCLC study,KSQ,ASSIGN,,,,a won study with no MT number in its name — needs one looked up and typed in,,,,,,yes,https://app.hubspot.com/contacts/7423331/record/0-3/10022349139
1852982056,LLY: COVID - serum,LLY,ASSIGN,,,,a won study with no MT number in its name — needs one looked up and typed in,,,,,,yes,https://app.hubspot.com/contacts/7423331/record/0-3/1852982056
57506787141,MRK: CLE - blood & tissue,MRK,ASSIGN,,,,a won study with no MT number in its name — needs one looked up and typed in,,,,,,yes,https://app.hubspot.com/contacts/7423331/record/0-3/57506787141
2442798159,"MRK: CRC, CRC liver met,gast, panc, H&N, cerv, NSCLC, HCC, bladder - fresh tumor",MRK,ASSIGN,,,,a won study with no MT number in its name — needs one looked up and typed in,,,,,,yes,https://app.hubspot.com/contacts/7423331/record/0-3/2442798159
60786295123,MRK: Hidradenitis suppurativa - frozen tissue,MRK,ASSIGN,,,,a won study with no MT number in its name — needs one looked up and typed in,,,,,,yes,https://app.hubspot.com/contacts/7423331/record/0-3/60786295123
10265660555,MRK: Multi-cancer - tissue & blood,MRK,ASSIGN,,,,a won study with no MT number in its name — needs one looked up and typed in,,,,,,yes,https://app.hubspot.com/contacts/7423331/record/0-3/10265660555
8062277200,MRK: Prostate & breast cancer - fresh tumors,MRK,ASSIGN,,,,a won study with no MT number in its name — needs one looked up and typed in,,,,,,yes,https://app.hubspot.com/contacts/7423331/record/0-3/8062277200
2366020286,MRK: TNB cancer - FFPE,MRK,ASSIGN,,,,a won study with no MT number in its name — needs one looked up and typed in,,,,,,yes,https://app.hubspot.com/contacts/7423331/record/0-3/2366020286
11427667885,NGM: Multicancer - tissue,NGM,ASSIGN,,,,a won study with no MT number in its name — needs one looked up and typed in,,,,,,yes,https://app.hubspot.com/contacts/7423331/record/0-3/11427667885
2981418163,NGM: Panc - fresh tumor,NGM,ASSIGN,,,,a won study with no MT number in its name — needs one looked up and typed in,,,,,,yes,https://app.hubspot.com/contacts/7423331/record/0-3/2981418163
4378434981,"NGM: RCC, HNCC, CRC, lung, ovar - fresh tumor",NGM,ASSIGN,,,,a won study with no MT number in its name — needs one looked up and typed in,,,,,,yes,https://app.hubspot.com/contacts/7423331/record/0-3/4378434981
5863512944,"NVV: CRC, esophageal, gastric, melanoma, NSCLC, panc, RCC, TNBC - tumor & NAT (see note)",NVV,ASSIGN,,,,a won study with no MT number in its name — needs one looked up and typed in,,,,,,yes,https://app.hubspot.com/contacts/7423331/record/0-3/5863512944
2849332740,"RCH: CRC, breast, lung, mela, blad - FFPE",RCH,ASSIGN,,,,a won study with no MT number in its name — needs one looked up and typed in,,,,,,yes,https://app.hubspot.com/contacts/7423331/record/0-3/2849332740
8891893294,RCH: Sister blocks - FFPE,RCH,ASSIGN,,,,a won study with no MT number in its name — needs one looked up and typed in,,,,,,yes,https://app.hubspot.com/contacts/7423331/record/0-3/8891893294
6338296995,SAB: Large tumor - tissue & blood,SAB,ASSIGN,,,,a won study with no MT number in its name — needs one looked up and typed in,,,,,,yes,https://app.hubspot.com/contacts/7423331/record/0-3/6338296995
61209685267,TFS: Breast cancer - fresh tissue,TFS,ASSIGN,,,,a won study with no MT number in its name — needs one looked up and typed in,,,,,,yes,https://app.hubspot.com/contacts/7423331/record/0-3/61209685267
34632120650,"TFS: NSCLC - FFPE, PO #  CP-888632",TFS,ASSIGN,,,,a won study with no MT number in its name — needs one looked up and typed in,,,,,,yes,https://app.hubspot.com/contacts/7423331/record/0-3/34632120650
2658640955,"THB: Lung, gastric - fresh tumor",THB,ASSIGN,,,,a won study with no MT number in its name — needs one looked up and typed in,,,,,,yes,https://app.hubspot.com/contacts/7423331/record/0-3/2658640955
6938260900,TSC: CRC & RCC - tissue & blood,TSC,ASSIGN,,,,a won study with no MT number in its name — needs one looked up and typed in,,,,,,yes,https://app.hubspot.com/contacts/7423331/record/0-3/6938260900
7910405666,"WUX: NSCLC, melanoma, ovarian - tumor & blood (see note)",WUX,ASSIGN,,,,a won study with no MT number in its name — needs one looked up and typed in,,,,,,yes,https://app.hubspot.com/contacts/7423331/record/0-3/7910405666
9935626149,"XLX: CRC, HCC, RCC - tumor & blood",XLX,ASSIGN,,,,a won study with no MT number in its name — needs one looked up and typed in,,,,,,yes,https://app.hubspot.com/contacts/7423331/record/0-3/9935626149
6023315994,XPB: 10 cases - fresh tissue,XPB,ASSIGN,,,,a won study with no MT number in its name — needs one looked up and typed in,,,,,,yes,https://app.hubspot.com/contacts/7423331/record/0-3/6023315994
47814371684,10x: NSCLC - FFPE (MT0893-XG2502),,CHECK,MT0893-XG2502,,,"a known umbrella number, shared across sponsors on purpose",,MT0893,XG2502,yes,,,https://app.hubspot.com/contacts/7423331/record/0-3/47814371684
20199956544,"10G: NAT Small intestine, stomach, colon - FFPE MT8151",10G,CHECK,MT8151,,,the MT number is not inside parentheses,,MT8151,,,,,https://app.hubspot.com/contacts/7423331/record/0-3/20199956544
33422765686,10X: CRC fresh tissue pilot - FFPE and Fresh (MT9920),10X,CHECK,MT9920,,,"a known umbrella number, shared across sponsors on purpose",,MT9920,,,,,https://app.hubspot.com/contacts/7423331/record/0-3/33422765686
39285516191,10X: SCLC - FFPE (MT0893-XG2501),10X,CHECK,MT0893-XG2501,,,"a known umbrella number, shared across sponsors on purpose",,MT0893,XG2501,yes,,,https://app.hubspot.com/contacts/7423331/record/0-3/39285516191
7001817703,ABV: 19 samples of MT0310 banked plasma,ABV,CHECK,MT0310,,,the MT number is not inside parentheses,,MT0310,,,,,https://app.hubspot.com/contacts/7423331/record/0-3/7001817703
13810741010,"ABV: Bladder, breast, gastric, H&N, NSCLC, RCC - tissue (MT9920)",ABV,CHECK,MT9920,,,"a known umbrella number, shared across sponsors on purpose",,MT9920,,,,,https://app.hubspot.com/contacts/7423331/record/0-3/13810741010
8786061663,ABV: Breast - matched blood (MT9920),ABV,CHECK,MT9920,,,"a known umbrella number, shared across sponsors on purpose",,MT9920,,,,,https://app.hubspot.com/contacts/7423331/record/0-3/8786061663
8407621973,"ABV: CRC, NSCLC adeno & SCC, H&N, panc, gastric, RCC, urothelial - tumor, NAT, blood (MT9920)",ABV,CHECK,MT9920,,,"a known umbrella number, shared across sponsors on purpose",,MT9920,,,,,https://app.hubspot.com/contacts/7423331/record/0-3/8407621973
20329171991,ABV: H&N - fresh tissue and blood (MT9920),ABV,CHECK,MT9920,,,"a known umbrella number, shared across sponsors on purpose",,MT9920,,,,,https://app.hubspot.com/contacts/7423331/record/0-3/20329171991
28225946371,"ABV: Healthy same day (Irvine, CA) - whole blood (see note) MT0339",ABV,CHECK,MT0339,,,the MT number is not inside parentheses,,MT0339,,,,,https://app.hubspot.com/contacts/7423331/record/0-3/28225946371
17452721774,"ABV: Kidney, Ovarian, Endometrial, CRC - fresh tissue (MT9920)",ABV,CHECK,MT9920,,,"a known umbrella number, shared across sponsors on purpose",,MT9920,,,,,https://app.hubspot.com/contacts/7423331/record/0-3/17452721774
32731399332,ABV: Liver mets - tissue (MT9920 ext #1) (See Note),ABV,CHECK,MT9920,,,"a known umbrella number, shared across sponsors on purpose",,MT9920,,yes,1,,https://app.hubspot.com/contacts/7423331/record/0-3/32731399332
14412269138,ABV: liver mets - tissue (MT9920),ABV,CHECK,MT9920,,,"a known umbrella number, shared across sponsors on purpose",,MT9920,,,,,https://app.hubspot.com/contacts/7423331/record/0-3/14412269138
6946713686,ABV: Normal bladder (MT9920 - extension #1),ABV,CHECK,MT9920,,,"a known umbrella number, shared across sponsors on purpose",,MT9920,,yes,1,,https://app.hubspot.com/contacts/7423331/record/0-3/6946713686
17281920630,ABV: Normal bladder - tissue (MT9920 ext 2),ABV,CHECK,MT9920,,,"a known umbrella number, shared across sponsors on purpose",,MT9920,,yes,2,,https://app.hubspot.com/contacts/7423331/record/0-3/17281920630
3993460132,ABV: Normal bladder - tissue (MT9920),ABV,CHECK,MT9920,,,"a known umbrella number, shared across sponsors on purpose",,MT9920,,,,,https://app.hubspot.com/contacts/7423331/record/0-3/3993460132
5281190995,ABV: NSCLC & CRC - tumor & blood (MT9920),ABV,CHECK,MT9920,,,"a known umbrella number, shared across sponsors on purpose",,MT9920,,,,,https://app.hubspot.com/contacts/7423331/record/0-3/5281190995
39285524528,ABV: NSCLC - tissue and whole blood (MT9920),ABV,CHECK,MT9920,,,"a known umbrella number, shared across sponsors on purpose",,MT9920,,,,,https://app.hubspot.com/contacts/7423331/record/0-3/39285524528
13618454347,ABV: One case breast - tissue & blood (MT9920),ABV,CHECK,MT9920,,,"a known umbrella number, shared across sponsors on purpose",,MT9920,,,,,https://app.hubspot.com/contacts/7423331/record/0-3/13618454347
8560028231,ABV: Post therapy cancer - fresh tissue & blood (MT9920),ABV,CHECK,MT9920,,,"a known umbrella number, shared across sponsors on purpose",,MT9920,,,,,https://app.hubspot.com/contacts/7423331/record/0-3/8560028231
57865654628,ACB: Chronic rhinosinusitis nasal polyp - FFPE (MT0892-RC2601),ACB,CHECK,MT0892-RC2601,,,"a known umbrella number, shared across sponsors on purpose",,MT0892,RC2601,yes,,,https://app.hubspot.com/contacts/7423331/record/0-3/57865654628
61267493400,AGT: Breast cancer - FFPE (MT0893-AL2603),AGT,CHECK,MT0893-AL2603,,,"a known umbrella number, shared across sponsors on purpose",,MT0893,AL2603,yes,,,https://app.hubspot.com/contacts/7423331/record/0-3/61267493400
61024972095,AGT: Endometrial cancer - FFPE (MT0893-AL2606),AGT,CHECK,MT0893-AL2606,,,"a known umbrella number, shared across sponsors on purpose",,MT0893,AL2606,yes,,,https://app.hubspot.com/contacts/7423331/record/0-3/61024972095
61058952022,AGT: Ovarian cancer endometroid - FFPE (MT0893-AL2604),AGT,CHECK,MT0893-AL2604,,,"a known umbrella number, shared across sponsors on purpose",,MT0893,AL2604,yes,,,https://app.hubspot.com/contacts/7423331/record/0-3/61058952022
61058951249,AGT: Ovarian clear cell cancer - FFPE (MT0893-AL2605),AGT,CHECK,MT0893-AL2605,,,"a known umbrella number, shared across sponsors on purpose",,MT0893,AL2605,yes,,,https://app.hubspot.com/contacts/7423331/record/0-3/61058951249
58519365500,AGT: Stage IIIb+ non squamous NSCLC Grade 1 or 2 - FFPE (MT0893-AL2602),AGT,CHECK,MT0893-AL2602,,,"a known umbrella number, shared across sponsors on purpose",,MT0893,AL2602,yes,,,https://app.hubspot.com/contacts/7423331/record/0-3/58519365500
52994217059,AGT: stomach cancer - FFPE (MT0893-AL2601),AGT,CHECK,MT0893-AL2601,,,"a known umbrella number, shared across sponsors on purpose",,MT0893,AL2601,yes,,,https://app.hubspot.com/contacts/7423331/record/0-3/52994217059
8868301061,AMG: CRC - fresh tissue (MT9920),AMG,CHECK,MT9920,,,"a known umbrella number, shared across sponsors on purpose",,MT9920,,,,,https://app.hubspot.com/contacts/7423331/record/0-3/8868301061
33462307161,AMG: CRC - fresh tissue and whole blood MT7883 extension #1 (SEE NOTE),AMG,CHECK,MT7883,,,the MT number is not inside parentheses,,MT7883,,yes,1,,https://app.hubspot.com/contacts/7423331/record/0-3/33462307161
10200871700,AMG: CRC - tissue (MT9920),AMG,CHECK,MT9920,,,"a known umbrella number, shared across sponsors on purpose",,MT9920,,,,,https://app.hubspot.com/contacts/7423331/record/0-3/10200871700
17979947591,AMG: Gastric Stage IIIC-IV and GEJ Stage IV - FFPE MT7626,AMG,CHECK,MT7626,,,the MT number is not inside parentheses,,MT7626,,,,,https://app.hubspot.com/contacts/7423331/record/0-3/17979947591
33990686006,"AMG: Gastric, NSCLC, melanoma - fresh tissue and whole blood (MT9920)",AMG,CHECK,MT9920,,,"a known umbrella number, shared across sponsors on purpose",,MT9920,,,,,https://app.hubspot.com/contacts/7423331/record/0-3/33990686006
19524540555,AMG: HCC Stage II - IV - FFPE MT7750,AMG,CHECK,MT7750,,,the MT number is not inside parentheses,,MT7750,,,,,https://app.hubspot.com/contacts/7423331/record/0-3/19524540555
10690034199,AMG: Normal thyroid - tissue (MT9920 - extension #1),AMG,CHECK,MT9920,,,"a known umbrella number, shared across sponsors on purpose",,MT9920,,yes,1,,https://app.hubspot.com/contacts/7423331/record/0-3/10690034199
9899225910,AMG: Normal thyroid - tissue (MT9920),AMG,CHECK,MT9920,,,"a known umbrella number, shared across sponsors on purpose",,MT9920,,,,,https://app.hubspot.com/contacts/7423331/record/0-3/9899225910
6015925560,AMG: NSCLC & RCC - tissue & blood (MT9920),AMG,CHECK,MT9920,,,"a known umbrella number, shared across sponsors on purpose",,MT9920,,,,,https://app.hubspot.com/contacts/7423331/record/0-3/6015925560
36208468066,AMG: PDAC - fresh tissue and whole blood MT7883 extension #2,AMG,CHECK,MT7883,,,the MT number is not inside parentheses,,MT7883,,yes,2,,https://app.hubspot.com/contacts/7423331/record/0-3/36208468066
23033499721,AMG: PDAC Stage III-IV - FFPE MT7938,AMG,CHECK,MT7938,,,the MT number is not inside parentheses,,MT7938,,,,,https://app.hubspot.com/contacts/7423331/record/0-3/23033499721
18115626916,AMG: SCLC Stage III - IV - FFPE MT7660,AMG,CHECK,MT7660,,,the MT number is not inside parentheses,,MT7660,,,,,https://app.hubspot.com/contacts/7423331/record/0-3/18115626916
18034260515,AMG: Vitiligo -  skin punch biopsies and whole blood MT7621 (SEE NOTE),AMG,CHECK,MT7621,,,the MT number is not inside parentheses,,MT7621,,,,,https://app.hubspot.com/contacts/7423331/record/0-3/18034260515
14068928104,ANB: HCC - tissue (MT9920),ANB,CHECK,MT9920,,,"a known umbrella number, shared across sponsors on purpose",,MT9920,,,,,https://app.hubspot.com/contacts/7423331/record/0-3/14068928104
48939070210,"ATC: Breast, CRC, NSCLC - tumor, NAT, blood (MT9920 extension #3)",ATC,CHECK,MT9920,,,"a known umbrella number, shared across sponsors on purpose",,MT9920,,yes,3,,https://app.hubspot.com/contacts/7423331/record/0-3/48939070210
48943053703,"ATC: Breast, CRC, NSCLC - tumor, NAT, blood (MT9920 extension #4)",ATC,CHECK,MT9920,,,"a known umbrella number, shared across sponsors on purpose",,MT9920,,yes,4,,https://app.hubspot.com/contacts/7423331/record/0-3/48943053703
41104410625,AZA: Solid tumor pilot - tissue (MT9920),AZA,CHECK,MT9920,,,"a known umbrella number, shared across sponsors on purpose",,MT9920,,,,,https://app.hubspot.com/contacts/7423331/record/0-3/41104410625
49448217677,BBT: CRC - fresh tissue (MT9920),BBT,CHECK,MT9920,,,"a known umbrella number, shared across sponsors on purpose",,MT9920,,,,,https://app.hubspot.com/contacts/7423331/record/0-3/49448217677
10696285298,BBT: Solid tumors - tumor & blood (MT9920 - extension #1),BBT,CHECK,MT9920,,,"a known umbrella number, shared across sponsors on purpose",,MT9920,,yes,1,,https://app.hubspot.com/contacts/7423331/record/0-3/10696285298
5404649390,BBT: Solid tumors - tumor & blood (MT9920),BBT,CHECK,MT9920,,,"a known umbrella number, shared across sponsors on purpose",,MT9920,,,,,https://app.hubspot.com/contacts/7423331/record/0-3/5404649390
34036376187,BCY: Breast cancer - FFPE (MT0893-BC2501),BCY,CHECK,MT0893-BC2501,,,"a known umbrella number, shared across sponsors on purpose",,MT0893,BC2501,yes,,,https://app.hubspot.com/contacts/7423331/record/0-3/34036376187
44074647378,BCY: Paired Primary + Met Breast + NSCLC - FFPE  (MT0892-BC2502),BCY,CHECK,MT0892-BC2502,,,"a known umbrella number, shared across sponsors on purpose",,MT0892,BC2502,yes,,,https://app.hubspot.com/contacts/7423331/record/0-3/44074647378
9144357198,BMS: 5 cancer cases - blood (MT9920 extension #1),BMS,CHECK,MT9920,,,"a known umbrella number, shared across sponsors on purpose",,MT9920,,yes,1,,https://app.hubspot.com/contacts/7423331/record/0-3/9144357198
8737754427,BMS: 5 cancer cases - blood (MT9920),BMS,CHECK,MT9920,,,"a known umbrella number, shared across sponsors on purpose",,MT9920,,,,,https://app.hubspot.com/contacts/7423331/record/0-3/8737754427
3977147889,"BMS: Blanket CRC, brst, lung, gast, RCC, ovar, cerv, panc  - tissue & blood (MT9920)",BMS,CHECK,MT9920,,,"a known umbrella number, shared across sponsors on purpose",,MT9920,,,,,https://app.hubspot.com/contacts/7423331/record/0-3/3977147889
5286231618,BMS: Blanket Redwood City extension  - tissue & blood (MT9920),BMS,CHECK,MT9920,,,"a known umbrella number, shared across sponsors on purpose",,MT9920,,yes,,,https://app.hubspot.com/contacts/7423331/record/0-3/5286231618
6591909648,BMS: Blanket Redwood City extension #2 - tissue & blood (MT9920),BMS,CHECK,MT9920,,,"a known umbrella number, shared across sponsors on purpose",,MT9920,,yes,2,,https://app.hubspot.com/contacts/7423331/record/0-3/6591909648
10782135092,BMS: Blanket Redwood City extension #3 - tissue & blood (MT9920),BMS,CHECK,MT9920,,,"a known umbrella number, shared across sponsors on purpose",,MT9920,,yes,3,,https://app.hubspot.com/contacts/7423331/record/0-3/10782135092
12693223501,BMS: Blanket Redwood City extension #4 - tissue & blood (MT9920),BMS,CHECK,MT9920,,,"a known umbrella number, shared across sponsors on purpose",,MT9920,,yes,4,,https://app.hubspot.com/contacts/7423331/record/0-3/12693223501
12835260742,BMS: Cancer - blood (Redwood City) (MT9920),BMS,CHECK,MT9920,,,"a known umbrella number, shared across sponsors on purpose",,MT9920,,,,,https://app.hubspot.com/contacts/7423331/record/0-3/12835260742
16373107227,BMS: CRC & NSCLC - tissue (MT9920),BMS,CHECK,MT9920,,,"a known umbrella number, shared across sponsors on purpose",,MT9920,,,,,https://app.hubspot.com/contacts/7423331/record/0-3/16373107227
11731043595,BMS: Glioblastoma - fresh tissue (MT9920),BMS,CHECK,MT9920,,,"a known umbrella number, shared across sponsors on purpose",,MT9920,,,,,https://app.hubspot.com/contacts/7423331/record/0-3/11731043595
45489205372,"BMS: LUAD - FFPE, Plasma (MT9923-M2501)",BMS,CHECK,MT9923,,,"a known umbrella number, shared across sponsors on purpose",,MT9923,,,,,https://app.hubspot.com/contacts/7423331/record/0-3/45489205372
1985206867,BMS: Lung / HCC / mela / gas - fresh tumor & blood (MT9920),BMS,CHECK,MT9920,,,"a known umbrella number, shared across sponsors on purpose",,MT9920,,,,,https://app.hubspot.com/contacts/7423331/record/0-3/1985206867
2444306490,"BMS: Melanoma, NSCLC, H&N, RCC, and CRC - fresh CNB (MT9920)",BMS,CHECK,MT9920,,,"a known umbrella number, shared across sponsors on purpose",,MT9920,,,,,https://app.hubspot.com/contacts/7423331/record/0-3/2444306490
33269730865,BMS: MT0286-07 call back (SLE) - blood,BMS,CHECK,MT0286,,,the MT number is not inside parentheses,,MT0286,,yes,,,https://app.hubspot.com/contacts/7423331/record/0-3/33269730865
3578764893,"BMS: NSCLC, gast, RCC, ovar, panc - blood (MT9920)",BMS,CHECK,MT9920,,,"a known umbrella number, shared across sponsors on purpose",,MT9920,,,,,https://app.hubspot.com/contacts/7423331/record/0-3/3578764893
6811450006,BMS: Pan cancer Nov only - blood (MT9920),BMS,CHECK,MT9920,,,"a known umbrella number, shared across sponsors on purpose",,MT9920,,,,,https://app.hubspot.com/contacts/7423331/record/0-3/6811450006
5359998364,BMS: Prostate & panc - tissue (MT9920),BMS,CHECK,MT9920,,,"a known umbrella number, shared across sponsors on purpose",,MT9920,,,,,https://app.hubspot.com/contacts/7423331/record/0-3/5359998364
18575623256,"BMS: Various Cancers - tissue, NAT, blood MT9920 (Redwood City)",BMS,CHECK,MT9920,,,"the MT number is not inside parentheses; a known umbrella number, shared across sponsors on purpose",,MT9920,,,,,https://app.hubspot.com/contacts/7423331/record/0-3/18575623256
33352183188,"BNT: Breast, CRC, H&N, NSCLC, ovarian - tissue & blood (MT9920 extension #2)",BNT,CHECK,MT9920,,,"a known umbrella number, shared across sponsors on purpose",,MT9920,,yes,2,,https://app.hubspot.com/contacts/7423331/record/0-3/33352183188
13800925602,BNT: cancers - tissue and blood (MT9920 extension #1),BNT,CHECK,MT9920,,,"a known umbrella number, shared across sponsors on purpose",,MT9920,,yes,1,,https://app.hubspot.com/contacts/7423331/record/0-3/13800925602
11733080330,"BNT: CRC, lung, ovarian, H&N, breast cancer - tissue and blood (MT9920)",BNT,CHECK,MT9920,,,"a known umbrella number, shared across sponsors on purpose",,MT9920,,,,,https://app.hubspot.com/contacts/7423331/record/0-3/11733080330
17010102159,"BNT: NSCLC, CRC - frozen tissue (MT9920)",BNT,CHECK,MT9920,,,"a known umbrella number, shared across sponsors on purpose",,MT9920,,,,,https://app.hubspot.com/contacts/7423331/record/0-3/17010102159
17754066334,"BNT: Post IO breast, CRC, H&N, NSCLC, ovarian - tissue (MT9920)",BNT,CHECK,MT9920,,,"a known umbrella number, shared across sponsors on purpose",,MT9920,,,,,https://app.hubspot.com/contacts/7423331/record/0-3/17754066334
18982353716,CAF: Healthy N=30 - plasma and urine MT2865,CAF,CHECK,MT2865,,,the MT number is not inside parentheses,,MT2865,,,,,https://app.hubspot.com/contacts/7423331/record/0-3/18982353716
18979101835,CAF: Healthy N=5 - plasma and urine MT2861,CAF,CHECK,MT2861,,,the MT number is not inside parentheses,,MT2861,,,,,https://app.hubspot.com/contacts/7423331/record/0-3/18979101835
14012358217,"CGT: Ampullary, cholangio, GIST, panc - tissue (MT9920)",CGT,CHECK,MT9920,,,"a known umbrella number, shared across sponsors on purpose",,MT9920,,,,,https://app.hubspot.com/contacts/7423331/record/0-3/14012358217
13512855163,CNH: MT0291 archival - plasma,CNH,CHECK,MT0291,,,the MT number is not inside parentheses,,MT0291,,,,,https://app.hubspot.com/contacts/7423331/record/0-3/13512855163
13512854946,CNH: MT1410 IO follow ups - blood,CNH,CHECK,MT1410,,,the MT number is not inside parentheses,,MT1410,,,,,https://app.hubspot.com/contacts/7423331/record/0-3/13512854946
37548375164,"CPR: CRC, PDAC, Lung, post- IO pilot- fresh tumor (MT9920)",CPR,CHECK,MT9920,,,"a known umbrella number, shared across sponsors on purpose",,MT9920,,,,,https://app.hubspot.com/contacts/7423331/record/0-3/37548375164
15316623262,"CTR: CRC, H&N, NSCLC - tissue, blood (MT9920)",CTR,CHECK,MT9920,,,"a known umbrella number, shared across sponsors on purpose",,MT9920,,,,,https://app.hubspot.com/contacts/7423331/record/0-3/15316623262
58331908230,"ELS: CRC, NSCLC, Melanoma - Fresh Tissue (MT9920)",ELS,CHECK,MT9920,,,"a known umbrella number, shared across sponsors on purpose",,MT9920,,,,,https://app.hubspot.com/contacts/7423331/record/0-3/58331908230
63436403717,ELS: Endometrial Cancer - Fresh Tissue (MT9920),ELS,CHECK,MT9920,,,"a known umbrella number, shared across sponsors on purpose",,MT9920,,,,,https://app.hubspot.com/contacts/7423331/record/0-3/63436403717
63767582796,ELS: NSCLC - Fresh Tissue (MT9920),ELS,CHECK,MT9920,,,"a known umbrella number, shared across sponsors on purpose",,MT9920,,,,,https://app.hubspot.com/contacts/7423331/record/0-3/63767582796
63836722327,EMC: PDAC - Fresh Tissue (MT9920),EMC,CHECK,MT9920,,,"a known umbrella number, shared across sponsors on purpose",,MT9920,,,,,https://app.hubspot.com/contacts/7423331/record/0-3/63836722327
59915186231,EMC: TNBC - Fresh Tissue (MT9920),EMC,CHECK,MT9920,,,"a known umbrella number, shared across sponsors on purpose",,MT9920,,,,,https://app.hubspot.com/contacts/7423331/record/0-3/59915186231
37561640364,EQB: CRC - fresh tissue extension #1 (MT9920),EQB,CHECK,MT9920,,,"a known umbrella number, shared across sponsors on purpose",,MT9920,,yes,1,,https://app.hubspot.com/contacts/7423331/record/0-3/37561640364
32086676041,"EQB: Prostate, breast, lung, ovarian - fresh tissue pilot (MT9920)",EQB,CHECK,MT9920,,,"a known umbrella number, shared across sponsors on purpose",,MT9920,,,,,https://app.hubspot.com/contacts/7423331/record/0-3/32086676041
21989819296,"EXS: Bile duct, H&N, melanoma - FFPE, plasma, buffy (MT9923-EX2402)",EXS,CHECK,MT9923-EX2402,,,"a known umbrella number, shared across sponsors on purpose",,MT9923,EX2402,yes,,,https://app.hubspot.com/contacts/7423331/record/0-3/21989819296
20354775376,"EXS: Bladder, esophageal, gastric, GEJ, H&N, NSCLC, melanoma - FFPE, plasma, buffy (MT9923-EX2401)",EXS,CHECK,MT9923-EX2401,,,"a known umbrella number, shared across sponsors on purpose",,MT9923,EX2401,yes,,,https://app.hubspot.com/contacts/7423331/record/0-3/20354775376
41514263367,"EXS: HER2+ Breast - Matching FFPE, Buffy (MT9923-EX2503)",EXS,CHECK,MT9923-EX2503,,,"a known umbrella number, shared across sponsors on purpose",,MT9923,EX2503,yes,,,https://app.hubspot.com/contacts/7423331/record/0-3/41514263367
61111802202,"EXS: Multi-indication cancer - FFPE, Plasma, Buffy Coat + Unmatched Plasma (MT9923-EX2602 + MT9923-EX2603)",EXS,CHECK,MT9923-EX2602,,,"a known umbrella number, shared across sponsors on purpose",,MT9923,EX2602,yes,,,https://app.hubspot.com/contacts/7423331/record/0-3/61111802202
61035366574,EXS: Multi-indication cancer - plasma only (MT9923-EX2603),EXS,CHECK,MT9923-EX2603,,,"a known umbrella number, shared across sponsors on purpose",,MT9923,EX2603,yes,,,https://app.hubspot.com/contacts/7423331/record/0-3/61035366574
60714061381,"EXS: Retrospective Matched CRC (FFPE tumor, Plasma, Buffy) (MT9923-EX2601 Extension #1)",EXS,CHECK,MT9923-EX2601,,,"a known umbrella number, shared across sponsors on purpose",,MT9923,EX2601,yes,1,,https://app.hubspot.com/contacts/7423331/record/0-3/60714061381
56831844154,"EXS: Retrospective Matched CRC (FFPE tumor, Plasma, Buffy) (MT9923-EX2601)",EXS,CHECK,MT9923-EX2601,,,"a known umbrella number, shared across sponsors on purpose",,MT9923,EX2601,yes,,,https://app.hubspot.com/contacts/7423331/record/0-3/56831844154
31205099959,"EXS: Stage III-IV bladder, melanoma - plasma (MT9923-EX2501)",EXS,CHECK,MT9923-EX2501,,,"a known umbrella number, shared across sponsors on purpose",,MT9923,EX2501,yes,,,https://app.hubspot.com/contacts/7423331/record/0-3/31205099959
32371656748,"EXS: Various cancers - FFPE, plasma, buffy coat (MT9923-EX2502)",EXS,CHECK,MT9923-EX2502,,,"a known umbrella number, shared across sponsors on purpose",,MT9923,EX2502,yes,,,https://app.hubspot.com/contacts/7423331/record/0-3/32371656748
49647426946,GHI: CRC and bladder - FFPE (MT0893-GR2503),GHI,CHECK,MT0893-GR2503,,,"a known umbrella number, shared across sponsors on purpose",,MT0893,GR2503,yes,,,https://app.hubspot.com/contacts/7423331/record/0-3/49647426946
23224767616,GHI: CRC and ovarian - streck plasma and EDTA plasma (MT9923-GR2402),GHI,CHECK,MT9923-GR2402,,,"a known umbrella number, shared across sponsors on purpose",,MT9923,GR2402,yes,,,https://app.hubspot.com/contacts/7423331/record/0-3/23224767616
23123727683,GHI: Healthy subjects - whole blood (80 mls) MT1837,GHI,CHECK,MT1837,,,the MT number is not inside parentheses,,MT1837,,,,,https://app.hubspot.com/contacts/7423331/record/0-3/23123727683
18579170145,"GHI: NSCLC - FFPE, plasma, buffy coat (MT9923-GR2401)",GHI,CHECK,MT9923-GR2401,,,"a known umbrella number, shared across sponsors on purpose",,MT9923,GR2401,yes,,,https://app.hubspot.com/contacts/7423331/record/0-3/18579170145
51458582917,"GHI: NSCLC - FFPE, plasma, buffy coat (MT9923-GR2502)",GHI,CHECK,MT9923-GR2502,,,"a known umbrella number, shared across sponsors on purpose",,MT9923,GR2502,yes,,,https://app.hubspot.com/contacts/7423331/record/0-3/51458582917
48791335843,"GHI: Various cancer - FFPE, plasma, buffy coat (MT9923-GR2501)",GHI,CHECK,MT9923-GR2501,,,"a known umbrella number, shared across sponsors on purpose",,MT9923,GR2501,yes,,,https://app.hubspot.com/contacts/7423331/record/0-3/48791335843
45748745320,GHI: Various cancer - FFPE- MT0893-GR2501,GHI,CHECK,MT0893-GR2501,,,"the MT number is not inside parentheses; a known umbrella number, shared across sponsors on purpose",,MT0893,GR2501,yes,,,https://app.hubspot.com/contacts/7423331/record/0-3/45748745320
4170631438,GIL: HNSCC & NSCLC - tumor (MT9920),GIL,CHECK,MT9920,,,"a known umbrella number, shared across sponsors on purpose",,MT9920,,,,,https://app.hubspot.com/contacts/7423331/record/0-3/4170631438
8725555979,GIL: Lymph nodes - fresh tissue (MT9920),GIL,CHECK,MT9920,,,"a known umbrella number, shared across sponsors on purpose",,MT9920,,,,,https://app.hubspot.com/contacts/7423331/record/0-3/8725555979
4479843971,"GIL: NSCLC, HNSCC, & CRC - tissue (MT9920)",GIL,CHECK,MT9920,,,"a known umbrella number, shared across sponsors on purpose",,MT9920,,,,,https://app.hubspot.com/contacts/7423331/record/0-3/4479843971
33843674025,GIL: SCLC - FFPE (MT9923-GL2501),GIL,CHECK,MT9923-GL2501,,,"a known umbrella number, shared across sponsors on purpose",,MT9923,GL2501,yes,,,https://app.hubspot.com/contacts/7423331/record/0-3/33843674025
4054783252,GIL: Solid tumor - blood (MT9920),GIL,CHECK,MT9920,,,"a known umbrella number, shared across sponsors on purpose",,MT9920,,,,,https://app.hubspot.com/contacts/7423331/record/0-3/4054783252
6612012296,"GNT: Head & neck  cancer - tumor, NAT & blood (MT9920)",GNT,CHECK,MT9920,,,"a known umbrella number, shared across sponsors on purpose",,MT9920,,,,,https://app.hubspot.com/contacts/7423331/record/0-3/6612012296
60236786180,GNT: NSCLC and CRC (primary or met) - fresh tissue (MT9920),GNT,CHECK,MT9920,,,"a known umbrella number, shared across sponsors on purpose",,MT9920,,,,,https://app.hubspot.com/contacts/7423331/record/0-3/60236786180
7858530111,"GNT: RCC, Bladder, Breast, TNBC, H&N, NSCLC - fresh tissue & blood (MT9920)",GNT,CHECK,MT9920,,,"a known umbrella number, shared across sponsors on purpose",,MT9920,,,,,https://app.hubspot.com/contacts/7423331/record/0-3/7858530111
17635382859,GNT: Various Cancers - fresh tissue and matched whole blood (MT9920),GNT,CHECK,MT9920,,,"a known umbrella number, shared across sponsors on purpose",,MT9920,,,,,https://app.hubspot.com/contacts/7423331/record/0-3/17635382859
4075364856,"HBM: Bladder, brain, cervical, CRC, gastric, lung, ovarian, RCC - fresh tumor (MT9920)",HBM,CHECK,MT9920,,,"a known umbrella number, shared across sponsors on purpose",,MT9920,,,,,https://app.hubspot.com/contacts/7423331/record/0-3/4075364856
8314568833,"HBM: Bladder, brain, cervical, CRC, gastric, lung, ovarian, RCC - fresh tumor + blood (MT9920 extension #1)",HBM,CHECK,MT9920,,,"a known umbrella number, shared across sponsors on purpose",,MT9920,,yes,1,,https://app.hubspot.com/contacts/7423331/record/0-3/8314568833
46599446784,IOV: Fresh tumors (MT9920 extension #6),IOV,CHECK,MT9920,,,"a known umbrella number, shared across sponsors on purpose",,MT9920,,yes,6,,https://app.hubspot.com/contacts/7423331/record/0-3/46599446784
7247555621,"IVX: Endometrial, HCC, cervical/HGS ovarian - tissue & blood (MT9920)",IVX,CHECK,MT9920,,,"a known umbrella number, shared across sponsors on purpose",,MT9920,,,,,https://app.hubspot.com/contacts/7423331/record/0-3/7247555621
4023733286,"IVX: GBM,  HCC, panc, ovar, H&N - tissue + blood (MT9920)",IVX,CHECK,MT9920,,,"a known umbrella number, shared across sponsors on purpose",,MT9920,,,,,https://app.hubspot.com/contacts/7423331/record/0-3/4023733286
17245903875,JNJ: Healthy same day - whole blood MT0828,JNJ,CHECK,MT0828,,,the MT number is not inside parentheses,,MT0828,,,,,https://app.hubspot.com/contacts/7423331/record/0-3/17245903875
58332098215,JNJ: Normal colonic resections - tissue (MT9920),JNJ,CHECK,MT9920,,,"a known umbrella number, shared across sponsors on purpose",,MT9920,,,,,https://app.hubspot.com/contacts/7423331/record/0-3/58332098215
42953922440,JNJ: Prostate cancer - tissue (J Branch extension #1) (MT9920 extension #1),JNJ,CHECK,MT9920,,,"a known umbrella number, shared across sponsors on purpose",,MT9920,,yes,1,,https://app.hubspot.com/contacts/7423331/record/0-3/42953922440
51514805380,JNJ: Prostate cancer - tissue (MT9920 extension #2),JNJ,CHECK,MT9920,,,"a known umbrella number, shared across sponsors on purpose",,MT9920,,yes,2,,https://app.hubspot.com/contacts/7423331/record/0-3/51514805380
38691803303,JNJ: Prostate cancer - tissue (MT9920),JNJ,CHECK,MT9920,,,"a known umbrella number, shared across sponsors on purpose",,MT9920,,,,,https://app.hubspot.com/contacts/7423331/record/0-3/38691803303
22645689713,JNJ: Prostate cancer - tissue (MT9920),JNJ,CHECK,MT9920,,,"a known umbrella number, shared across sponsors on purpose",,MT9920,,,,,https://app.hubspot.com/contacts/7423331/record/0-3/22645689713
54352103576,JNJ: Prostate cancer - tissue for C. Freedman (MT9920 extension #1) ,JNJ,CHECK,MT9920,,,"a known umbrella number, shared across sponsors on purpose",,MT9920,,yes,1,,https://app.hubspot.com/contacts/7423331/record/0-3/54352103576
9254256151,KSQ: HNSCC & NSCLC - tissue & blood (MT9920),KSQ,CHECK,MT9920,,,"a known umbrella number, shared across sponsors on purpose",,MT9920,,,,,https://app.hubspot.com/contacts/7423331/record/0-3/9254256151
5908895158,KSQ: Melanoma mets - full tumors (MT9920),KSQ,CHECK,MT9920,,,"a known umbrella number, shared across sponsors on purpose",,MT9920,,,,,https://app.hubspot.com/contacts/7423331/record/0-3/5908895158
10268011787,KSQ: Melanoma mets - tissue & blood (MT9920) extension #1,KSQ,CHECK,MT9920,,,"a known umbrella number, shared across sponsors on purpose",,MT9920,,yes,1,,https://app.hubspot.com/contacts/7423331/record/0-3/10268011787
17053943627,"KSQ: multi cancer - tissue, blood (MT9920)",KSQ,CHECK,MT9920,,,"a known umbrella number, shared across sponsors on purpose",,MT9920,,,,,https://app.hubspot.com/contacts/7423331/record/0-3/17053943627
2227931875,"KTE: NSCLC, H&N, bladder, cervical - tumor & blood (MT9920)",KTE,CHECK,MT9920,,,"a known umbrella number, shared across sponsors on purpose",,MT9920,,,,,https://app.hubspot.com/contacts/7423331/record/0-3/2227931875
55688231835,LLY: NSCLC - FFPE (MT0893-EL2601),LLY,CHECK,MT0893-EL2601,,,"a known umbrella number, shared across sponsors on purpose",,MT0893,EL2601,yes,,,https://app.hubspot.com/contacts/7423331/record/0-3/55688231835
40279359662,MCY: NSCLC - matched plasma (MT9923-MB2501),MCY,CHECK,MT9923-MB2501,,,"a known umbrella number, shared across sponsors on purpose",,MT9923,MB2501,yes,,,https://app.hubspot.com/contacts/7423331/record/0-3/40279359662
56889310818,MDR: IBD-FFPE (MT9925-MR2601),MDR,CHECK,MT9925-MR2601,,,"a known umbrella number, shared across sponsors on purpose",,MT9925,MR2601,yes,,,https://app.hubspot.com/contacts/7423331/record/0-3/56889310818
8611293513,MRK: 3x500mg NSCLC - fresh tissue (MT9920),MRK,CHECK,MT9920,,,"a known umbrella number, shared across sponsors on purpose",,MT9920,,,,,https://app.hubspot.com/contacts/7423331/record/0-3/8611293513
23031714396,MRK: Benign prostatic hyperplasia - tissue MT9920,MRK,CHECK,MT9920,,,"the MT number is not inside parentheses; a known umbrella number, shared across sponsors on purpose",,MT9920,,,,,https://app.hubspot.com/contacts/7423331/record/0-3/23031714396
3434111397,MRK: Breast cancer - tumor cores (MT9920),MRK,CHECK,MT9920,,,"a known umbrella number, shared across sponsors on purpose",,MT9920,,,,,https://app.hubspot.com/contacts/7423331/record/0-3/3434111397
2767253033,"MRK: CRC, RCC, lung - large tumor (MT9920)",MRK,CHECK,MT9920,,,"a known umbrella number, shared across sponsors on purpose",,MT9920,,,,,https://app.hubspot.com/contacts/7423331/record/0-3/2767253033
20711857975,MRK: Crohn's disease and ulcerative colitis - tissue biopsies MT0438,MRK,CHECK,MT0438,,,the MT number is not inside parentheses,,MT0438,,,,,https://app.hubspot.com/contacts/7423331/record/0-3/20711857975
6849918636,MRK: Fresh cancer tumor - tissue (MT9920),MRK,CHECK,MT9920,,,"a known umbrella number, shared across sponsors on purpose",,MT9920,,,,,https://app.hubspot.com/contacts/7423331/record/0-3/6849918636
23033480315,MRK: IBD biopsies - fresh pinch biopsies MT0433,MRK,CHECK,MT0433,,,the MT number is not inside parentheses,,MT0433,,,,,https://app.hubspot.com/contacts/7423331/record/0-3/23033480315
7658804651,MRK: Large panc - tissue (MT9920),MRK,CHECK,MT9920,,,"a known umbrella number, shared across sponsors on purpose",,MT9920,,,,,https://app.hubspot.com/contacts/7423331/record/0-3/7658804651
3355708217,MRK: Melanoma - tumor (MT9920),MRK,CHECK,MT9920,,,"a known umbrella number, shared across sponsors on purpose",,MT9920,,,,,https://app.hubspot.com/contacts/7423331/record/0-3/3355708217
10998404913,MRK: Multi-cancer - tissue (MT9920 extension #1),MRK,CHECK,MT9920,,,"a known umbrella number, shared across sponsors on purpose",,MT9920,,yes,1,,https://app.hubspot.com/contacts/7423331/record/0-3/10998404913
13379084947,MRK: Multi-cancer - tissue (MT9920 extension #2),MRK,CHECK,MT9920,,,"a known umbrella number, shared across sponsors on purpose",,MT9920,,yes,2,,https://app.hubspot.com/contacts/7423331/record/0-3/13379084947
15546492327,MRK: Multi-cancer - tissue (MT9920 extension #3),MRK,CHECK,MT9920,,,"a known umbrella number, shared across sponsors on purpose",,MT9920,,yes,3,,https://app.hubspot.com/contacts/7423331/record/0-3/15546492327
43264132686,MRK: Multi-cancer- tissue (MT9920 extension #5),MRK,CHECK,MT9920,,,"a known umbrella number, shared across sponsors on purpose",,MT9920,,yes,5,,https://app.hubspot.com/contacts/7423331/record/0-3/43264132686
38950444394,MRK: normal colon - fresh tissue (MT9920 extension #2),MRK,CHECK,MT9920,,,"a known umbrella number, shared across sponsors on purpose",,MT9920,,yes,2,,https://app.hubspot.com/contacts/7423331/record/0-3/38950444394
42558576425,MRK: normal colon - fresh tissue (MT9920 extension #3),MRK,CHECK,MT9920,,,"a known umbrella number, shared across sponsors on purpose",,MT9920,,yes,3,,https://app.hubspot.com/contacts/7423331/record/0-3/42558576425
19094260067,MRK: normal colon - fresh tissue MT9920,MRK,CHECK,MT9920,,,"the MT number is not inside parentheses; a known umbrella number, shared across sponsors on purpose",,MT9920,,,,,https://app.hubspot.com/contacts/7423331/record/0-3/19094260067
20838283386,MRK: normal colon - fresh tissue MT9920 extension #1,MRK,CHECK,MT9920,,,"the MT number is not inside parentheses; a known umbrella number, shared across sponsors on purpose",,MT9920,,yes,1,,https://app.hubspot.com/contacts/7423331/record/0-3/20838283386
59171625871,MRK: Normal colon or terminal ileum resection - tissue  (MT9920 extension #1),MRK,CHECK,MT9920,,,"a known umbrella number, shared across sponsors on purpose",,MT9920,,yes,1,,https://app.hubspot.com/contacts/7423331/record/0-3/59171625871
56574888047,MRK: Normal colon resection - tissue (MT9920),MRK,CHECK,MT9920,,,"a known umbrella number, shared across sponsors on purpose",,MT9920,,,,,https://app.hubspot.com/contacts/7423331/record/0-3/56574888047
3349810437,MRK: Normal spleen - tissue (MT9920),MRK,CHECK,MT9920,,,"a known umbrella number, shared across sponsors on purpose",,MT9920,,,,,https://app.hubspot.com/contacts/7423331/record/0-3/3349810437
15546933593,MRK: NSCLC - fresh blood (MT9920),MRK,CHECK,MT9920,,,"a known umbrella number, shared across sponsors on purpose",,MT9920,,,,,https://app.hubspot.com/contacts/7423331/record/0-3/15546933593
5257373702,"MRK: RCC, CRC, lung - large tumor extension (MT9920)",MRK,CHECK,MT9920,,,"a known umbrella number, shared across sponsors on purpose",,MT9920,,yes,,,https://app.hubspot.com/contacts/7423331/record/0-3/5257373702
37316208161,MRK: Solid tumors - tissue (MT9920 extension #4),MRK,CHECK,MT9920,,,"a known umbrella number, shared across sponsors on purpose",,MT9920,,yes,4,,https://app.hubspot.com/contacts/7423331/record/0-3/37316208161
56549271056,MRK: Solid tumors - tissue (MT9920 extension #5),MRK,CHECK,MT9920,,,"a known umbrella number, shared across sponsors on purpose",,MT9920,,yes,5,,https://app.hubspot.com/contacts/7423331/record/0-3/56549271056
63027379480,MRK: Solid tumors - tissue (MT9920 extension #6),MRK,CHECK,MT9920,,,"a known umbrella number, shared across sponsors on purpose",,MT9920,,yes,6,,https://app.hubspot.com/contacts/7423331/record/0-3/63027379480
17506833723,MRK: Ulcerative Colitis and Crohn's Disease - colonic biopsy MT0426 (Extension #1),MRK,CHECK,MT0426,,,the MT number is not inside parentheses,,MT0426,,yes,1,,https://app.hubspot.com/contacts/7423331/record/0-3/17506833723
20307935883,MRK: Ulcerative Colitis and Crohn's Disease- colonic biopsy MT0426 (Extension #2),MRK,CHECK,MT0426,,,the MT number is not inside parentheses,,MT0426,,yes,2,,https://app.hubspot.com/contacts/7423331/record/0-3/20307935883
5343601802,MRK: Various cancer - tissue extension (MT9920),MRK,CHECK,MT9920,,,"a known umbrella number, shared across sponsors on purpose",,MT9920,,yes,,,https://app.hubspot.com/contacts/7423331/record/0-3/5343601802
3550254800,MRK: Various cancers - tissue (MT9920),MRK,CHECK,MT9920,,,"a known umbrella number, shared across sponsors on purpose",,MT9920,,,,,https://app.hubspot.com/contacts/7423331/record/0-3/3550254800
5055338390,"NGM: NSCLC, ovarian, PDAC, RCC, TNBC - tumor & blood (MT9920)",NGM,CHECK,MT9920,,,"a known umbrella number, shared across sponsors on purpose",,MT9920,,,,,https://app.hubspot.com/contacts/7423331/record/0-3/5055338390
5785782701,"NGM: RCC, HNCC, CRC, lung, ovar extension #1 - fresh tumor (MT9920)",NGM,CHECK,MT9920,,,"a known umbrella number, shared across sponsors on purpose",,MT9920,,yes,1,,https://app.hubspot.com/contacts/7423331/record/0-3/5785782701
5729843222,NRX: Cancer for Pittsburgh - tumor & blood (MT9920),NRX,CHECK,MT9920,,,"a known umbrella number, shared across sponsors on purpose",,MT9920,,,,,https://app.hubspot.com/contacts/7423331/record/0-3/5729843222
36629598624,NVT: HR+ breast & NSCLC pilot - tissue (MT9920),NVT,CHECK,MT9920,,,"a known umbrella number, shared across sponsors on purpose",,MT9920,,,,,https://app.hubspot.com/contacts/7423331/record/0-3/36629598624
21098036525,"NVV: Bladder, CRC, esophageal, melanoma, NSCLC - tumor, blood, lymph nodes (MT9920) extension #1",NVV,CHECK,MT9920,,,"a known umbrella number, shared across sponsors on purpose",,MT9920,,yes,1,,https://app.hubspot.com/contacts/7423331/record/0-3/21098036525
16977098518,"NVV: Bladder, CRC, esophageal, melanoma, NSCLC, RCC - tumor, blood, lymph nodes (MT9920)",NVV,CHECK,MT9920,,,"a known umbrella number, shared across sponsors on purpose",,MT9920,,,,,https://app.hubspot.com/contacts/7423331/record/0-3/16977098518
12783694705,NVV: Glioblastoma - tissue (MT9920),NVV,CHECK,MT9920,,,"a known umbrella number, shared across sponsors on purpose",,MT9920,,,,,https://app.hubspot.com/contacts/7423331/record/0-3/12783694705
8659422088,OBN: Melanoma and H&N - tissue & blood (MT9920),OBN,CHECK,MT9920,,,"a known umbrella number, shared across sponsors on purpose",,MT9920,,,,,https://app.hubspot.com/contacts/7423331/record/0-3/8659422088
9895565475,OBN: Melanoma and H&N - tissue & blood extension #1 (MT9920),OBN,CHECK,MT9920,,,"a known umbrella number, shared across sponsors on purpose",,MT9920,,yes,1,,https://app.hubspot.com/contacts/7423331/record/0-3/9895565475
11596272453,OBN: Melanoma and H&N - tissue & blood extension #2 (MT9920),OBN,CHECK,MT9920,,,"a known umbrella number, shared across sponsors on purpose",,MT9920,,yes,2,,https://app.hubspot.com/contacts/7423331/record/0-3/11596272453
16980926350,"OBN: Melanoma, NSCLC, other cancers - tissue (MT9920)",OBN,CHECK,MT9920,,,"a known umbrella number, shared across sponsors on purpose",,MT9920,,,,,https://app.hubspot.com/contacts/7423331/record/0-3/16980926350
35468576286,"OBN: Multi cancer - tissue, blood (MT9920 extension #1)",OBN,CHECK,MT9920,,,"a known umbrella number, shared across sponsors on purpose",,MT9920,,yes,1,,https://app.hubspot.com/contacts/7423331/record/0-3/35468576286
52077152409,"OBN: Multi cancer - tissue, blood (MT9920 extension #2)",OBN,CHECK,MT9920,,,"a known umbrella number, shared across sponsors on purpose",,MT9920,,yes,2,,https://app.hubspot.com/contacts/7423331/record/0-3/52077152409
3989277172,"PFM: Breast, CRC, RCC, melanoma, ovarian - cores & tumor (MT9920)",PFM,CHECK,MT9920,,,"a known umbrella number, shared across sponsors on purpose",,MT9920,,,,,https://app.hubspot.com/contacts/7423331/record/0-3/3989277172
21176852332,PHT: CRC - fresh tissue (MT9920 extension #1),PHT,CHECK,MT9920,,,"a known umbrella number, shared across sponsors on purpose",,MT9920,,yes,1,,https://app.hubspot.com/contacts/7423331/record/0-3/21176852332
60785614873,PHT: CRC - fresh tissue (MT9920 extension #2),PHT,CHECK,MT9920,,,"a known umbrella number, shared across sponsors on purpose",,MT9920,,yes,2,,https://app.hubspot.com/contacts/7423331/record/0-3/60785614873
34210019598,PHT: CRC - fresh tissue (MT9920),PHT,CHECK,MT9920,,,"a known umbrella number, shared across sponsors on purpose",,MT9920,,,,,https://app.hubspot.com/contacts/7423331/record/0-3/34210019598
19228795213,"PHT: CRC, TNBC/HER2+, ovarian - fresh tissue MT9920",PHT,CHECK,MT9920,,,"the MT number is not inside parentheses; a known umbrella number, shared across sponsors on purpose",,MT9920,,,,,https://app.hubspot.com/contacts/7423331/record/0-3/19228795213
18737738618,"PRB: RCC - tissue, blood (MT9920)",PRB,CHECK,MT9920,,,"a known umbrella number, shared across sponsors on purpose",,MT9920,,,,,https://app.hubspot.com/contacts/7423331/record/0-3/18737738618
5257933171,"PRS: CRC, RCC, lung DTC extraction project - cores (MT9920)",PRS,CHECK,MT9920,,,"a known umbrella number, shared across sponsors on purpose",,MT9920,,,,,https://app.hubspot.com/contacts/7423331/record/0-3/5257933171
6876149831,"PRS: RCC, CRC, lung - tissue cores (Phase 2) (MT9920 extension)",PRS,CHECK,MT9920,,,"a known umbrella number, shared across sponsors on purpose",,MT9920,,yes,,,https://app.hubspot.com/contacts/7423331/record/0-3/6876149831
4012363419,"PRS: RCC, CRC, lung - tissue cores (Phase 2) (MT9920)",PRS,CHECK,MT9920,,,"a known umbrella number, shared across sponsors on purpose",,MT9920,,,,,https://app.hubspot.com/contacts/7423331/record/0-3/4012363419
41705591837,"PSM: Prostate Cancer - FFPE, Plasma (MT9923-PS2501)",PSM,CHECK,MT9923-PS2501,,,"a known umbrella number, shared across sponsors on purpose",,MT9923,PS2501,yes,,,https://app.hubspot.com/contacts/7423331/record/0-3/41705591837
10268244883,"Q2S: Breast, CRC, H&N, NSCLC, melanoma, RCC - tumor & NAT (MT9920)",Q2S,CHECK,MT9920,,,"a known umbrella number, shared across sponsors on purpose",,MT9920,,,,,https://app.hubspot.com/contacts/7423331/record/0-3/10268244883
18654246248,"Q2S: Endometrial, H&N, NSCLC, RCC - tissue (MT9920)",Q2S,CHECK,MT9920,,,"a known umbrella number, shared across sponsors on purpose",,MT9920,,,,,https://app.hubspot.com/contacts/7423331/record/0-3/18654246248
15452747027,Q2S: Normal resection (whipple)- tissue (MT9920),Q2S,CHECK,MT9920,,,"a known umbrella number, shared across sponsors on purpose",,MT9920,,,,,https://app.hubspot.com/contacts/7423331/record/0-3/15452747027
2462168252,RCH: COVID - swabs - MT0853,RCH,CHECK,MT0853,,,the MT number is not inside parentheses,,MT0853,,,,,https://app.hubspot.com/contacts/7423331/record/0-3/2462168252
59502924288,RGN: Atopic Dermatitis - FFPE (MT0893-RE2601),RGN,CHECK,MT0893-RE2601,,,"a known umbrella number, shared across sponsors on purpose",,MT0893,RE2601,yes,,,https://app.hubspot.com/contacts/7423331/record/0-3/59502924288
46599440412,RGN: HBV or HDV liver tissue - frozen tissue or FFPE + plasma/serum (MT0893-RE2501),RGN,CHECK,MT0893-RE2501,,,"a known umbrella number, shared across sponsors on purpose",,MT0893,RE2501,yes,,,https://app.hubspot.com/contacts/7423331/record/0-3/46599440412
7277737264,RGN: Small intestine neuroendocrine - fresh tissue (MT9920),RGN,CHECK,MT9920,,,"a known umbrella number, shared across sponsors on purpose",,MT9920,,,,,https://app.hubspot.com/contacts/7423331/record/0-3/7277737264
16389612104,"SCT: HNSCC, Cervical - Fresh Tissue  (MT9923)",SCT,CHECK,MT9923,,,"a known umbrella number, shared across sponsors on purpose",,MT9923,,,,,https://app.hubspot.com/contacts/7423331/record/0-3/16389612104
20083691374,SCT: Melanoma and NSCLC - Fresh (MT9920 extension #1),SCT,CHECK,MT9920,,,"a known umbrella number, shared across sponsors on purpose",,MT9920,,yes,1,,https://app.hubspot.com/contacts/7423331/record/0-3/20083691374
15073611832,SCT: Melanoma and NSCLC - Fresh (MT9920),SCT,CHECK,MT9920,,,"a known umbrella number, shared across sponsors on purpose",,MT9920,,,,,https://app.hubspot.com/contacts/7423331/record/0-3/15073611832
21054040908,TFS: Bladder cancer and CRC -FFPE (MT9923-TF2401),TFS,CHECK,MT9923-TF2401,,,"a known umbrella number, shared across sponsors on purpose",,MT9923,TF2401,yes,,,https://app.hubspot.com/contacts/7423331/record/0-3/21054040908
60234055221,TFS: Cervical cancer - FFPE blocks (SEE NOTE) (MT0893-TF2602),TFS,CHECK,MT0893-TF2602,,,"a known umbrella number, shared across sponsors on purpose",,MT0893,TF2602,yes,,,https://app.hubspot.com/contacts/7423331/record/0-3/60234055221
58902326388,TFS: NSCLC - plasma MT5308-TF2601 (SEE NOTE),TFS,CHECK,MT5308-TF2601,,,the MT number is not inside parentheses,,MT5308,TF2601,yes,,,https://app.hubspot.com/contacts/7423331/record/0-3/58902326388
39867124838,TFS: NSCLC Stage III-IV from Asians in Turkey - unmatched FFPE (see notes) - MT5301,TFS,CHECK,MT5301,,,the MT number is not inside parentheses,,MT5301,,,,,https://app.hubspot.com/contacts/7423331/record/0-3/39867124838
14807178094,"TKD: CRC, NSCLC, RCC, H&N, gastric - tissue (MT9920)",TKD,CHECK,MT9920,,,"a known umbrella number, shared across sponsors on purpose",,MT9920,,,,,https://app.hubspot.com/contacts/7423331/record/0-3/14807178094
40289135955,TKD: Crohn's disease resection - tissue (MT9920 extension #1),TKD,CHECK,MT9920,,,"a known umbrella number, shared across sponsors on purpose",,MT9920,,yes,1,,https://app.hubspot.com/contacts/7423331/record/0-3/40289135955
4135907313,TRB: CRC - NAT tissue only (MT9920),TRB,CHECK,MT9920,,,"a known umbrella number, shared across sponsors on purpose",,MT9920,,,,,https://app.hubspot.com/contacts/7423331/record/0-3/4135907313
49779193863,TRB: Healthy - skin tapes (MT#1879),TRB,CHECK,MT1879,,,written as MT#nnnn,,MT1879,,,,,https://app.hubspot.com/contacts/7423331/record/0-3/49779193863
2003831133,"TRB: Lung AC, LSCC, Pan AC, LHC, KCCC, KPCC, SAC, UCEC - tumor & blood  (MT9920)",TRB,CHECK,MT9920,,,"a known umbrella number, shared across sponsors on purpose",,MT9920,,,,,https://app.hubspot.com/contacts/7423331/record/0-3/2003831133
58634154382,TRB: Normal skin - fresh tissue (MT9920 extension #1),TRB,CHECK,MT9920,,,"a known umbrella number, shared across sponsors on purpose",,MT9920,,yes,1,,https://app.hubspot.com/contacts/7423331/record/0-3/58634154382
47324885811,TRB: Normal skin - fresh tissue (MT9920),TRB,CHECK,MT9920,,,"a known umbrella number, shared across sponsors on purpose",,MT9920,,,,,https://app.hubspot.com/contacts/7423331/record/0-3/47324885811
6992945749,TRB: Stomach & kidney - tissue & blood (MT 9920) (see note),TRB,CHECK,MT9920,,,"a space sits between MT and the digits; a known umbrella number, shared across sponsors on purpose",,MT9920,,,,,https://app.hubspot.com/contacts/7423331/record/0-3/6992945749
9154759081,"TSB: Breast, cervical, CRC primaries or metastases, H&N, HCC, melanoma, and ovarian - tissue & blood (MT9920)",TSB,CHECK,MT9920,,,"a known umbrella number, shared across sponsors on purpose",,MT9920,,,,,https://app.hubspot.com/contacts/7423331/record/0-3/9154759081
15772071326,TSB: CRC - larger tumor samples (MT9920),TSB,CHECK,MT9920,,,"a known umbrella number, shared across sponsors on purpose",,MT9920,,,,,https://app.hubspot.com/contacts/7423331/record/0-3/15772071326
18115635820,TSB: CRC tissue + Blood (MT9920 extension #1),TSB,CHECK,MT9920,,,"a known umbrella number, shared across sponsors on purpose",,MT9920,,yes,1,,https://app.hubspot.com/contacts/7423331/record/0-3/18115635820
17031656108,TSB: CRC tissue + Blood (MT9920),TSB,CHECK,MT9920,,,"a known umbrella number, shared across sponsors on purpose",,MT9920,,,,,https://app.hubspot.com/contacts/7423331/record/0-3/17031656108
5497277497,"TSB: Melanoma, breast, H&N, mCRC - fresh tumor (MT9920)",TSB,CHECK,MT9920,,,"a known umbrella number, shared across sponsors on purpose",,MT9920,,,,,https://app.hubspot.com/contacts/7423331/record/0-3/5497277497
6553852198,"TSB: Melanoma, breast, H&N, mCRC extension #1 - tissue (MT9920)",TSB,CHECK,MT9920,,,"a known umbrella number, shared across sponsors on purpose",,MT9920,,yes,1,,https://app.hubspot.com/contacts/7423331/record/0-3/6553852198
9626440331,"TSB: Melanoma, breast, H&N, mCRC extension #2 - tissue (MT9920)",TSB,CHECK,MT9920,,,"a known umbrella number, shared across sponsors on purpose",,MT9920,,yes,2,,https://app.hubspot.com/contacts/7423331/record/0-3/9626440331
15126514535,"TSB: Melanoma, breast, H&N, mCRC extension #3 - tissue (MT9920)",TSB,CHECK,MT9920,,,"a known umbrella number, shared across sponsors on purpose",,MT9920,,yes,3,,https://app.hubspot.com/contacts/7423331/record/0-3/15126514535
18879407654,TSB: Various cancer and whole blood (MT9920),TSB,CHECK,MT9920,,,"a known umbrella number, shared across sponsors on purpose",,MT9920,,,,,https://app.hubspot.com/contacts/7423331/record/0-3/18879407654
18879407410,TSB: Various Cancer Tissue (MT9920),TSB,CHECK,MT9920,,,"a known umbrella number, shared across sponsors on purpose",,MT9920,,,,,https://app.hubspot.com/contacts/7423331/record/0-3/18879407410
7724672777,"TSC: Breast, CRC, gastric, H&N, NSCLC, melanoma - tumor & blood (MT9920)",TSC,CHECK,MT9920,,,"a known umbrella number, shared across sponsors on purpose",,MT9920,,,,,https://app.hubspot.com/contacts/7423331/record/0-3/7724672777
15942029650,"TSC: CRC, H&N, melanoma, NSCLC, TNBC - tissue (MT9920)",TSC,CHECK,MT9920,,,"a known umbrella number, shared across sponsors on purpose",,MT9920,,,,,https://app.hubspot.com/contacts/7423331/record/0-3/15942029650
6312862047,TSC: Melanoma - tissue & blood (MT9920),TSC,CHECK,MT9920,,,"a known umbrella number, shared across sponsors on purpose",,MT9920,,,,,https://app.hubspot.com/contacts/7423331/record/0-3/6312862047
6900445864,TSC: Melanoma - tissue and blood (MT9920 extension #1),TSC,CHECK,MT9920,,,"a known umbrella number, shared across sponsors on purpose",,MT9920,,yes,1,,https://app.hubspot.com/contacts/7423331/record/0-3/6900445864
15866141966,TSC: Melanoma- tissue and blood (MT9920 extension #2),TSC,CHECK,MT9920,,,"a known umbrella number, shared across sponsors on purpose",,MT9920,,yes,2,,https://app.hubspot.com/contacts/7423331/record/0-3/15866141966
46825400961,"VCT: Bladder cancer - FPPE, plasma, buffy coat (MT9923-VR2501)",VCT,CHECK,MT9923-VR2501,,,"a known umbrella number, shared across sponsors on purpose",,MT9923,VR2501,yes,,,https://app.hubspot.com/contacts/7423331/record/0-3/46825400961
51514727947,"VCT: NSCLC - FFPE, plasma, and buffy coat (MT9925-VR2502)",VCT,CHECK,MT9925-VR2502,,,"a known umbrella number, shared across sponsors on purpose",,MT9925,VR2502,yes,,,https://app.hubspot.com/contacts/7423331/record/0-3/51514727947
13911650904,VTX: MT2915 Temp Tales,VTX,CHECK,MT2915,,,the MT number is not inside parentheses,,MT2915,,,,,https://app.hubspot.com/contacts/7423331/record/0-3/13911650904
8928278438,XAI: 5 healthy - serum (MT 3510),XAI,CHECK,MT3510,,,a space sits between MT and the digits,,MT3510,,,,,https://app.hubspot.com/contacts/7423331/record/0-3/8928278438
22395649879,XAI: Non-cancer - whole blood DNA + RNA Streck (Pomegranate) MT3531,XAI,CHECK,MT3531,,,the MT number is not inside parentheses,,MT3531,,,,,https://app.hubspot.com/contacts/7423331/record/0-3/22395649879
22389010099,XAI: Non-cancer - whole blood DNA Streck (Ohana 2.0) MT3524,XAI,CHECK,MT3524,,,the MT number is not inside parentheses,,MT3524,,,,,https://app.hubspot.com/contacts/7423331/record/0-3/22389010099
59418726945,XRA: Atopic dermatitis - FFPE (MT0893-XA2601 extension #1),XRA,CHECK,MT0893-XA2601,,,"a known umbrella number, shared across sponsors on purpose",,MT0893,XA2601,yes,1,,https://app.hubspot.com/contacts/7423331/record/0-3/59418726945
58404312905,XRA: Atopic dermatitis - FFPE (MT0893-XA2601),XRA,CHECK,MT0893-XA2601,,,"a known umbrella number, shared across sponsors on purpose",,MT0893,XA2601,yes,,,https://app.hubspot.com/contacts/7423331/record/0-3/58404312905
38693014931,XRA: CRC - fresh tissue (MT9920),XRA,CHECK,MT9920,,,"a known umbrella number, shared across sponsors on purpose",,MT9920,,,,,https://app.hubspot.com/contacts/7423331/record/0-3/38693014931
18710063259,"XSP: Multi cancer - tissue, blood, FFPE (MT9920)",XSP,CHECK,MT9920,,,"a known umbrella number, shared across sponsors on purpose",,MT9920,,,,,https://app.hubspot.com/contacts/7423331/record/0-3/18710063259
56611967613,YTP: CRC - blood & tissue (MT9920),YTP,CHECK,MT9920,,,"a known umbrella number, shared across sponsors on purpose",,MT9920,,,,,https://app.hubspot.com/contacts/7423331/record/0-3/56611967613
63027837256,YTP: Multi-cancer - blood & tissue (MT9920),YTP,CHECK,MT9920,,,"a known umbrella number, shared across sponsors on purpose",,MT9920,,,,,https://app.hubspot.com/contacts/7423331/record/0-3/63027837256
6131716185,BMS (Sumit): bank #2 - FFPE (MT4016),,OK,MT4016,,,,,MT4016,,,,,https://app.hubspot.com/contacts/7423331/record/0-3/6131716185
6810806892,BMS (Tao): NHL w/ Rituximab - FFPE (MT4020),,OK,MT4020,,,,,MT4020,,,,,https://app.hubspot.com/contacts/7423331/record/0-3/6810806892
10163364257,"23M: HNSCC, ESCC, NSCLC-SCC - FFPE (MT2322)",23M,OK,MT2322,,,,,MT2322,,,,,https://app.hubspot.com/contacts/7423331/record/0-3/10163364257
8017568558,23M: SCLC and MSI-H CRC (Stage III/IV) - FFPE (MT2323),23M,OK,MT2323,,,,,MT2323,,,,,https://app.hubspot.com/contacts/7423331/record/0-3/8017568558
4018117477,"ABC: Long convalescent, long hauler, + vaccinated COVID - PBMCs & plasma (MT1765)",ABC,OK,MT1765,,,,,MT1765,,,,,https://app.hubspot.com/contacts/7423331/record/0-3/4018117477
7049673986,ABV: Additional plasma & buccal swab (MT0310),ABV,OK,MT0310,,,,,MT0310,,,,,https://app.hubspot.com/contacts/7423331/record/0-3/7049673986
13164694918,ABV: Atopic derm & healthy - blood & tissue (MT0319),ABV,OK,MT0319,,,,,MT0319,,,,,https://app.hubspot.com/contacts/7423331/record/0-3/13164694918
28311941385,"ABV: Atopic dermatitis & healthy - tissue, blood (MT0334)",ABV,OK,MT0334,,,,,MT0334,,,,,https://app.hubspot.com/contacts/7423331/record/0-3/28311941385
42558558758,ABV: Atopic dermatitis - frozen tissue & blood (MT0309),ABV,OK,MT0309,,,,,MT0309,,,,,https://app.hubspot.com/contacts/7423331/record/0-3/42558558758
15707066137,ABV: Atopic dermatitis - tissue (MT0324),ABV,OK,MT0324,,,,,MT0324,,,,,https://app.hubspot.com/contacts/7423331/record/0-3/15707066137
34210747194,"ABV: Atopic dermatitis and healthy - tissue, blood (MT0334 ext #1)",ABV,OK,MT0334,,,,,MT0334,,yes,1,,https://app.hubspot.com/contacts/7423331/record/0-3/34210747194
3971901514,ABV: DLBCL Pre/Post Rituxan - FFPE (MT0315),ABV,OK,MT0315,,,,,MT0315,,,,,https://app.hubspot.com/contacts/7423331/record/0-3/3971901514
33820641551,"ABV: Healthy same day (Irvine, CA) - whole blood (MT0339 extension #1)",ABV,OK,MT0339,,,,,MT0339,,yes,1,,https://app.hubspot.com/contacts/7423331/record/0-3/33820641551
40290091101,"ABV: Healthy same day (Irvine, CA) - whole blood (see note) (MT0339 extension #3)",ABV,OK,MT0339,,,,,MT0339,,yes,3,,https://app.hubspot.com/contacts/7423331/record/0-3/40290091101
33934977628,ABV: Healthy same-day - blood (MT0339 extension #2),ABV,OK,MT0339,,,,,MT0339,,yes,2,,https://app.hubspot.com/contacts/7423331/record/0-3/33934977628
9819616256,ABV: IBD - lesional and non-lesional tissue (MT0308),ABV,OK,MT0308,,,,,MT0308,,,,,https://app.hubspot.com/contacts/7423331/record/0-3/9819616256
13701056827,ABV: IBD resection - tissue (MT0317 extension #1),ABV,OK,MT0317,,,,,MT0317,,yes,1,,https://app.hubspot.com/contacts/7423331/record/0-3/13701056827
12279749949,ABV: IBD resection - tissue (MT0317),ABV,OK,MT0317,,,,,MT0317,,,,,https://app.hubspot.com/contacts/7423331/record/0-3/12279749949
2946053584,ABV: Longitudinal DLBCL - blood & plasma (MT0310),ABV,OK,MT0310,,,,,MT0310,,,,,https://app.hubspot.com/contacts/7423331/record/0-3/2946053584
3601999452,ABV: Longitudinal follicular lymphoma - blood & plasma (MT0312),ABV,OK,MT0312,,,,,MT0312,,,,,https://app.hubspot.com/contacts/7423331/record/0-3/3601999452
18709750875,ABV: Longitudinal Stage IV NSCLC IO - plasma & buffy coat (MT0332),ABV,OK,MT0332,,,,,MT0332,,,,,https://app.hubspot.com/contacts/7423331/record/0-3/18709750875
20845460527,ABV: Mammary artery - tissue (MT0305 ext#1),ABV,OK,MT0305,,,,,MT0305,,yes,1,,https://app.hubspot.com/contacts/7423331/record/0-3/20845460527
56443162519,ABV: Multiple Myeloma - BMWCs + PMWCs (MT0316),ABV,OK,MT0316,,,,,MT0316,,,,,https://app.hubspot.com/contacts/7423331/record/0-3/56443162519
5455174479,ABV: Myeloma failed Velcade - marrow & blood (MT0322),ABV,OK,MT0322,,,,,MT0322,,,,,https://app.hubspot.com/contacts/7423331/record/0-3/5455174479
3981519749,ABV: Myocardium - tissue (MT0313),ABV,OK,MT0313,,,,,MT0313,,,,,https://app.hubspot.com/contacts/7423331/record/0-3/3981519749
17584902201,ABV: non-IBD resection (MT0317 extension #2) - tissue,ABV,OK,MT0317,,,,,MT0317,,yes,2,,https://app.hubspot.com/contacts/7423331/record/0-3/17584902201
18879179323,ABV: Non-IBD resection - tissue (MT0317 extension #3),ABV,OK,MT0317,,,,,MT0317,,yes,3,,https://app.hubspot.com/contacts/7423331/record/0-3/18879179323
17244405060,ABV: Psoriasis and healthy - tissue and blood (MT0335),ABV,OK,MT0335,,,,,MT0335,,,,,https://app.hubspot.com/contacts/7423331/record/0-3/17244405060
22254266640,"ABV: RA & healthy - synovial tissue, synovial fluid (MT0337)",ABV,OK,MT0337,,,,,MT0337,,,,,https://app.hubspot.com/contacts/7423331/record/0-3/22254266640
11371844192,ABV: Relapsed or refractory DLBCL - blood (MT0311) (See note),ABV,OK,MT0311,,,,,MT0311,,,,,https://app.hubspot.com/contacts/7423331/record/0-3/11371844192
6563674221,ADL: Another 267 healthies - plasma (MT2015 extension),ADL,OK,MT2015,,,,,MT2015,,yes,,,https://app.hubspot.com/contacts/7423331/record/0-3/6563674221
5642329963,ADL: Controls - plasma & buffy coat (MT2015),ADL,OK,MT2015,,,,,MT2015,,,,,https://app.hubspot.com/contacts/7423331/record/0-3/5642329963
7297683382,"ADL: Follow on data for 1,267 subjects (MT2015 extension)",ADL,OK,MT2015,,,,,MT2015,,yes,,,https://app.hubspot.com/contacts/7423331/record/0-3/7297683382
9626455632,ADL: Follow on data for another 93 subjects (MT2015 extension),ADL,OK,MT2015,,,,,MT2015,,yes,,,https://app.hubspot.com/contacts/7423331/record/0-3/9626455632
32557674283,AGB: Atopic dermatitis and healthy - tissue (MT0750),AGB,OK,MT0750,,,,,MT0750,,,,,https://app.hubspot.com/contacts/7423331/record/0-3/32557674283
6823180157,AKS: Atopic derm & normal skin - tissue & blood (MT0623 extension #1),AKS,OK,MT0623,,,,,MT0623,,yes,1,,https://app.hubspot.com/contacts/7423331/record/0-3/6823180157
9325365807,AKS: Atopic derm - tissue & blood (MT0623 extension #2),AKS,OK,MT0623,,,,,MT0623,,yes,2,,https://app.hubspot.com/contacts/7423331/record/0-3/9325365807
14615123046,AKS: Atopic derm - tissue (MT0623 extension #3),AKS,OK,MT0623,,,,,MT0623,,yes,3,,https://app.hubspot.com/contacts/7423331/record/0-3/14615123046
5910614570,AKS: Atopic dermatitis & normals - skin & blood (MT0623),AKS,OK,MT0623,,,,,MT0623,,,,,https://app.hubspot.com/contacts/7423331/record/0-3/5910614570
14867735205,AKS: Healthy skin biopsies - tissue (MT0608 extension#1),AKS,OK,MT0608,,,,,MT0608,,yes,1,,https://app.hubspot.com/contacts/7423331/record/0-3/14867735205
13956252056,AKS: Healthy skin biopsies - tissue (MT0608),AKS,OK,MT0608,,,,,MT0608,,,,,https://app.hubspot.com/contacts/7423331/record/0-3/13956252056
2318318161,AKS: Hospitalized COVID - serum (MT0606),AKS,OK,MT0606,,,,,MT0606,,,,,https://app.hubspot.com/contacts/7423331/record/0-3/2318318161
10255539214,AKS: Keloids – tissue & blood (MT0629),AKS,OK,MT0629,,,,,MT0629,,,,,https://app.hubspot.com/contacts/7423331/record/0-3/10255539214
5014779014,AKS: Long COVID - blood & serum (MT0630),AKS,OK,MT0630,,,,,MT0630,,,,,https://app.hubspot.com/contacts/7423331/record/0-3/5014779014
9325428026,"AKS: Plaque psoriasis & prurigo nodularis - blood, serum, skin biopsy (MT0624 extension #1)",AKS,OK,MT0624,,,,,MT0624,,yes,1,,https://app.hubspot.com/contacts/7423331/record/0-3/9325428026
6767996837,"AKS: Plaque psoriasis & prurigo nodularis - blood, serum, skin biopsy (MT0624)",AKS,OK,MT0624,,,,,MT0624,,,,,https://app.hubspot.com/contacts/7423331/record/0-3/6767996837
2315876547,AMG: ASCVD - blood (MT5515),AMG,OK,MT5515,,,,,MT5515,,,,,https://app.hubspot.com/contacts/7423331/record/0-3/2315876547
17301206321,AMG: ASCVD - whole blood (MT7591) SEE NOTE,AMG,OK,MT7591,,,,,MT7591,,,,,https://app.hubspot.com/contacts/7423331/record/0-3/17301206321
10120158137,AMG: Atopic dermatitis & normal - fresh tissue & buffy coat (MT6957),AMG,OK,MT6957,,,,,MT6957,,,,,https://app.hubspot.com/contacts/7423331/record/0-3/10120158137
5441993560,AMG: CD & UC - resections & blood (MT6498),AMG,OK,MT6498,,,,,MT6498,,,,,https://app.hubspot.com/contacts/7423331/record/0-3/5441993560
2281355871,AMG: CD - blood (MT6152),AMG,OK,MT6152,,,,,MT6152,,,,,https://app.hubspot.com/contacts/7423331/record/0-3/2281355871
6259338630,AMG: CRC (Stage III/IV) - FFPE (MT6615),AMG,OK,MT6615,,,,,MT6615,,,,,https://app.hubspot.com/contacts/7423331/record/0-3/6259338630
57941111859,AMG: CRC and PDAC - fresh tumor tissue and whole blood (MT8754),AMG,OK,MT8754,,,,,MT8754,,,,,https://app.hubspot.com/contacts/7423331/record/0-3/57941111859
23228943489,AMG: CRC NAT resection - fresh tissue and whole blood (MT7952) (SEE NOTE) ,AMG,OK,MT7952,,,,,MT7952,,,,,https://app.hubspot.com/contacts/7423331/record/0-3/23228943489
21720992088,"AMG: CRC, TNBC, PDAC - fresh tissue and whole blood (MT7883)",AMG,OK,MT7883,,,,,MT7883,,,,,https://app.hubspot.com/contacts/7423331/record/0-3/21720992088
6600887920,AMG: epithelial ovarian cancer - high grade serous carcinoma (HGS) or endometrioid ovariancarcinoma (EnOC) - FFPE (MT6632),AMG,OK,MT6632,,,,,MT6632,,,,,https://app.hubspot.com/contacts/7423331/record/0-3/6600887920
4619853464,AMG: Gastric & GEJ cancer - serum & plasma (MT6390),AMG,OK,MT6390,,,,,MT6390,,,,,https://app.hubspot.com/contacts/7423331/record/0-3/4619853464
33498689830,AMG: gout - serum and urine (MT7742) SEE NOTE,AMG,OK,MT7742,,,,,MT7742,,,,,https://app.hubspot.com/contacts/7423331/record/0-3/33498689830
9826000420,AMG: Grave's disease - blood (MT6939),AMG,OK,MT6939,,,,,MT6939,,,,,https://app.hubspot.com/contacts/7423331/record/0-3/9826000420
48799117951,AMG: Hidradenitis Suppurativa - fresh lesional biopsies and whole blood (MT8345 extension #1),AMG,OK,MT8345,,,,,MT8345,,yes,1,,https://app.hubspot.com/contacts/7423331/record/0-3/48799117951
41348562187,AMG: Hidradenitis Suppurativa - fresh lesional biopsies and whole blood (MT8345),AMG,OK,MT8345,,,,,MT8345,,,,,https://app.hubspot.com/contacts/7423331/record/0-3/41348562187
60846306679,AMG: Hidradenitis suppurativa - tissue & whole blood (MT8897),AMG,OK,MT8897,,,,,MT8897,,,,,https://app.hubspot.com/contacts/7423331/record/0-3/60846306679
35898187360,AMG: IBD resections - fresh tissue and whole blood (MT6498) extension #1,AMG,OK,MT6498,,,,,MT6498,,yes,1,,https://app.hubspot.com/contacts/7423331/record/0-3/35898187360
37522172450,AMG: Liver mets from CRC - FFPE (MT8344),AMG,OK,MT8344,,,,,MT8344,,,,,https://app.hubspot.com/contacts/7423331/record/0-3/37522172450
4596773148,AMG: mCRPC - plasma (MT6380),AMG,OK,MT6380,,,,,MT6380,,,,,https://app.hubspot.com/contacts/7423331/record/0-3/4596773148
3362715256,AMG: Mesothelioma - FFPE (MT6286),AMG,OK,MT6286,,,,,MT6286,,,,,https://app.hubspot.com/contacts/7423331/record/0-3/3362715256
3268694818,"AMG: NASH - plasma, serum, PAXgene, double spun plasma & pellet (MT6256)",AMG,OK,MT6256,,,,,MT6256,,,,,https://app.hubspot.com/contacts/7423331/record/0-3/3268694818
3562047559,AMG: NEPC - FFPE (MT6087),AMG,OK,MT6087,,,,,MT6087,,,,,https://app.hubspot.com/contacts/7423331/record/0-3/3562047559
51244933715,AMG: Normal and IBD - fresh tissue (MT8622),AMG,OK,MT8622,,,,,MT8622,,,,,https://app.hubspot.com/contacts/7423331/record/0-3/51244933715
15692415337,AMG: normal lung - fresh tissue (MT7442),AMG,OK,MT7442,,,,,MT7442,,,,,https://app.hubspot.com/contacts/7423331/record/0-3/15692415337
17794807815,AMG: normal lung - fresh tissue (MT7442) extension #1,AMG,OK,MT7442,,,,,MT7442,,yes,1,,https://app.hubspot.com/contacts/7423331/record/0-3/17794807815
58289362746,AMG: Normal post mortem - frozen tissue and FFPE (MT8733),AMG,OK,MT8733,,,,,MT8733,,,,,https://app.hubspot.com/contacts/7423331/record/0-3/58289362746
13164927887,AMG: Normal tonsil - tissue (MT7200),AMG,OK,MT7200,,,,,MT7200,,,,,https://app.hubspot.com/contacts/7423331/record/0-3/13164927887
5170239886,"AMG: NSCLC, HNSCC, HCC - FNA  FFPE (MT6468)",AMG,OK,MT6468,,,,,MT6468,,,,,https://app.hubspot.com/contacts/7423331/record/0-3/5170239886
5685399339,AMG: NSCLC-SCC (Stage IV) - FFPE (MT6550),AMG,OK,MT6550,,,,,MT6550,,,,,https://app.hubspot.com/contacts/7423331/record/0-3/5685399339
8392165908,AMG: P16 extension - FFPE (MT6646),AMG,OK,MT6646,,,,,MT6646,,yes,,,https://app.hubspot.com/contacts/7423331/record/0-3/8392165908
6840911711,AMG: p16 negative cancer - FFPE (MT6646),AMG,OK,MT6646,,,,,MT6646,,,,,https://app.hubspot.com/contacts/7423331/record/0-3/6840911711
6167052439,AMG: PDAC Adeno (Stage IV) - FFPE (MT6614),AMG,OK,MT6614,,,,,MT6614,,,,,https://app.hubspot.com/contacts/7423331/record/0-3/6167052439
6184261435,AMG: Pediatric Neuroblastoma - FFPE (MT6270),AMG,OK,MT6270,,,,,MT6270,,,,,https://app.hubspot.com/contacts/7423331/record/0-3/6184261435
29930039072,AMG: Prostate cancer - fresh tissue (MT7974),AMG,OK,MT7974,,,,,MT7974,,,,,https://app.hubspot.com/contacts/7423331/record/0-3/29930039072
10210774533,AMG: Sister blocks - FFPE (MT6979),AMG,OK,MT6979,,,,,MT6979,,,,,https://app.hubspot.com/contacts/7423331/record/0-3/10210774533
9556272273,AMG: Small cell neuroendocrine cancer - FFPE (MT6895),AMG,OK,MT6895,,,,,MT6895,,,,,https://app.hubspot.com/contacts/7423331/record/0-3/9556272273
18679040122,AMG: Small cell prostate-  FFPE and plasma (MT7667),AMG,OK,MT7667,,,,,MT7667,,,,,https://app.hubspot.com/contacts/7423331/record/0-3/18679040122
15332359482,AMG: Stage II-IV HCC (MT7382),AMG,OK,MT7382,,,,,MT7382,,,,,https://app.hubspot.com/contacts/7423331/record/0-3/15332359482
15332366701,AMG: Stage II-IV Pancreatic Cancer - FFPE (MT7381),AMG,OK,MT7381,,,,,MT7381,,,,,https://app.hubspot.com/contacts/7423331/record/0-3/15332366701
16183050679,AMG: Stage III- IV NSCLC Adenocarcinoma- FFPE (MT7379),AMG,OK,MT7379,,,,,MT7379,,,,,https://app.hubspot.com/contacts/7423331/record/0-3/16183050679
21193711971,AMG: Stage III- IV PDAC - FFPE (MT7402 ext #2),AMG,OK,MT7402,,,,,MT7402,,yes,2,,https://app.hubspot.com/contacts/7423331/record/0-3/21193711971
13820869225,AMG: stage III-IV endometrial cancer - FFPE (MT7221),AMG,OK,MT7221,,,,,MT7221,,,,,https://app.hubspot.com/contacts/7423331/record/0-3/13820869225
15239045914,AMG: Stage III-IV Esophageal (KSM7358) - FFPE (MT7358),AMG,OK,MT7358,,,,,MT7358,,,,,https://app.hubspot.com/contacts/7423331/record/0-3/15239045914
15126110029,AMG: Stage III-IV esophageal - FFPE (see note) (MT7404),AMG,OK,MT7404,,,,,MT7404,,,,,https://app.hubspot.com/contacts/7423331/record/0-3/15126110029
13607295605,AMG: Stage III-IV HNSCC - FFPE (MT7225),AMG,OK,MT7225,,,,,MT7225,,,,,https://app.hubspot.com/contacts/7423331/record/0-3/13607295605
11257239376,AMG: Stage III-IV Mesothelioma - FFPE (MT7063),AMG,OK,MT7063,,,,,MT7063,,,,,https://app.hubspot.com/contacts/7423331/record/0-3/11257239376
15239045969,AMG: Stage III-IV NSCLC - FFPE (MT7359),AMG,OK,MT7359,,,,,MT7359,,,,,https://app.hubspot.com/contacts/7423331/record/0-3/15239045969
15613963607,AMG: Stage III-IV PDAC - FFPE (MT7402 extension #1),AMG,OK,MT7402,,,,,MT7402,,yes,1,,https://app.hubspot.com/contacts/7423331/record/0-3/15613963607
14423117753,AMG: Stage III-IV TNBC (international) - FFPE (MT7010),AMG,OK,MT7010,,,,,MT7010,,,,,https://app.hubspot.com/contacts/7423331/record/0-3/14423117753
13545008797,AMG: Stage III-IV TNBC - FFPE (MT7222),AMG,OK,MT7222,,,,,MT7222,,,,,https://app.hubspot.com/contacts/7423331/record/0-3/13545008797
15237942554,AMG: Stage IV PDAC - FFPE (see note) (MT7402),AMG,OK,MT7402,,,,,MT7402,,,,,https://app.hubspot.com/contacts/7423331/record/0-3/15237942554
2281355859,AMG: UC - blood (MT6153),AMG,OK,MT6153,,,,,MT6153,,,,,https://app.hubspot.com/contacts/7423331/record/0-3/2281355859
1971257464,AMG: UC - tissue & blood (MT6123),AMG,OK,MT6123,,,,,MT6123,,,,,https://app.hubspot.com/contacts/7423331/record/0-3/1971257464
56645832525,AMG: Visceral and subcutaneous adipose - post mortem frozen tissue (MT8872),AMG,OK,MT8872,,,,,MT8872,,,,,https://app.hubspot.com/contacts/7423331/record/0-3/56645832525
36742227766,ARC: Psoriasis - skin punch biopsy (MT2005),ARC,OK,MT2005,,,,,MT2005,,,,,https://app.hubspot.com/contacts/7423331/record/0-3/36742227766
8406987686,ASB: CRPC  - FFPE (MT6160),ASB,OK,MT6160,,,,,MT6160,,,,,https://app.hubspot.com/contacts/7423331/record/0-3/8406987686
33150359895,ASN: Dense breast with scheduled biopsy - blood & plasma (MT3780),ASN,OK,MT3780,,,,,MT3780,,,,,https://app.hubspot.com/contacts/7423331/record/0-3/33150359895
48799166579,ASN: Negative mammogram - blood (MT3795),ASN,OK,MT3795,,,,,MT3795,,,,,https://app.hubspot.com/contacts/7423331/record/0-3/48799166579
59186397213,ASN: Pre-biopsy & screening mammogram - blood & plasma (SEE NOTE) (MT3782),ASN,OK,MT3782,,,,,MT3782,,,,,https://app.hubspot.com/contacts/7423331/record/0-3/59186397213
13983674002,AVB: Cardiomyopathy mutants - serum (MT7557) (see note),AVB,OK,MT7557,,,,,MT7557,,,,,https://app.hubspot.com/contacts/7423331/record/0-3/13983674002
7775619694,AZA: 2-6 weeks post influenza test - blood (MT3610),AZA,OK,MT3610,,,,,MT3610,,,,,https://app.hubspot.com/contacts/7423331/record/0-3/7775619694
38691478184,"AZA: Atopic dermatitis & healthy - frozen tissue, serum, whole blood (MT3605)",AZA,OK,MT3605,,,,,MT3605,,,,,https://app.hubspot.com/contacts/7423331/record/0-3/38691478184
33352182051,AZA: Normal skin - tissue (MT3612) (SEE NOTE),AZA,OK,MT3612,,,,,MT3612,,,,,https://app.hubspot.com/contacts/7423331/record/0-3/33352182051
32015782040,"AZA: Scleroderma and systemic sclerosis - tissue, blood (MT3601)",AZA,OK,MT3601,,,,,MT3601,,,,,https://app.hubspot.com/contacts/7423331/record/0-3/32015782040
16476867375,"B55: Advanced CRC, HNSCC, NSCLC, TNBC - blood (MT3060)",B55,OK,MT3060,,,,,MT3060,,,,,https://app.hubspot.com/contacts/7423331/record/0-3/16476867375
13085487255,BDN: IPMN - plasma & buffy coat (MT5750),BDN,OK,MT5750,,,,,MT5750,,,,,https://app.hubspot.com/contacts/7423331/record/0-3/13085487255
18902040175,BFY: NSCLC - plasma (MT3076),BFY,OK,MT3076,,,,,MT3076,,,,,https://app.hubspot.com/contacts/7423331/record/0-3/18902040175
8152487791,BMS: 3 Phase core study - fresh tissue (MT0283),BMS,OK,MT0283,,,,,MT0283,,,,,https://app.hubspot.com/contacts/7423331/record/0-3/8152487791
8998656620,BMS: anti-neutrophil cytoplasmic antibody (ANCA)-associated vasculitides - blood (MT0294),BMS,OK,MT0294,,,,,MT0294,,,,,https://app.hubspot.com/contacts/7423331/record/0-3/8998656620
20490019161,BMS: anti-neutrophil cytoplasmic antibody (ANCA)-associated vasculitis - blood (MT0294 extension #1) ,BMS,OK,MT0294,,,,,MT0294,,yes,1,,https://app.hubspot.com/contacts/7423331/record/0-3/20490019161
14660039287,"BMS: AtD and healthy - blood, tissue, FFPE (MT4038)",BMS,OK,MT4038,,,,,MT4038,,,,,https://app.hubspot.com/contacts/7423331/record/0-3/14660039287
13164805172,BMS: Atopic derm & healthy - tissue (MT0288 extension #1),BMS,OK,MT0288,,,,,MT0288,,yes,1,,https://app.hubspot.com/contacts/7423331/record/0-3/13164805172
10686949455,BMS: Atopic derm & normal - blood (MT0292 extension #1),BMS,OK,MT0292,,,,,MT0292,,yes,1,,https://app.hubspot.com/contacts/7423331/record/0-3/10686949455
8811236186,BMS: Atopic derm & normal - blood (MT0292),BMS,OK,MT0292,,,,,MT0292,,,,,https://app.hubspot.com/contacts/7423331/record/0-3/8811236186
8186250063,BMS: Atopic derm & normal - tissue & blood (MT0289),BMS,OK,MT0289,,,,,MT0289,,,,,https://app.hubspot.com/contacts/7423331/record/0-3/8186250063
13059972382,BMS: Atopic derm - blood (MT0292 - extension #1),BMS,OK,MT0292,,,,,MT0292,,yes,1,,https://app.hubspot.com/contacts/7423331/record/0-3/13059972382
13307911602,BMS: Atopic derm - blood (MT0292 - extension #2),BMS,OK,MT0292,,,,,MT0292,,yes,2,,https://app.hubspot.com/contacts/7423331/record/0-3/13307911602
12360796184,BMS: Atopic derm - tissue and blood (MT0289 extension #1),BMS,OK,MT0289,,,,,MT0289,,yes,1,,https://app.hubspot.com/contacts/7423331/record/0-3/12360796184
10342641485,BMS: Atopic dermatitis & healthy - tissue (MT0288),BMS,OK,MT0288,,,,,MT0288,,,,,https://app.hubspot.com/contacts/7423331/record/0-3/10342641485
15561608310,BMS: Atopic dermatitis - blood (MT4040),BMS,OK,MT4040,,,,,MT4040,,,,,https://app.hubspot.com/contacts/7423331/record/0-3/15561608310
15032285781,BMS: Atopic dermatitis - blood (MT4093 extension #1),BMS,OK,MT4093,,,,,MT4093,,yes,1,,https://app.hubspot.com/contacts/7423331/record/0-3/15032285781
34017478685,BMS: Atopic dermatitis with same-day CBC - blood (MT0292 extension #3),BMS,OK,MT0292,,,,,MT0292,,yes,3,,https://app.hubspot.com/contacts/7423331/record/0-3/34017478685
4843628873,BMS: bank #1 - FFPE (MT4014),BMS,OK,MT4014,,,,,MT4014,,,,,https://app.hubspot.com/contacts/7423331/record/0-3/4843628873
15237938230,"BMS: Cancers & healthy - FFPE, serum, plasma (MT4035)",BMS,OK,MT4035,,,,,MT4035,,,,,https://app.hubspot.com/contacts/7423331/record/0-3/15237938230
4962814260,"BMS: CD, UC, normal - whole blood (MT0287)",BMS,OK,MT0287,,,,,MT0287,,,,,https://app.hubspot.com/contacts/7423331/record/0-3/4962814260
33182901661,"BMS: COPD & healthy (additional subjects) - blood, plasma, serum (MT4051 extension #1)",BMS,OK,MT4051,,,,,MT4051,,yes,1,,https://app.hubspot.com/contacts/7423331/record/0-3/33182901661
28713155233,"BMS: COPD & healthy - blood, plasma, serum (SEE NOTE) (MT4051)",BMS,OK,MT4051,,,,,MT4051,,,,,https://app.hubspot.com/contacts/7423331/record/0-3/28713155233
60073052817,BMS: COPD + healthy - whole blood (MT4090 extension #1),BMS,OK,MT4090,,,,,MT4090,,yes,1,,https://app.hubspot.com/contacts/7423331/record/0-3/60073052817
63125452463,BMS: COPD + healthy - whole blood (MT4090 extension #2) - Additional Shipping Costs,BMS,OK,MT4090,,,,,MT4090,,yes,2,,https://app.hubspot.com/contacts/7423331/record/0-3/63125452463
44491127728,BMS: COPD + healthy - whole blood (MT4090),BMS,OK,MT4090,,,,,MT4090,,,,,https://app.hubspot.com/contacts/7423331/record/0-3/44491127728
1814844163,"BMS: COVID - serum, plasma, swab (MT0300)",BMS,OK,MT0300,,,,,MT0300,,,,,https://app.hubspot.com/contacts/7423331/record/0-3/1814844163
1943184817,BMS: COVID - swabs & salivas (MT0295),BMS,OK,MT0295,,,,,MT0295,,,,,https://app.hubspot.com/contacts/7423331/record/0-3/1943184817
1997006638,BMS: COVID - swabs & salivas (MT0330),BMS,OK,MT0330,,,,,MT0330,,,,,https://app.hubspot.com/contacts/7423331/record/0-3/1997006638
3579117527,BMS: CRC - cores (MT0279),BMS,OK,MT0279,,,,,MT0279,,,,,https://app.hubspot.com/contacts/7423331/record/0-3/3579117527
15946570582,BMS: Crohn's and healthy - blood (MT4095),BMS,OK,MT4095,,,,,MT4095,,,,,https://app.hubspot.com/contacts/7423331/record/0-3/15946570582
9333194662,"BMS: Crohn's disease, ulcerative colitis, normal colon & small intestine - FFPE (MT4029)",BMS,OK,MT4029,,,,,MT4029,,,,,https://app.hubspot.com/contacts/7423331/record/0-3/9333194662
11148605603,"BMS: End of 2022 bank - FFPE, frozen tissue, serum (MT4032)",BMS,OK,MT4032,,,,,MT4032,,,,,https://app.hubspot.com/contacts/7423331/record/0-3/11148605603
5918778270,"BMS: Gastric, H&N, NSCLC, panc - frozen tissue, plasma, serum (MT4019)",BMS,OK,MT4019,,,,,MT4019,,,,,https://app.hubspot.com/contacts/7423331/record/0-3/5918778270
56896831508,BMS: Healthy (Current/Never Smoker) - Nasal Swabs (MT4068),BMS,OK,MT4068,,,,,MT4068,,,,,https://app.hubspot.com/contacts/7423331/record/0-3/56896831508
12824865390,BMS: Healthy colon biopsy - tissue (MT4083),BMS,OK,MT4083,,,,,MT4083,,,,,https://app.hubspot.com/contacts/7423331/record/0-3/12824865390
8651049064,"BMS: IBD - tissue, blood, PAXgene (MT0269 extension #1)",BMS,OK,MT0269,,,,,MT0269,,yes,1,,https://app.hubspot.com/contacts/7423331/record/0-3/8651049064
3045080142,"BMS: IBD - tissue, blood, PaxGene (MT0269)",BMS,OK,MT0269,,,,,MT0269,,,,,https://app.hubspot.com/contacts/7423331/record/0-3/3045080142
22019433359,BMS: IBD and non-IBD - FFPE (MT4103)(see note),BMS,OK,MT4103,,,,,MT4103,,,,,https://app.hubspot.com/contacts/7423331/record/0-3/22019433359
20083689049,"BMS: IBD and non-IBD controls - tissue, blood (MT0269 extension#3)",BMS,OK,MT0269,,,,,MT0269,,yes,3,,https://app.hubspot.com/contacts/7423331/record/0-3/20083689049
15561635088,BMS: Long COVID and normals - blood (MT0298 extension #1),BMS,OK,MT0298,,,,,MT0298,,yes,1,,https://app.hubspot.com/contacts/7423331/record/0-3/15561635088
11660939568,BMS: Long COVID and normals - blood (MT0298),BMS,OK,MT0298,,,,,MT0298,,,,,https://app.hubspot.com/contacts/7423331/record/0-3/11660939568
3129811224,BMS: Longitudinal prostate - blood (MT0282),BMS,OK,MT0282,,,,,MT0282,,,,,https://app.hubspot.com/contacts/7423331/record/0-3/3129811224
2740443952,"BMS: lung, breast, CRC, prostate - pre Tx tumor & blood (MT0260)",BMS,OK,MT0260,,,,,MT0260,,,,,https://app.hubspot.com/contacts/7423331/record/0-3/2740443952
5902181393,BMS: mCRPC  - FFPE (MT4009 Extension),BMS,OK,MT4009,,,,,MT4009,,yes,,,https://app.hubspot.com/contacts/7423331/record/0-3/5902181393
2444291978,BMS: MDS - bone marrow (MT0278),BMS,OK,MT0278,,,,,MT0278,,,,,https://app.hubspot.com/contacts/7423331/record/0-3/2444291978
5404959640,BMS: melanoma (I-IIIA)  - FFPE (MT4015),BMS,OK,MT4015,,,,,MT4015,,,,,https://app.hubspot.com/contacts/7423331/record/0-3/5404959640
6601607548,BMS: Melanoma mets  - FFPE (MT4023),BMS,OK,MT4023,,,,,MT4023,,,,,https://app.hubspot.com/contacts/7423331/record/0-3/6601607548
20846490415,BMS: MT4100 call back - blood (MT4100 extension #1),BMS,OK,MT4100,,,,,MT4100,,yes,1,,https://app.hubspot.com/contacts/7423331/record/0-3/20846490415
2779400286,BMS: Myeloma - bone marrow biopsy FFPE (MT4007),BMS,OK,MT4007,,,,,MT4007,,,,,https://app.hubspot.com/contacts/7423331/record/0-3/2779400286
2887011764,BMS: NASH & normal - FFPE (MT4005),BMS,OK,MT4005,,,,,MT4005,,,,,https://app.hubspot.com/contacts/7423331/record/0-3/2887011764
3956508964,BMS: NASH Fibrosis Stage 1 and 2 - FFPE (MT4011),BMS,OK,MT4011,,,,,MT4011,,,,,https://app.hubspot.com/contacts/7423331/record/0-3/3956508964
6041683082,BMS: NEPC - FFPE (MT4018),BMS,OK,MT4018,,,,,MT4018,,,,,https://app.hubspot.com/contacts/7423331/record/0-3/6041683082
5120312224,BMS: Neuroendocrine carcinomas & tumors - FFPE (MT4017),BMS,OK,MT4017,,,,,MT4017,,,,,https://app.hubspot.com/contacts/7423331/record/0-3/5120312224
14717204538,"BMS: non-IBD controls - tissue, blood (MT0269 extension#2)",BMS,OK,MT0269,,,,,MT0269,,yes,2,,https://app.hubspot.com/contacts/7423331/record/0-3/14717204538
4995291535,BMS: Normal - Blood (MT0290),BMS,OK,MT0290,,,,,MT0290,,,,,https://app.hubspot.com/contacts/7423331/record/0-3/4995291535
3203483300,"BMS: Normal lung, blad, brst, pros, colon - FFPE (MT4010)",BMS,OK,MT4010,,,,,MT4010,,,,,https://app.hubspot.com/contacts/7423331/record/0-3/3203483300
16506589576,BMS: Normal skin - FFPE (MT4036),BMS,OK,MT4036,,,,,MT4036,,,,,https://app.hubspot.com/contacts/7423331/record/0-3/16506589576
14201117583,BMS: NSCLC & melanoma - serum (MT4032 extension#1),BMS,OK,MT4032,,,,,MT4032,,yes,1,,https://app.hubspot.com/contacts/7423331/record/0-3/14201117583
7910105646,BMS: NSCLC - FFPE & serum (MT4025),BMS,OK,MT4025,,,,,MT4025,,,,,https://app.hubspot.com/contacts/7423331/record/0-3/7910105646
12656074849,BMS: NSCLC - FFPE (MT4041),BMS,OK,MT4041,,,,,MT4041,,,,,https://app.hubspot.com/contacts/7423331/record/0-3/12656074849
6954527819,BMS: NSCLC Post Io treatment - FFPE (MT4022),BMS,OK,MT4022,,,,,MT4022,,,,,https://app.hubspot.com/contacts/7423331/record/0-3/6954527819
8071704249,"BMS: NSCLC, CRC, TNBC, PDAC - FFPE and Serum (MT4027)",BMS,OK,MT4027,,,,,MT4027,,,,,https://app.hubspot.com/contacts/7423331/record/0-3/8071704249
17216654396,"BMS: NSCLC, Gastric, RCC - whole blood (MT4039)",BMS,OK,MT4039,,,,,MT4039,,,,,https://app.hubspot.com/contacts/7423331/record/0-3/17216654396
8882289013,"BMS: NSCLC, RCC, and Gastric - FFPE (MT4028)",BMS,OK,MT4028,,,,,MT4028,,,,,https://app.hubspot.com/contacts/7423331/record/0-3/8882289013
4813877304,"BMS: Pancreatic cancer - tumor, NAT, blood (MT9910)",BMS,OK,MT9910,,,,,MT9910,,,,,https://app.hubspot.com/contacts/7423331/record/0-3/4813877304
12532748895,BMS: PDAC - FFPE (MT4033),BMS,OK,MT4033,,,,,MT4033,,,,,https://app.hubspot.com/contacts/7423331/record/0-3/12532748895
10898193721,BMS: Post-IO H&N SCC - FFPE (MT4031),BMS,OK,MT4031,,,,,MT4031,,,,,https://app.hubspot.com/contacts/7423331/record/0-3/10898193721
2889227190,BMS: Pre therapy & post therapy CRC - FFPE (MT4006),BMS,OK,MT4006,,,,,MT4006,,,,,https://app.hubspot.com/contacts/7423331/record/0-3/2889227190
12388740781,BMS: pre-treatment cancers - blood (MT4085),BMS,OK,MT4085,,,,,MT4085,,,,,https://app.hubspot.com/contacts/7423331/record/0-3/12388740781
3198281654,"BMS: Prostate NEPC, paired, prostatectomy recurrence, prostatectomy adjuvant - FFPE (MT4008)",BMS,OK,MT4008,,,,,MT4008,,,,,https://app.hubspot.com/contacts/7423331/record/0-3/3198281654
3556571204,BMS: Prostate post-therapy mets & paired neoadjuvant prostatectomy - FFPE (MT4009),BMS,OK,MT4009,,,,,MT4009,,,,,https://app.hubspot.com/contacts/7423331/record/0-3/3556571204
10319964454,BMS: RA & normal - same day blood (Lawrenceville) (MT0297),BMS,OK,MT0297,,,,,MT0297,,,,,https://app.hubspot.com/contacts/7423331/record/0-3/10319964454
17864309853,BMS: RA - blood (MT4097),BMS,OK,MT4097,,,,,MT4097,,,,,https://app.hubspot.com/contacts/7423331/record/0-3/17864309853
41048537237,BMS: RA - plasma & serum (MT4064),BMS,OK,MT4064,,,,,MT4064,,,,,https://app.hubspot.com/contacts/7423331/record/0-3/41048537237
41033118121,BMS: RA - plasma (MT4052),BMS,OK,MT4052,,,,,MT4052,,,,,https://app.hubspot.com/contacts/7423331/record/0-3/41033118121
42830900383,BMS: RA - Synovial Fluid & Blood (MT4061),BMS,OK,MT4061,,,,,MT4061,,,,,https://app.hubspot.com/contacts/7423331/record/0-3/42830900383
16911636535,"BMS: RA - synovial fluid, plasma, serum (MT4098)",BMS,OK,MT4098,,,,,MT4098,,,,,https://app.hubspot.com/contacts/7423331/record/0-3/16911636535
4698154069,BMS: RA and normal - same day blood (MT0296) (Summit),BMS,OK,MT0296,,,,,MT0296,,,,,https://app.hubspot.com/contacts/7423331/record/0-3/4698154069
4968245258,BMS: Rituxamab treated NHL - FFPE (MT4012),BMS,OK,MT4012,,,,,MT4012,,,,,https://app.hubspot.com/contacts/7423331/record/0-3/4968245258
13507171625,BMS: Sjogren - blood (MT4084),BMS,OK,MT4084,,,,,MT4084,,,,,https://app.hubspot.com/contacts/7423331/record/0-3/13507171625
42824622722,BMS: SLE - Blood (MT4045),BMS,OK,MT4045,,,,,MT4045,,,,,https://app.hubspot.com/contacts/7423331/record/0-3/42824622722
6986465974,BMS: Sumit bank #3 - FFPE (MT4021),BMS,OK,MT4021,,,,,MT4021,,,,,https://app.hubspot.com/contacts/7423331/record/0-3/6986465974
11780637454,BMS: Systemic lupus erythematosus (Cambridge) - blood (MT0286),BMS,OK,MT0286,,,,,MT0286,,,,,https://app.hubspot.com/contacts/7423331/record/0-3/11780637454
14386715506,BMS: Systemic lupus erythematosus (Cambridge) call backs - blood (MT0286 extension #1),BMS,OK,MT0286,,,,,MT0286,,yes,1,,https://app.hubspot.com/contacts/7423331/record/0-3/14386715506
11946572398,BMS: Systemic lupus erythematosus (Princeton) - blood (MT0284),BMS,OK,MT0284,,,,,MT0284,,,,,https://app.hubspot.com/contacts/7423331/record/0-3/11946572398
19992279302,BMS: Systemic lupus erythematosus (Princeton) - blood (MT4043),BMS,OK,MT4043,,,,,MT4043,,,,,https://app.hubspot.com/contacts/7423331/record/0-3/19992279302
8347724109,BMS: TNBC & gastric cancer - FFPE (MT4024),BMS,OK,MT4024,,,,,MT4024,,,,,https://app.hubspot.com/contacts/7423331/record/0-3/8347724109
9267022089,BMS: TNBC - FFPE (MT4030),BMS,OK,MT4030,,,,,MT4030,,,,,https://app.hubspot.com/contacts/7423331/record/0-3/9267022089
16093700003,"BMS: TNBC, HR+/Her2-, Her2+, PRCA - FFPE (MT4042)",BMS,OK,MT4042,,,,,MT4042,,,,,https://app.hubspot.com/contacts/7423331/record/0-3/16093700003
5634118727,BMS: Tumor Post IO Treatment - FFPE (MT4013),BMS,OK,MT4013,,,,,MT4013,,,,,https://app.hubspot.com/contacts/7423331/record/0-3/5634118727
12988018520,BMS: UC and healthy - blood (see note) (MT4087),BMS,OK,MT4087,,,,,MT4087,,,,,https://app.hubspot.com/contacts/7423331/record/0-3/12988018520
16822266287,"BMS: UC, CD, and healthy - blood (MT4100)",BMS,OK,MT4100,,,,,MT4100,,,,,https://app.hubspot.com/contacts/7423331/record/0-3/16822266287
11230709400,BMS: Weighed healthy skin biopsies - tissue (MT0299),BMS,OK,MT0299,,,,,MT0299,,,,,https://app.hubspot.com/contacts/7423331/record/0-3/11230709400
13682733426,"CAF: breast, CRC, esophageal, NSCLC, ovarian - urine (MT2853 extension #1)",CAF,OK,MT2853,,,,,MT2853,,yes,1,,https://app.hubspot.com/contacts/7423331/record/0-3/13682733426
16910528169,CAF: Healthy - plasma and urine (MT2860),CAF,OK,MT2860,,,,,MT2860,,,,,https://app.hubspot.com/contacts/7423331/record/0-3/16910528169
17761369117,CAF: Pancreatic cancer & high risk controls - blood & urine (MT2875),CAF,OK,MT2875,,,,,MT2875,,,,,https://app.hubspot.com/contacts/7423331/record/0-3/17761369117
63434165887,CAF: Pancreatic cancer - urine (MT2875 extension #1),CAF,OK,MT2875,,,,,MT2875,,yes,1,,https://app.hubspot.com/contacts/7423331/record/0-3/63434165887
12481856339,CAF: Pancreatic cancer and controls - urine (MT2853),CAF,OK,MT2853,,,,,MT2853,,,,,https://app.hubspot.com/contacts/7423331/record/0-3/12481856339
35855520895,CCD: Multiple indications oncology - whole blood (MT1118),CCD,OK,MT1118,,,,,MT1118,,,,,https://app.hubspot.com/contacts/7423331/record/0-3/35855520895
5456449600,CDG: Convalescent COVID - plasma or sera (MT1926),CDG,OK,MT1926,,,,,MT1926,,,,,https://app.hubspot.com/contacts/7423331/record/0-3/5456449600
8811663678,CDG: Vaccine recipients (MT1935),CDG,OK,MT1935,,,,,MT1935,,,,,https://app.hubspot.com/contacts/7423331/record/0-3/8811663678
6955003481,"CHS: NSCLC, Gastric - frozen tissue (MT7320)",CHS,OK,MT7320,,,,,MT7320,,,,,https://app.hubspot.com/contacts/7423331/record/0-3/6955003481
28767522678,CNH: Cancer & diabetes - blood (MT1428),CNH,OK,MT1428,,,,,MT1428,,,,,https://app.hubspot.com/contacts/7423331/record/0-3/28767522678
14622524835,CNH: Healthy - blood (MT1410),CNH,OK,MT1410,,,,,MT1410,,,,,https://app.hubspot.com/contacts/7423331/record/0-3/14622524835
62494484388,CNH: mCRPC post PSMA-PET - plasma & buffy (MT1436),CNH,OK,MT1436,,,,,MT1436,,,,,https://app.hubspot.com/contacts/7423331/record/0-3/62494484388
59419157892,CNH: Multi-cancer - blood (MT1410 extension),CNH,OK,MT1410,,,,,MT1410,,yes,,,https://app.hubspot.com/contacts/7423331/record/0-3/59419157892
28772853014,CNH: Panc & diabetes - blood & plasma (MT2510),CNH,OK,MT2510,,,,,MT2510,,,,,https://app.hubspot.com/contacts/7423331/record/0-3/28772853014
45001879962,CNH: Pancreatic cancer - plasma (MT1428 extension),CNH,OK,MT1428,,,,,MT1428,,yes,,,https://app.hubspot.com/contacts/7423331/record/0-3/45001879962
44452307264,CNH: Pancreatic cancer - plasma (MT2510 extension),CNH,OK,MT2510,,,,,MT2510,,yes,,,https://app.hubspot.com/contacts/7423331/record/0-3/44452307264
59086442145,CNH: Stage IV prostate cancer - blood (MT1422),CNH,OK,MT1422,,,,,MT1422,,,,,https://app.hubspot.com/contacts/7423331/record/0-3/59086442145
5102627245,"CRX: Allogenic HCT - marrow, blood, buccal swab (MT2073)",CRX,OK,MT2073,,,,,MT2073,,,,,https://app.hubspot.com/contacts/7423331/record/0-3/5102627245
12271859299,CRX: Pregnant - blood (MT2066),CRX,OK,MT2066,,,,,MT2066,,,,,https://app.hubspot.com/contacts/7423331/record/0-3/12271859299
14423444062,CRX: pregnant - blood (MT2067),CRX,OK,MT2067,,,,,MT2067,,,,,https://app.hubspot.com/contacts/7423331/record/0-3/14423444062
2016975754,CVC - COVID serum II (MT6025),CVC,OK,MT6025,,,,,MT6025,,,,,https://app.hubspot.com/contacts/7423331/record/0-3/2016975754
3972989216,CVC: Old & co-morbid recovered COVID - serum (MT6024),CVC,OK,MT6024,,,,,MT6024,,,,,https://app.hubspot.com/contacts/7423331/record/0-3/3972989216
4076793317,CVC: Pediatric recovered - serum (MT6018),CVC,OK,MT6018,,,,,MT6018,,,,,https://app.hubspot.com/contacts/7423331/record/0-3/4076793317
3839564650,CVC: Vaccinated COVID - serum (MT6020),CVC,OK,MT6020,,,,,MT6020,,,,,https://app.hubspot.com/contacts/7423331/record/0-3/3839564650
16913185172,DLF: NSCLC and 20 pack year healthy - plasma (MT4922),DLF,OK,MT4922,,,,,MT4922,,,,,https://app.hubspot.com/contacts/7423331/record/0-3/16913185172
38376344121,DLF: NSCLC and Healthy - plasma (MT4901) ,DLF,OK,MT4901,,,,,MT4901,,,,,https://app.hubspot.com/contacts/7423331/record/0-3/38376344121
57865552200,DLF: NSCLC and non-cancer - plasma (MT4901 extension #1),DLF,OK,MT4901,,,,,MT4901,,yes,1,,https://app.hubspot.com/contacts/7423331/record/0-3/57865552200
13461214297,"DPB: Breast, HNSCC, NSCLC, MIBC, prostate, RCC – FFPE slides, whole blood & SDF (MT7455)",DPB,OK,MT7455,,,,,MT7455,,,,,https://app.hubspot.com/contacts/7423331/record/0-3/13461214297
6564689711,DSN: Additional 100 subjects - NPS (MT1728 extension),DSN,OK,MT1728,,,,,MT1728,,yes,,,https://app.hubspot.com/contacts/7423331/record/0-3/6564689711
2884570076,"DSN: COVID - NP swab, saliva (MT1741)",DSN,OK,MT1741,,,,,MT1741,,,,,https://app.hubspot.com/contacts/7423331/record/0-3/2884570076
4909791791,DSN: COVID positives - NPS & NS (MT1733),DSN,OK,MT1733,,,,,MT1733,,,,,https://app.hubspot.com/contacts/7423331/record/0-3/4909791791
6257940746,DSN: Respiratory infection - NPS (MT1728),DSN,OK,MT1728,,,,,MT1728,,,,,https://app.hubspot.com/contacts/7423331/record/0-3/6257940746
7443881309,DSN: Respiratory infections - NPS (MT1729 - NEVER ACTIVATED),DSN,OK,MT1729,,,,,MT1729,,,,,https://app.hubspot.com/contacts/7423331/record/0-3/7443881309
3603215978,DSN: Symptomatic COVID 100 MORE - NP swab + saliva (MT1745),DSN,OK,MT1745,,,,,MT1745,,,,,https://app.hubspot.com/contacts/7423331/record/0-3/3603215978
63027383055,EBV: RA + SLE - Whole Blood (MT3626),EBV,OK,MT3626,,,,,MT3626,,,,,https://app.hubspot.com/contacts/7423331/record/0-3/63027383055
59419170124,"EXS: Adenoma + Negative Colonoscopy - Plasma, Buffy, FFPE (MT7053)",EXS,OK,MT7053,,,,,MT7053,,,,,https://app.hubspot.com/contacts/7423331/record/0-3/59419170124
15272105505,"EXS: Breast & CRC LBgard 1.2 vs LBgard 2 - FFPE, plasma, buffy coat (MT7045) - SEE COMPLETION NOTE",EXS,OK,MT7045,,,,,MT7045,,,,,https://app.hubspot.com/contacts/7423331/record/0-3/15272105505
14520455817,"EXS: Breast & CRC Streck vs. LBgard - FFPE, plasma, buffy coat (MT7026) - SEE COMPLETION NOTE",EXS,OK,MT7026,,,,,MT7026,,,,,https://app.hubspot.com/contacts/7423331/record/0-3/14520455817
35387590454,"EXS: Breast, CRC, other solid tumors EDTA vs. LBgard 2.0 - FFPE, plasma, buffy coat (SEE NOTE) (MT7029)",EXS,OK,MT7029,,,,,MT7029,,,,,https://app.hubspot.com/contacts/7423331/record/0-3/35387590454
35392097692,"EXS: Breast, CRC, other solid tumors Roche cfDNA vs. LBgard 2.0 - FFPE, plasma, buffy coat (MT7047)",EXS,OK,MT7047,,,,,MT7047,,,,,https://app.hubspot.com/contacts/7423331/record/0-3/35392097692
49779156232,EXS: CRC - Plasma & Buffy Coat (MT7033),EXS,OK,MT7033,,,,,MT7033,,,,,https://app.hubspot.com/contacts/7423331/record/0-3/49779156232
32254224982,"EXS: CRC ccfDNA PAXgene vs. LBgard - FFPE, plasma, buffy coat (SEE NOTE) (MT7034)",EXS,OK,MT7034,,,,,MT7034,,,,,https://app.hubspot.com/contacts/7423331/record/0-3/32254224982
13797730476,"EXS: CRC Paxgene vs. LBgard - FFPE, plasma, buffy coat (MT7032) - SEE COMPLETION NOTE",EXS,OK,MT7032,,,,,MT7032,,,,,https://app.hubspot.com/contacts/7423331/record/0-3/13797730476
60895999280,EXS: Healthy - Streck Whole Blood (MT7055),EXS,OK,MT7055,,,,,MT7055,,,,,https://app.hubspot.com/contacts/7423331/record/0-3/60895999280
42558511949,EXS: Healthy pilot #1 - blood (MT7031),EXS,OK,MT7031,,,,,MT7031,,,,,https://app.hubspot.com/contacts/7423331/record/0-3/42558511949
14798095757,"EXS: Longitudinal breast & normal - FFPE, plasma, buffy coat (MT7040) - SEE COMPLETION NOTE",EXS,OK,MT7040,,,,,MT7040,,,,,https://app.hubspot.com/contacts/7423331/record/0-3/14798095757
61024892244,EXS: Prospective Late-stage HCC - Plasma (MT7059),EXS,OK,MT7059,,,,,MT7059,,,,,https://app.hubspot.com/contacts/7423331/record/0-3/61024892244
60142069006,"EXS: Prospective Matched Breast Cancer (FFPE tumor + FFPE NAT, Plasma, Buffy) (MT7051)",EXS,OK,MT7051,,,,,MT7051,,,,,https://app.hubspot.com/contacts/7423331/record/0-3/60142069006
56828813599,"EXS: Prospective Matched CRC (FFPE tumor + FFPE NAT, Plasma, Buffy) (MT7049)",EXS,OK,MT7049,,,,,MT7049,,,,,https://app.hubspot.com/contacts/7423331/record/0-3/56828813599
36153551748,"EXS: Stage I, III, IV CRC + normal - blood & serum (MT7030) ",EXS,OK,MT7030,,,,,MT7030,,,,,https://app.hubspot.com/contacts/7423331/record/0-3/36153551748
54105449851,EXS: Stage I-II CRC & APL - plasma (MT7036),EXS,OK,MT7036,,,,,MT7036,,,,,https://app.hubspot.com/contacts/7423331/record/0-3/54105449851
53999232094,EXS: Stage I-II CRC - plasma (MT7042),EXS,OK,MT7042,,,,,MT7042,,,,,https://app.hubspot.com/contacts/7423331/record/0-3/53999232094
59180958492,EXS: Stage I-II CRC - plasma (MT7042-Extension 1),EXS,OK,MT7042,,,,,MT7042,,yes,1,,https://app.hubspot.com/contacts/7423331/record/0-3/59180958492
32256173615,EXS: Stage III-IV bladder & melanoma (additional cases from Turkey) - plasma (MT7028),EXS,OK,MT7028,,,,,MT7028,,,,,https://app.hubspot.com/contacts/7423331/record/0-3/32256173615
18850557095,"EXS: Stage III-IV bladder, melanoma, TNBC (4 cases) - plasma (MT7027)",EXS,OK,MT7027,,,,,MT7027,,,,,https://app.hubspot.com/contacts/7423331/record/0-3/18850557095
60177786540,FDM: Leukemias & chronic myeloid neoplasms - blood & marrow (MT0865),FDM,OK,MT0865,,,,,MT0865,,,,,https://app.hubspot.com/contacts/7423331/record/0-3/60177786540
14378586201,FLG: Atopic dermatitis - tissue & blood (MT7573),FLG,OK,MT7573,,,,,MT7573,,,,,https://app.hubspot.com/contacts/7423331/record/0-3/14378586201
16404709018,"FLG: Atopic dermatitis - tissue, blood (MT7573 extension #1)",FLG,OK,MT7573,,,,,MT7573,,yes,1,,https://app.hubspot.com/contacts/7423331/record/0-3/16404709018
18692811882,"FLG: Atopic dermatitis - tissue, blood (MT7573 extension #2)",FLG,OK,MT7573,,,,,MT7573,,yes,2,,https://app.hubspot.com/contacts/7423331/record/0-3/18692811882
14378586259,FLG: Healthy skin - tissue & blood (MT7580),FLG,OK,MT7580,,,,,MT7580,,,,,https://app.hubspot.com/contacts/7423331/record/0-3/14378586259
14009316242,"FLG: Vitiligo - tissue, blood, PBMCs (MT7562)",FLG,OK,MT7562,,,,,MT7562,,,,,https://app.hubspot.com/contacts/7423331/record/0-3/14009316242
7811533649,FTX: Late stage bladder cancer - FFPE (MT7330),FTX,OK,MT7330,,,,,MT7330,,,,,https://app.hubspot.com/contacts/7423331/record/0-3/7811533649
17905799857,GBI: IBD - tissue (MT3002),GBI,OK,MT3002,,,,,MT3002,,,,,https://app.hubspot.com/contacts/7423331/record/0-3/17905799857
19854700332,GBI: IBD and non-IBD ileum - tissue (MT3004),GBI,OK,MT3004,,,,,MT3004,,,,,https://app.hubspot.com/contacts/7423331/record/0-3/19854700332
12827050115,GCH: cancer and ovarian mass - whole blood OR plasma (MT2620),GCH,OK,MT2620,,,,,MT2620,,,,,https://app.hubspot.com/contacts/7423331/record/0-3/12827050115
14519126828,GCH: Nodules & COPD control - blood or plasma (MT2635),GCH,OK,MT2635,,,,,MT2635,,,,,https://app.hubspot.com/contacts/7423331/record/0-3/14519126828
18386343507,GCH: Nodules and COPD control: blood or plasma (MT2635 extension #1),GCH,OK,MT2635,,,,,MT2635,,yes,1,,https://app.hubspot.com/contacts/7423331/record/0-3/18386343507
18983240532,GCH: Nodules: blood or plasma (MT2635 extension #2) SEE NOTE,GCH,OK,MT2635,,,,,MT2635,,yes,2,,https://app.hubspot.com/contacts/7423331/record/0-3/18983240532
15723275535,GCH: Stage I & II lung cancer – whole blood or plasma (MT2620 extension #3),GCH,OK,MT2620,,,,,MT2620,,yes,3,,https://app.hubspot.com/contacts/7423331/record/0-3/15723275535
15723469437,GCH: Stage III & IV breast cancer – whole blood or plasma (MT2620 extension #2),GCH,OK,MT2620,,,,,MT2620,,yes,2,,https://app.hubspot.com/contacts/7423331/record/0-3/15723469437
13731502594,GCH: Stage III and IV breast - plasma (MT2620 extension #1),GCH,OK,MT2620,,,,,MT2620,,yes,1,,https://app.hubspot.com/contacts/7423331/record/0-3/13731502594
4995494811,GHI: 15 weeks normal - blood (MT1802),GHI,OK,MT1802,,,,,MT1802,,,,,https://app.hubspot.com/contacts/7423331/record/0-3/4995494811
7908707741,GHI: 2 healthies - whole blood (MT1814),GHI,OK,MT1814,,,,,MT1814,,,,,https://app.hubspot.com/contacts/7423331/record/0-3/7908707741
10130824759,GHI: 20 Healthies - blood (MT1818),GHI,OK,MT1818,,,,,MT1818,,,,,https://app.hubspot.com/contacts/7423331/record/0-3/10130824759
7787488599,GHI: 3 Healthies #2 - blood (MT1812),GHI,OK,MT1812,,,,,MT1812,,,,,https://app.hubspot.com/contacts/7423331/record/0-3/7787488599
7206481323,GHI: 3 healthies - blood (MT1806),GHI,OK,MT1806,,,,,MT1806,,,,,https://app.hubspot.com/contacts/7423331/record/0-3/7206481323
7937647872,GHI: 450 healthies - plasma (MT1815),GHI,OK,MT1815,,,,,MT1815,,,,,https://app.hubspot.com/contacts/7423331/record/0-3/7937647872
8872640308,GHI: A5 healthy study - blood (MT1817),GHI,OK,MT1817,,,,,MT1817,,,,,https://app.hubspot.com/contacts/7423331/record/0-3/8872640308
9826079282,GHI: Banked cancer & matched healthy samples - plasma (MT1870),GHI,OK,MT1870,,,,,MT1870,,,,,https://app.hubspot.com/contacts/7423331/record/0-3/9826079282
7206868589,GHI: Breast & mammogram - plasma & buffy coat (MT1808 extension),GHI,OK,MT1808,,,,,MT1808,,yes,,,https://app.hubspot.com/contacts/7423331/record/0-3/7206868589
4359802142,GHI: Breast & mammogram - plasma & buffy coat (MT1808),GHI,OK,MT1808,,,,,MT1808,,,,,https://app.hubspot.com/contacts/7423331/record/0-3/4359802142
9144929311,"GHI: Breast & mammogram - plasma, buffy coat, PAXgene (MT1808 extension #2)",GHI,OK,MT1808,,,,,MT1808,,yes,2,,https://app.hubspot.com/contacts/7423331/record/0-3/9144929311
6069801755,"GHI: Breast, bladder, lung - FFPE & plasma (MT1811 extension)",GHI,OK,MT1811,,,,,MT1811,,yes,,,https://app.hubspot.com/contacts/7423331/record/0-3/6069801755
4040880368,"GHI: Brst, lung, blad - pre-op plasma, FFPE (MT1811)",GHI,OK,MT1811,,,,,MT1811,,,,,https://app.hubspot.com/contacts/7423331/record/0-3/4040880368
6841004149,GHI: Colonoscopy -  plasma & buffy coat (MT1816),GHI,OK,MT1816,,,,,MT1816,,,,,https://app.hubspot.com/contacts/7423331/record/0-3/6841004149
5195152704,GHI: Colonoscopy - plasma (MT1801-B 2nd extension),GHI,OK,MT1801-B,,,,,MT1801,B,yes,2,,https://app.hubspot.com/contacts/7423331/record/0-3/5195152704
5464681620,GHI: Colonoscopy - plasma (MT1801-B 3rd extension),GHI,OK,MT1801-B,,,,,MT1801,B,yes,3,,https://app.hubspot.com/contacts/7423331/record/0-3/5464681620
18272261702,GHI: CRC - blood (MT1826),GHI,OK,MT1826,,,,,MT1826,,,,,https://app.hubspot.com/contacts/7423331/record/0-3/18272261702
8151290679,GHI: CRC - plasma & buffy coat (MT1825),GHI,OK,MT1825,,,,,MT1825,,,,,https://app.hubspot.com/contacts/7423331/record/0-3/8151290679
57939054240,GHI: CRC - plasma (MT1823),GHI,OK,MT1823,,,,,MT1823,,,,,https://app.hubspot.com/contacts/7423331/record/0-3/57939054240
3415035431,"GHI: CRC, colonoscopies, & ""self-reported healthy""- blood (MT1801)",GHI,OK,MT1801,,,,,MT1801,,,,,https://app.hubspot.com/contacts/7423331/record/0-3/3415035431
6841420663,GHI: Dec 1 and 2 healthy - blood (MT1807),GHI,OK,MT1807,,,,,MT1807,,,,,https://app.hubspot.com/contacts/7423331/record/0-3/6841420663
6593984429,"GHI: Dec 6,7,13, 14 healthies - 80 mL blood (MT1809)",GHI,OK,MT1809,,,,,MT1809,,,,,https://app.hubspot.com/contacts/7423331/record/0-3/6593984429
4013187528,GHI: Healthies - whole blood (MT1805),GHI,OK,MT1805,,,,,MT1805,,,,,https://app.hubspot.com/contacts/7423331/record/0-3/4013187528
4040587439,GHI: Healthy & colonoscopy - plasma (MT1801-B and C extension),GHI,OK,MT1801-B,,,,,MT1801,B,yes,,,https://app.hubspot.com/contacts/7423331/record/0-3/4040587439
63222180912,GHI: Healthy - blood (50 subjects) (MT1831 extension #1),GHI,OK,MT1831,,,,,MT1831,,yes,1,,https://app.hubspot.com/contacts/7423331/record/0-3/63222180912
55389544979,GHI: Healthy - blood (MT1828),GHI,OK,MT1828,,,,,MT1828,,,,,https://app.hubspot.com/contacts/7423331/record/0-3/55389544979
18382530968,GHI: Healthy - blood (MT1830),GHI,OK,MT1830,,,,,MT1830,,,,,https://app.hubspot.com/contacts/7423331/record/0-3/18382530968
62121933965,GHI: Healthy - blood (MT1831),GHI,OK,MT1831,,,,,MT1831,,,,,https://app.hubspot.com/contacts/7423331/record/0-3/62121933965
21136478001,GHI: healthy - blood (MT1832),GHI,OK,MT1832,,,,,MT1832,,,,,https://app.hubspot.com/contacts/7423331/record/0-3/21136478001
17657351961,GHI: Healthy - whole blood (MT1829),GHI,OK,MT1829,,,,,MT1829,,,,,https://app.hubspot.com/contacts/7423331/record/0-3/17657351961
14884237127,GHI: LDCT (MT1822) follow up - data only,GHI,OK,MT1822,,,,,MT1822,,,,,https://app.hubspot.com/contacts/7423331/record/0-3/14884237127
9144929918,"GHI: Lung cancer & CT - plasma, buffy coat, PAXgene (MT1822 extension #1)",GHI,OK,MT1822,,,,,MT1822,,yes,1,,https://app.hubspot.com/contacts/7423331/record/0-3/9144929918
5192568611,GHI: Lung cancer & LDCT - plasma & buffy coat (MT1822),GHI,OK,MT1822,,,,,MT1822,,,,,https://app.hubspot.com/contacts/7423331/record/0-3/5192568611
9545049516,GHI: O1 Study (10 subjects) healthy - blood (MT1803-C extension #2),GHI,OK,MT1803-C,,,,,MT1803,C,yes,2,,https://app.hubspot.com/contacts/7423331/record/0-3/9545049516
9200611331,GHI: O1 Study (90 subjects) healthy - blood (MT1803-C extension #1),GHI,OK,MT1803-C,,,,,MT1803,C,yes,1,,https://app.hubspot.com/contacts/7423331/record/0-3/9200611331
6320675681,GHI: Pre/post mammogram - plasma & buffy coat (MT1810),GHI,OK,MT1810,,,,,MT1810,,,,,https://app.hubspot.com/contacts/7423331/record/0-3/6320675681
6338275664,GHI: Self-reported healthy 4 subjects - whole blood (MT1804),GHI,OK,MT1804,,,,,MT1804,,,,,https://app.hubspot.com/contacts/7423331/record/0-3/6338275664
4996832420,GHI: Stability Study Healthy & CRC - blood & plasma (MT1803),GHI,OK,MT1803,,,,,MT1803,,,,,https://app.hubspot.com/contacts/7423331/record/0-3/4996832420
40473978002,"GHI: Stage III- IV NSCLC, CRC, Breast, PDAC, Prostate Others) - whole blood (MT1819)",GHI,OK,MT1819,,,,,MT1819,,,,,https://app.hubspot.com/contacts/7423331/record/0-3/40473978002
59814898815,"GHI: Stage III- IV NSCLC, CRC, Breast, PDAC, Prostate, Others - whole blood (MT1819 extension #1)",GHI,OK,MT1819,,,,,MT1819,,yes,1,,https://app.hubspot.com/contacts/7423331/record/0-3/59814898815
10037566626,GHI: Standing process validation project healthies - blood (MT1860 extension #1),GHI,OK,MT1860,,,,,MT1860,,yes,1,,https://app.hubspot.com/contacts/7423331/record/0-3/10037566626
7881060781,GHI: Standing process validation project healthies - blood (MT1860),GHI,OK,MT1860,,,,,MT1860,,,,,https://app.hubspot.com/contacts/7423331/record/0-3/7881060781
51926022463,GHI: various cancer - whole blood (MT1821),GHI,OK,MT1821,,,,,MT1821,,,,,https://app.hubspot.com/contacts/7423331/record/0-3/51926022463
3375350462,GIL: AML & MM - whole blood (MT0554),GIL,OK,MT0554,,,,,MT0554,,,,,https://app.hubspot.com/contacts/7423331/record/0-3/3375350462
39221637246,GIL: Atopic dermatitis - flash frozen skin punch biopsies (MT0570),GIL,OK,MT0570,,,,,MT0570,,,,,https://app.hubspot.com/contacts/7423331/record/0-3/39221637246
36604732021,GIL: Atopic dermatitis - frozen skin punch biopsies (MT0569),GIL,OK,MT0569,,,,,MT0569,,,,,https://app.hubspot.com/contacts/7423331/record/0-3/36604732021
2679687491,"GIL: CD & UC failed therapy, HV - punch biopsies, serum, PaxGene, PBMC, stool (MT0597)",GIL,OK,MT0597,,,,,MT0597,,,,,https://app.hubspot.com/contacts/7423331/record/0-3/2679687491
1838314643,"GIL: COVID - PBMC, swab, plasma (MT0580)",GIL,OK,MT0580,,,,,MT0580,,,,,https://app.hubspot.com/contacts/7423331/record/0-3/1838314643
4536886102,"GIL: Healthy colon - FFPE, frozen, RNAlater, Study 2 (MT0594)",GIL,OK,MT0594,,,,,MT0594,,,,,https://app.hubspot.com/contacts/7423331/record/0-3/4536886102
44585888892,GIL: Healthy Colon - fresh biopsies (MT0572),GIL,OK,MT0572,,,,,MT0572,,,,,https://app.hubspot.com/contacts/7423331/record/0-3/44585888892
10475230581,"GIL: Healthy colon biopsies - tissue, serum, plasma (MT0593)",GIL,OK,MT0593,,,,,MT0593,,,,,https://app.hubspot.com/contacts/7423331/record/0-3/10475230581
5693324033,"GIL: Healthy colon Study #2 extension #1 - tissue, serum, plasma, blood (MT0594)",GIL,OK,MT0594,,,,,MT0594,,yes,1,,https://app.hubspot.com/contacts/7423331/record/0-3/5693324033
4817493841,GIL: Lupus nephritis - FFPE (MT0563),GIL,OK,MT0563,,,,,MT0563,,,,,https://app.hubspot.com/contacts/7423331/record/0-3/4817493841
2639121018,GIL: TNB FFPE & fresh WB (MT0552),GIL,OK,MT0552,,,,,MT0552,,,,,https://app.hubspot.com/contacts/7423331/record/0-3/2639121018
11001075112,GIL: Ulcerative colitis biopsy fixation study - tissue (MT0558),GIL,OK,MT0558,,,,,MT0558,,,,,https://app.hubspot.com/contacts/7423331/record/0-3/11001075112
2288985728,GNK: COVID - swabs & salivas (MT6085),GNK,OK,MT6085,,,,,MT6085,,,,,https://app.hubspot.com/contacts/7423331/record/0-3/2288985728
21724470655,"GNT: Bladder, colon, NSCLC, rectal cancer - plasma (MT1300 ext#3)",GNT,OK,MT1300,,,,,MT1300,,yes,3,,https://app.hubspot.com/contacts/7423331/record/0-3/21724470655
21118951991,GNT: Cancer and high risk - plasma (MT1300 extension #1),GNT,OK,MT1300,,,,,MT1300,,yes,1,,https://app.hubspot.com/contacts/7423331/record/0-3/21118951991
18604759819,GNT: Cancer and high risk - plasma (MT1300),GNT,OK,MT1300,,,,,MT1300,,,,,https://app.hubspot.com/contacts/7423331/record/0-3/18604759819
19886052200,GNT: IBD - tissue (MT3101 extension #1),GNT,OK,MT3101,,,,,MT3101,,yes,1,,https://app.hubspot.com/contacts/7423331/record/0-3/19886052200
13072179847,GNT: IBD - tissue (MT3101) (see note),GNT,OK,MT3101,,,,,MT3101,,,,,https://app.hubspot.com/contacts/7423331/record/0-3/13072179847
21760643628,"GNT: Prospective adenomas, cancers, controls - plasma (MT1313)",GNT,OK,MT1313,,,,,MT1313,,,,,https://app.hubspot.com/contacts/7423331/record/0-3/21760643628
18761232897,GRL: Lung Adenocarcinoma - Whole blood or plasma (MT8001),GRL,OK,MT8001,,,,,MT8001,,,,,https://app.hubspot.com/contacts/7423331/record/0-3/18761232897
10023632773,HBM: MCL - blood (MT2095),HBM,OK,MT2095,,,,,MT2095,,,,,https://app.hubspot.com/contacts/7423331/record/0-3/10023632773
6615115296,HBM: Type 1 diabetes & SLE - blood (MT2092),HBM,OK,MT2092,,,,,MT2092,,,,,https://app.hubspot.com/contacts/7423331/record/0-3/6615115296
2842491175,HFB: Post transplant AML - longitudinal PBMC & plasma (MT6032),HFB,OK,MT6032,,,,,MT6032,,,,,https://app.hubspot.com/contacts/7423331/record/0-3/2842491175
2397569132,IGM: Myeloma - marrow & WB (MT1601),IGM,OK,MT1601,,,,,MT1601,,,,,https://app.hubspot.com/contacts/7423331/record/0-3/2397569132
10555717014,ILM: 150 NSCLC - plasma (MT5901),ILM,OK,MT5901,,,,,MT5901,,,,,https://app.hubspot.com/contacts/7423331/record/0-3/10555717014
9321983033,ILM: NSCLC - plasma (MT7400),ILM,OK,MT7400,,,,,MT7400,,,,,https://app.hubspot.com/contacts/7423331/record/0-3/9321983033
43476190533,IMN: CRC - whole blood (MT1226),IMN,OK,MT1226,,,,,MT1226,,,,,https://app.hubspot.com/contacts/7423331/record/0-3/43476190533
9321986192,IOS: NASH - FFPE (MT2380),IOS,OK,MT2380,,,,,MT2380,,,,,https://app.hubspot.com/contacts/7423331/record/0-3/9321986192
37634966348,IOV: 1g fresh tumors - tissue & blood (MT9220 extension #5),IOV,OK,MT9220,,,,,MT9220,,yes,5,,https://app.hubspot.com/contacts/7423331/record/0-3/37634966348
3565967124,IVX: GBM - tumor (MT1851),IVX,OK,MT1851,,,,,MT1851,,,,,https://app.hubspot.com/contacts/7423331/record/0-3/3565967124
43542936108,JNJ: Atopic derm - blood (MT1778),JNJ,OK,MT1778,,,,,MT1778,,,,,https://app.hubspot.com/contacts/7423331/record/0-3/43542936108
44081509008,JNJ: Atopic derm - curette skin scrapes & serum (MT1785),JNJ,OK,MT1785,,,,,MT1785,,,,,https://app.hubspot.com/contacts/7423331/record/0-3/44081509008
33774361120,JNJ: Atopic dermatitis - frozen tissue & serum (MT0823 ext #1),JNJ,OK,MT0823,,,,,MT0823,,yes,1,,https://app.hubspot.com/contacts/7423331/record/0-3/33774361120
22935500413,JNJ: Atopic Dermatitis - serum and skin punch biopsies (MT0823),JNJ,OK,MT0823,,,,,MT0823,,,,,https://app.hubspot.com/contacts/7423331/record/0-3/22935500413
21575582058,"JNJ: Glaucoma - plasma, aqueous humor, OCT imaging (MT0817)",JNJ,OK,MT0817,,,,,MT0817,,,,,https://app.hubspot.com/contacts/7423331/record/0-3/21575582058
7519176807,JNJ: Healthy African American - blood (MT0808),JNJ,OK,MT0808,,,,,MT0808,,,,,https://app.hubspot.com/contacts/7423331/record/0-3/7519176807
57019091286,JNJ: Healthy swing bucket - plasma (MT1791),JNJ,OK,MT1791,,,,,MT1791,,,,,https://app.hubspot.com/contacts/7423331/record/0-3/57019091286
35387581763,JNJ: High eosinophil asthma - blood (MT1780),JNJ,OK,MT1780,,,,,MT1780,,,,,https://app.hubspot.com/contacts/7423331/record/0-3/35387581763
7608904582,JNJ: mCRPC - leukopak (MT0806),JNJ,OK,MT0806,,,,,MT0806,,,,,https://app.hubspot.com/contacts/7423331/record/0-3/7608904582
14613561381,JNJ: Multiple myeloma (prosp) - BMMC (MT0812),JNJ,OK,MT0812,,,,,MT0812,,,,,https://app.hubspot.com/contacts/7423331/record/0-3/14613561381
40715626396,JNJ: Multiple myeloma - BMMCs (MT1777 extension #1),JNJ,OK,MT1777,,,,,MT1777,,yes,1,,https://app.hubspot.com/contacts/7423331/record/0-3/40715626396
31407568275,JNJ: Multiple myeloma - BMMCs (MT1777),JNJ,OK,MT1777,,,,,MT1777,,,,,https://app.hubspot.com/contacts/7423331/record/0-3/31407568275
4580474515,JNJ: Normal colon - biopsies (MT0821),JNJ,OK,MT0821,,,,,MT0821,,,,,https://app.hubspot.com/contacts/7423331/record/0-3/4580474515
46110323336,JNJ: Normal colon biopsy - tissue (MT1782 extension #1),JNJ,OK,MT1782,,,,,MT1782,,yes,1,,https://app.hubspot.com/contacts/7423331/record/0-3/46110323336
37160033193,JNJ: Normal colon biopsy - tissue (MT1782),JNJ,OK,MT1782,,,,,MT1782,,,,,https://app.hubspot.com/contacts/7423331/record/0-3/37160033193
58025473587,JNJ: Normal colon biopsy - tissue (MT1793),JNJ,OK,MT1793,,,,,MT1793,,,,,https://app.hubspot.com/contacts/7423331/record/0-3/58025473587
22849065039,JNJ: Prostate cancer liver mets - FFPE slides (MT0802),JNJ,OK,MT0802,,,,,MT0802,,,,,https://app.hubspot.com/contacts/7423331/record/0-3/22849065039
6766447881,JNJ: RA - serum (MT0839),JNJ,OK,MT0839,,,,,MT0839,,,,,https://app.hubspot.com/contacts/7423331/record/0-3/6766447881
1979521917,"JNJ: SLE, CLE, LN, RA, PSA, SjS, HV - blood, urine, tissue (MT0805)",JNJ,OK,MT0805,,,,,MT0805,,,,,https://app.hubspot.com/contacts/7423331/record/0-3/1979521917
61355891517,JNJ: Visceral abdominal fat - frozen tissue (MT1795),JNJ,OK,MT1795,,,,,MT1795,,,,,https://app.hubspot.com/contacts/7423331/record/0-3/61355891517
35852512771,JNJ: Young subjects - aqueous humor (MT1789),JNJ,OK,MT1789,,,,,MT1789,,,,,https://app.hubspot.com/contacts/7423331/record/0-3/35852512771
3375276097,KTE: Myeloma & normal - fresh marrow (MT0915),KTE,OK,MT0915,,,,,MT0915,,,,,https://app.hubspot.com/contacts/7423331/record/0-3/3375276097
39285514652,"LLY: Pre-eclampsia, pregnant healthy control, age matched non-pregnant - plasma and serum (MT3702)",LLY,OK,MT3702,,,,,MT3702,,,,,https://app.hubspot.com/contacts/7423331/record/0-3/39285514652
1942957208,MDA: COVID - serum (MT6065),MDA,OK,MT6065,,,,,MT6065,,,,,https://app.hubspot.com/contacts/7423331/record/0-3/1942957208
5231539603,MRK: AML & healthy - marrow & blood (MT0413),MRK,OK,MT0413,,,,,MT0413,,,,,https://app.hubspot.com/contacts/7423331/record/0-3/5231539603
9357496748,MRK: AtD - tissue & blood (MT0452),MRK,OK,MT0452,,,,,MT0452,,,,,https://app.hubspot.com/contacts/7423331/record/0-3/9357496748
11332989540,"MRK: AtD - tissue, skin tapes, serum (MT0423)",MRK,OK,MT0423,,,,,MT0423,,,,,https://app.hubspot.com/contacts/7423331/record/0-3/11332989540
7645523894,MRK: Atherosclerotic plaques - tissue (MT0416),MRK,OK,MT0416,,,,,MT0416,,,,,https://app.hubspot.com/contacts/7423331/record/0-3/7645523894
17490869924,"MRK: Atomic Dermatitis, Normal - skin punch biopsies, serum, buffy coat (MT0437)",MRK,OK,MT0437,,,,,MT0437,,,,,https://app.hubspot.com/contacts/7423331/record/0-3/17490869924
55200053631,MRK: Atopic derm & normal biopsies - tissue (MT0465),MRK,OK,MT0465,,,,,MT0465,,,,,https://app.hubspot.com/contacts/7423331/record/0-3/55200053631
22678927187,"MRK: Atopic derm and healthy - frozen tissue, blood, plasma, buffy coat (MT0432)",MRK,OK,MT0432,,,,,MT0432,,,,,https://app.hubspot.com/contacts/7423331/record/0-3/22678927187
53700627757,MRK: Atopic dermatis and healthy - tissue and blood (MT0445),MRK,OK,MT0445,,,,,MT0445,,,,,https://app.hubspot.com/contacts/7423331/record/0-3/53700627757
31738592029,"MRK: Atopic dermatitis & healthy - frozen tissue, blood, plasma, buffy coat (MT0432 extension #1)",MRK,OK,MT0432,,,,,MT0432,,yes,1,,https://app.hubspot.com/contacts/7423331/record/0-3/31738592029
37493228544,MRK: Atopic dermatitis - skin tapes and skin punch biopsies (MT0457),MRK,OK,MT0457,,,,,MT0457,,,,,https://app.hubspot.com/contacts/7423331/record/0-3/37493228544
11819942159,MRK: atopic dermatitis - tissue (MT0417),MRK,OK,MT0417,,,,,MT0417,,,,,https://app.hubspot.com/contacts/7423331/record/0-3/11819942159
2281516563,MRK: Atopic Dermatitis - tissue (MT0422),MRK,OK,MT0422,,,,,MT0422,,,,,https://app.hubspot.com/contacts/7423331/record/0-3/2281516563
15590337559,"MRK: Atopic dermatitis - tissue, blood (MT0428)",MRK,OK,MT0428,,,,,MT0428,,,,,https://app.hubspot.com/contacts/7423331/record/0-3/15590337559
19228976750,"MRK: Atopic dermatitis - tissue, skin tapes, buffy coat (MT0429)",MRK,OK,MT0429,,,,,MT0429,,,,,https://app.hubspot.com/contacts/7423331/record/0-3/19228976750
4104048132,MRK: Bladder & esophageal cancer - FFPE (MT0448),MRK,OK,MT0448,,,,,MT0448,,,,,https://app.hubspot.com/contacts/7423331/record/0-3/4104048132
60691192441,MRK: Chronic spontaneous urticaria - FFPE tissue & serum (MT0471),MRK,OK,MT0471,,,,,MT0471,,,,,https://app.hubspot.com/contacts/7423331/record/0-3/60691192441
53354380176,MRK: Chronic urticaria - skin tapes and skin punch biopsies (MT0404 extension #1),MRK,OK,MT0404,,,,,MT0404,,yes,1,,https://app.hubspot.com/contacts/7423331/record/0-3/53354380176
40715637340,"MRK: Chronic urticaria, cutaneous lupus - skin punch biopsies, skin tape strips, serum (MT0404)",MRK,OK,MT0404,,,,,MT0404,,,,,https://app.hubspot.com/contacts/7423331/record/0-3/40715637340
1991368877,MRK: CRC/blad/ gast/lung/breast/H&N - blood (MT0415),MRK,OK,MT0415,,,,,MT0415,,,,,https://app.hubspot.com/contacts/7423331/record/0-3/1991368877
33820632753,MRK: Crohn's disease - tissue biopsies (MT0438 extension #1),MRK,OK,MT0438,,,,,MT0438,,yes,1,,https://app.hubspot.com/contacts/7423331/record/0-3/33820632753
59173006954,MRK: Crohn's disease and ulcerative colitis - blood and serum (MT0440 extension #1),MRK,OK,MT0440,,,,,MT0440,,yes,1,,https://app.hubspot.com/contacts/7423331/record/0-3/59173006954
37276558155,MRK: Crohn's disease and ulcerative colitis - blood and serum (MT0440),MRK,OK,MT0440,,,,,MT0440,,,,,https://app.hubspot.com/contacts/7423331/record/0-3/37276558155
13152376616,MRK: CRPC - FFPE (MT4304),MRK,OK,MT4304,,,,,MT4304,,,,,https://app.hubspot.com/contacts/7423331/record/0-3/13152376616
4635346329,MRK: Gastroesophageal & endometrial cancer - FFPE (MT0403),MRK,OK,MT0403,,,,,MT0403,,,,,https://app.hubspot.com/contacts/7423331/record/0-3/4635346329
58474793279,MRK: Healthy colonic biopsies - (MT0460 extension #1),MRK,OK,MT0460,,,,,MT0460,,yes,1,,https://app.hubspot.com/contacts/7423331/record/0-3/58474793279
62704528238,MRK: Healthy colonic biopsies - (MT0460 extension #2),MRK,OK,MT0460,,,,,MT0460,,yes,2,,https://app.hubspot.com/contacts/7423331/record/0-3/62704528238
45664216072,MRK: Healthy colonic biopsies - tissue (MT0460),MRK,OK,MT0460,,,,,MT0460,,,,,https://app.hubspot.com/contacts/7423331/record/0-3/45664216072
5651228580,MRK: Heart - FFPE (MT0406),MRK,OK,MT0406,,,,,MT0406,,,,,https://app.hubspot.com/contacts/7423331/record/0-3/5651228580
63222975799,MRK: Hidradenitis suppurativa - tissue (MT0480),MRK,OK,MT0480,,,,,MT0480,,,,,https://app.hubspot.com/contacts/7423331/record/0-3/63222975799
44585890903,MRK: Longitudinal atopic derm going on Dupi - blood & serum (MT0459),MRK,OK,MT0459,,,,,MT0459,,,,,https://app.hubspot.com/contacts/7423331/record/0-3/44585890903
49069998464,MRK: Longitudinal autoimmune going on Humira - whole blood and  serum (MT0443),MRK,OK,MT0443,,,,,MT0443,,,,,https://app.hubspot.com/contacts/7423331/record/0-3/49069998464
51779366027,MRK: Longitudinal psoriasis going onto Skyrizi - serum + biopsies (MT0421),MRK,OK,MT0421,,,,,MT0421,,,,,https://app.hubspot.com/contacts/7423331/record/0-3/51779366027
20715016084,MRK: Non-infectious uveitis - vitreous fluid and humoral fluid (MT0431),MRK,OK,MT0431,,,,,MT0431,,,,,https://app.hubspot.com/contacts/7423331/record/0-3/20715016084
61917306205,MRK: Non-inflammation & non-cancer colonic biopsy - tissue (MT0462 extension #1),MRK,OK,MT0462,,,,,MT0462,,yes,1,,https://app.hubspot.com/contacts/7423331/record/0-3/61917306205
55433906852,MRK: Non-inflammation & non-cancer colonic biopsy - tissue (MT0462),MRK,OK,MT0462,,,,,MT0462,,,,,https://app.hubspot.com/contacts/7423331/record/0-3/55433906852
3963304507,MRK: Normal - FFPE (MT0449),MRK,OK,MT0449,,,,,MT0449,,,,,https://app.hubspot.com/contacts/7423331/record/0-3/3963304507
14546755084,MRK: Normal - FFPE (MT4313),MRK,OK,MT4313,,,,,MT4313,,,,,https://app.hubspot.com/contacts/7423331/record/0-3/14546755084
9429331571,MRK: Normal Bladder - FFPE (MT4302),MRK,OK,MT4302,,,,,MT4302,,,,,https://app.hubspot.com/contacts/7423331/record/0-3/9429331571
10565033296,MRK: Normal small intestine - FFPE (MT4303),MRK,OK,MT4303,,,,,MT4303,,,,,https://app.hubspot.com/contacts/7423331/record/0-3/10565033296
2952553476,MRK: Normal tissue - FFPE (MT0450),MRK,OK,MT0450,,,,,MT0450,,,,,https://app.hubspot.com/contacts/7423331/record/0-3/2952553476
7916492418,MRK: Normal tonsil - FFPE (MT4350),MRK,OK,MT4350,,,,,MT4350,,,,,https://app.hubspot.com/contacts/7423331/record/0-3/7916492418
38774354027,"MRK: Osteoarthritis and healthy - synovial tissue, synovial fluid, synovial cells, serum, PBMC (MT0441)",MRK,OK,MT0441,,,,,MT0441,,,,,https://app.hubspot.com/contacts/7423331/record/0-3/38774354027
9602192934,MRK: Ovarian cancer - ascites (MT0419),MRK,OK,MT0419,,,,,MT0419,,,,,https://app.hubspot.com/contacts/7423331/record/0-3/9602192934
11994508577,MRK: Post neoadjuvant chemoradiation CRC - FFPE (MT0439),MRK,OK,MT0439,,,,,MT0439,,,,,https://app.hubspot.com/contacts/7423331/record/0-3/11994508577
64175414709,MRK: Psoriasis & normal - frozen and FFPE biopsies (MT0466 extension #1),MRK,OK,MT0466,,,,,MT0466,,yes,1,,https://app.hubspot.com/contacts/7423331/record/0-3/64175414709
60672980523,MRK: Psoriasis & normal - frozen and FFPE biopsies (MT0466),MRK,OK,MT0466,,,,,MT0466,,,,,https://app.hubspot.com/contacts/7423331/record/0-3/60672980523
33499031336,MRK: Psoriasis -  serum (MT0436),MRK,OK,MT0436,,,,,MT0436,,,,,https://app.hubspot.com/contacts/7423331/record/0-3/33499031336
28563605054,MRK: Psoriasis - skin tape and tissue (MT0411),MRK,OK,MT0411,,,,,MT0411,,,,,https://app.hubspot.com/contacts/7423331/record/0-3/28563605054
32533093138,MRK: Psoriasis - whole blood (MT0418),MRK,OK,MT0418,,,,,MT0418,,,,,https://app.hubspot.com/contacts/7423331/record/0-3/32533093138
35118074768,MRK: Psoriasis - whole blood (MT0418) extension #1,MRK,OK,MT0418,,,,,MT0418,,yes,1,,https://app.hubspot.com/contacts/7423331/record/0-3/35118074768
28377346956,"MRK: Psoriasis, psoriatic arthritis, healthy - frozen tissue, blood, buffy coat (MT0407)",MRK,OK,MT0407,,,,,MT0407,,,,,https://app.hubspot.com/contacts/7423331/record/0-3/28377346956
35539717542,"MRK: Psoriasis, psoriatic arthritis, healthy- frozen tissue, serum, whole blood ( MT0456)",MRK,OK,MT0456,,,,,MT0456,,,,,https://app.hubspot.com/contacts/7423331/record/0-3/35539717542
42713324413,MRK: Rheumatoid arthritis - synovial fluid (MT0405),MRK,OK,MT0405,,,,,MT0405,,,,,https://app.hubspot.com/contacts/7423331/record/0-3/42713324413
17925746500,"MRK: Rheumatoid Arthritis, osteoarthritis - synovium tissue, synovial fluid, serum, buffy coat (MT0430)",MRK,OK,MT0430,,,,,MT0430,,,,,https://app.hubspot.com/contacts/7423331/record/0-3/17925746500
32533093285,MRK: Therapy-naive IBD - fresh pinch biopsies (MT0409),MRK,OK,MT0409,,,,,MT0409,,,,,https://app.hubspot.com/contacts/7423331/record/0-3/32533093285
58630566983,MRK: Ulcerative colitis & Crohn's disease colonic biopsies - tissue ( MT0472),MRK,OK,MT0472,,,,,MT0472,,,,,https://app.hubspot.com/contacts/7423331/record/0-3/58630566983
30737354875,MRK: Ulcerative Colitis and Crohn's Disease - colonic biopsy (MT0426 Extension #3),MRK,OK,MT0426,,,,,MT0426,,yes,3,,https://app.hubspot.com/contacts/7423331/record/0-3/30737354875
35602074900,MRK: Ulcerative Colitis and Crohn's Disease - colonic biopsy (MT0426 Extension #4),MRK,OK,MT0426,,,,,MT0426,,yes,4,,https://app.hubspot.com/contacts/7423331/record/0-3/35602074900
60710392380,MRK: Ulcerative Colitis and Crohn's Disease - colonic biopsy (MT0426 Extension #5),MRK,OK,MT0426,,,,,MT0426,,yes,5,,https://app.hubspot.com/contacts/7423331/record/0-3/60710392380
11769261485,MRK: Ulcerative Colitis and Crohn's Disease - tissue (MT0426),MRK,OK,MT0426,,,,,MT0426,,,,,https://app.hubspot.com/contacts/7423331/record/0-3/11769261485
6954390299,NGM: Post mortem Cardiac tissues - FFPE (MT2150),NGM,OK,MT2150,,,,,MT2150,,,,,https://app.hubspot.com/contacts/7423331/record/0-3/6954390299
28311945123,NNB: Asthma - blood (MT1535),NNB,OK,MT1535,,,,,MT1535,,,,,https://app.hubspot.com/contacts/7423331/record/0-3/28311945123
28315684233,NNB: Atopic dermatitis - blood (MT1527),NNB,OK,MT1527,,,,,MT1527,,,,,https://app.hubspot.com/contacts/7423331/record/0-3/28315684233
20861755271,NTA: Adenomas - plasma & buffy coat (MT2238),NTA,OK,MT2238,,,,,MT2238,,,,,https://app.hubspot.com/contacts/7423331/record/0-3/20861755271
7918865230,"NTA: Breast cancer pilot - FFPE, plasma, buffy coat (MT2226)",NTA,OK,MT2226,,,,,MT2226,,,,,https://app.hubspot.com/contacts/7423331/record/0-3/7918865230
61029594273,NTA: Classic Hodgkin's lymphoma - plasma & buffy coat (MT2249),NTA,OK,MT2249,,,,,MT2249,,,,,https://app.hubspot.com/contacts/7423331/record/0-3/61029594273
32553901347,NTA: Colonoscopy / FIT - plasma & Paxgene (MT2230 extension #1),NTA,OK,MT2230,,,,,MT2230,,yes,1,,https://app.hubspot.com/contacts/7423331/record/0-3/32553901347
15494314904,"NTA: Colonoscopy, positive stool test, CRC - plasma (MT2230)",NTA,OK,MT2230,,,,,MT2230,,,,,https://app.hubspot.com/contacts/7423331/record/0-3/15494314904
39908206135,NTA: CRC & matched healthies - stool (MT2250),NTA,OK,MT2250,,,,,MT2250,,,,,https://app.hubspot.com/contacts/7423331/record/0-3/39908206135
20308310804,NTA: CRC symptomatic vs asymptomatic colonoscopy - blood (MT2242),NTA,OK,MT2242,,,,,MT2242,,,,,https://app.hubspot.com/contacts/7423331/record/0-3/20308310804
48536653622,NTA: Elderly healthy - blood (MT2248 extension #1),NTA,OK,MT2248,,,,,MT2248,,yes,1,,https://app.hubspot.com/contacts/7423331/record/0-3/48536653622
44452828574,NTA: Elderly healthy - blood (MT2248),NTA,OK,MT2248,,,,,MT2248,,,,,https://app.hubspot.com/contacts/7423331/record/0-3/44452828574
53696111427,NTA: Healthy butterfly vs. straight - blood (MT2246),NTA,OK,MT2246,,,,,MT2246,,,,,https://app.hubspot.com/contacts/7423331/record/0-3/53696111427
38601545021,NTA: Healthy colonoscopy confirmed - plasma & buffy (MT2232),NTA,OK,MT2232,,,,,MT2232,,,,,https://app.hubspot.com/contacts/7423331/record/0-3/38601545021
56981714289,NTA: Healthy Monday - blood (MT2237),NTA,OK,MT2237,,,,,MT2237,,,,,https://app.hubspot.com/contacts/7423331/record/0-3/56981714289
39668843687,NTA: Liver disease & liver cancer - blood (MT2227),NTA,OK,MT2227,,,,,MT2227,,,,,https://app.hubspot.com/contacts/7423331/record/0-3/39668843687
22805369122,NTA: Longitudinal MRD - blood & FFPE (MT2235),NTA,OK,MT2235,,,,,MT2235,,,,,https://app.hubspot.com/contacts/7423331/record/0-3/22805369122
64338355763,NTA: Multi-cancer - blood (MT2234 extension #2),NTA,OK,MT2234,,,,,MT2234,,yes,2,,https://app.hubspot.com/contacts/7423331/record/0-3/64338355763
60694989599,NTA: Multi-cancer and benign disease - blood (MT2234 extension #1),NTA,OK,MT2234,,,,,MT2234,,yes,1,,https://app.hubspot.com/contacts/7423331/record/0-3/60694989599
39673458452,NTA: Multi-cancer and benign disease - blood (MT2234),NTA,OK,MT2234,,,,,MT2234,,,,,https://app.hubspot.com/contacts/7423331/record/0-3/39673458452
64133973787,NTA: Screening colonoscopy & negative colonoscopy - blood (MT2230 extension #4),NTA,OK,MT2230,,,,,MT2230,,yes,4,,https://app.hubspot.com/contacts/7423331/record/0-3/64133973787
60256639902,NTA: Screening colonoscopy or 6 month clean - blood (MT2230-B extension #1),NTA,OK,MT2230-B,,,,,MT2230,B,yes,1,,https://app.hubspot.com/contacts/7423331/record/0-3/60256639902
57601663278,NTA: Screening colonoscopy or 6 month clean - blood (MT2230-B),NTA,OK,MT2230-B,,,,,MT2230,B,yes,,,https://app.hubspot.com/contacts/7423331/record/0-3/57601663278
59545416817,NTA: Stage I-III CRC - plasma (MT2244),NTA,OK,MT2244,,,,,MT2244,,,,,https://app.hubspot.com/contacts/7423331/record/0-3/59545416817
59569911572,NTA: Stage I-III multi-cancer - plasma (MT2239),NTA,OK,MT2239,,,,,MT2239,,,,,https://app.hubspot.com/contacts/7423331/record/0-3/59569911572
12769171252,"NVG: Colonoscopy, adenoma, CRC - frozen blood & plasma (MT2501 extension #1)",NVG,OK,MT2501,,,,,MT2501,,yes,1,,https://app.hubspot.com/contacts/7423331/record/0-3/12769171252
13171841310,"NVG: Colonoscopy, adenoma, CRC - frozen blood & plasma (MT2501 extension #2)",NVG,OK,MT2501,,,,,MT2501,,yes,2,,https://app.hubspot.com/contacts/7423331/record/0-3/13171841310
13648798089,"NVG: Colonoscopy, adenoma, CRC - frozen blood & plasma (MT2501 extension #3)",NVG,OK,MT2501,,,,,MT2501,,yes,3,,https://app.hubspot.com/contacts/7423331/record/0-3/13648798089
11752186633,"NVG: Colonoscopy, adenoma, CRC - frozen blood & plasma (MT2501)",NVG,OK,MT2501,,,,,MT2501,,,,,https://app.hubspot.com/contacts/7423331/record/0-3/11752186633
31684565387,NVT: Liver met (WOC cases) - FFPE (see note) (MT0508),NVT,OK,MT0508,,,,,MT0508,,,,,https://app.hubspot.com/contacts/7423331/record/0-3/31684565387
30795735065,"NVT: Normal / NAT pancreas, liver mets, pancreatic cancer - FFPE (SEE NOTE) (MT0505)",NVT,OK,MT0505,,,,,MT0505,,,,,https://app.hubspot.com/contacts/7423331/record/0-3/30795735065
14232851347,NVT: SCLC - blood OR plasma + buffy coat (MT0507),NVT,OK,MT0507,,,,,MT0507,,,,,https://app.hubspot.com/contacts/7423331/record/0-3/14232851347
13084999002,NXL: post-COVID booster - serum (MT7601),NXL,OK,MT7601,,,,,MT7601,,,,,https://app.hubspot.com/contacts/7423331/record/0-3/13084999002
9399364413,ODY: IBD & control - tissue & blood (MT5707),ODY,OK,MT5707,,,,,MT5707,,,,,https://app.hubspot.com/contacts/7423331/record/0-3/9399364413
16824872304,PCD: Stage IV breast - FFPE & plasma (MT3753),PCD,OK,MT3753,,,,,MT3753,,,,,https://app.hubspot.com/contacts/7423331/record/0-3/16824872304
13544912808,PCD: Stage IV NSCLC - plasma (MT3751),PCD,OK,MT3751,,,,,MT3751,,,,,https://app.hubspot.com/contacts/7423331/record/0-3/13544912808
1837118459,PFZ: COVID - serum (MT1560),PFZ,OK,MT1560,,,,,MT1560,,,,,https://app.hubspot.com/contacts/7423331/record/0-3/1837118459
12971456116,PFZ: COVID - swab & serum (MT1567),PFZ,OK,MT1567,,,,,MT1567,,,,,https://app.hubspot.com/contacts/7423331/record/0-3/12971456116
5850711421,PFZ: COVID Delta Variant - swabs & serum (MT1565),PFZ,OK,MT1565,,,,,MT1565,,,,,https://app.hubspot.com/contacts/7423331/record/0-3/5850711421
9253745231,PFZ: Flu B - Swabs (MT1562),PFZ,OK,MT1562,,,,,MT1562,,,,,https://app.hubspot.com/contacts/7423331/record/0-3/9253745231
9154355283,"PFZ: Influenza, RSV, and COVID-19  - swabs (MT1563)",PFZ,OK,MT1563,,,,,MT1563,,,,,https://app.hubspot.com/contacts/7423331/record/0-3/9154355283
28758188705,PFZ: Longitudinal COVID (MT1560 call backs) - serum,PFZ,OK,MT1560,,,,,MT1560,,yes,,,https://app.hubspot.com/contacts/7423331/record/0-3/28758188705
2353826015,PFZ: Longitudinal COVID - Serum (MT1560),PFZ,OK,MT1560,,,,,MT1560,,,,,https://app.hubspot.com/contacts/7423331/record/0-3/2353826015
54835660177,"PNT: Healthy, high risk, lung nodules - plasma (MT3652)",PNT,OK,MT3652,,,,,MT3652,,,,,https://app.hubspot.com/contacts/7423331/record/0-3/54835660177
10756249497,PRD: Pan heme - BMA (MT3902),PRD,OK,MT3902,,,,,MT3902,,,,,https://app.hubspot.com/contacts/7423331/record/0-3/10756249497
4527660040,PRS: Normal lymph node - FFPE (MT6101),PRS,OK,MT6101,,,,,MT6101,,,,,https://app.hubspot.com/contacts/7423331/record/0-3/4527660040
13956253079,PTH: Celiac & non-celiac duodenal biopsies - fixed tissue (MT3975),PTH,OK,MT3975,,,,,MT3975,,,,,https://app.hubspot.com/contacts/7423331/record/0-3/13956253079
7186991496,"PTH: NSCLC, HNSCC, Melanoma mets - FFPE (MT1166)",PTH,OK,MT1166,,,,,MT1166,,,,,https://app.hubspot.com/contacts/7423331/record/0-3/7186991496
34511399527,PTY: Normal skin - frozen tissue (MT3555),PTY,OK,MT3555,,,,,MT3555,,,,,https://app.hubspot.com/contacts/7423331/record/0-3/34511399527
20518764194,QGN: ER+HER2-breast cancer stage IV - plasma (MT8102),QGN,OK,MT8102,,,,,MT8102,,,,,https://app.hubspot.com/contacts/7423331/record/0-3/20518764194
32086838287,"QTT: CLE - tissue, PBMCs (MT2326)",QTT,OK,MT2326,,,,,MT2326,,,,,https://app.hubspot.com/contacts/7423331/record/0-3/32086838287
17437855849,QTT: Multi cancer - frozen tissue & PBMCs (MT2350),QTT,OK,MT2350,,,,,MT2350,,,,,https://app.hubspot.com/contacts/7423331/record/0-3/17437855849
21806419565,QTT: Post-mortem healthy whole kidney - tissue (MT2348),QTT,OK,MT2348,,,,,MT2348,,,,,https://app.hubspot.com/contacts/7423331/record/0-3/21806419565
42448867715,RBS: Aplastic anemia - PBMCs (MT2105 extension #1),RBS,OK,MT2105,,,,,MT2105,,yes,1,,https://app.hubspot.com/contacts/7423331/record/0-3/42448867715
38695602824,RBS: Aplastic anemia -BMMCs (MT2105),RBS,OK,MT2105,,,,,MT2105,,,,,https://app.hubspot.com/contacts/7423331/record/0-3/38695602824
60785770840,RBS: Normal skin - tissue (MT2110 extension #1),RBS,OK,MT2110,,,,,MT2110,,yes,1,,https://app.hubspot.com/contacts/7423331/record/0-3/60785770840
54403687323,RBS: Normal Skin - Tissue (MT2110),RBS,OK,MT2110,,,,,MT2110,,,,,https://app.hubspot.com/contacts/7423331/record/0-3/54403687323
11035505742,RCH: 21 Indications - FFPE (MT5237),RCH,OK,MT5237,,,,,MT5237,,,,,https://app.hubspot.com/contacts/7423331/record/0-3/11035505742
23359085406,RCH: Breast cancer - plasma (MT0864),RCH,OK,MT0864,,,,,MT0864,,,,,https://app.hubspot.com/contacts/7423331/record/0-3/23359085406
3252352282,RCH: Cancer biomarkers - FFPE (MT5280),RCH,OK,MT5280,,,,,MT5280,,,,,https://app.hubspot.com/contacts/7423331/record/0-3/3252352282
61352516653,RCH: Celiac disease - plasma (MT0870),RCH,OK,MT0870,,,,,MT0870,,,,,https://app.hubspot.com/contacts/7423331/record/0-3/61352516653
2794800777,RCH: COVID early symptomatic - NP & OP (MT0853),RCH,OK,MT0853,,,,,MT0853,,,,,https://app.hubspot.com/contacts/7423331/record/0-3/2794800777
5121013665,RCH: COVID positive banked - serum (MT0854),RCH,OK,MT0854,,,,,MT0854,,,,,https://app.hubspot.com/contacts/7423331/record/0-3/5121013665
41514325407,RCH: DLBCL & FL - longitudinal plasma and buffy coat (MT0858),RCH,OK,MT0858,,,,,MT0858,,,,,https://app.hubspot.com/contacts/7423331/record/0-3/41514325407
9429331510,RCH: DLBCL (2 pre-tx and 1 post-treatment) - FFPE (MT5219),RCH,OK,MT5219,,,,,MT5219,,,,,https://app.hubspot.com/contacts/7423331/record/0-3/9429331510
7655608087,RCH: DLBCL - plasma & PDB (MT0846),RCH,OK,MT0846,,,,,MT0846,,,,,https://app.hubspot.com/contacts/7423331/record/0-3/7655608087
1837907532,RCH: DLBCL - plasma (MT0845),RCH,OK,MT0845,,,,,MT0845,,,,,https://app.hubspot.com/contacts/7423331/record/0-3/1837907532
8006926147,RCH: EGFR mutation - FFPE (MT5223),RCH,OK,MT5223,,,,,MT5223,,,,,https://app.hubspot.com/contacts/7423331/record/0-3/8006926147
9344017795,RCH: Healthy Asian & African American with full workup - serum (MT0862),RCH,OK,MT0862,,,,,MT0862,,,,,https://app.hubspot.com/contacts/7423331/record/0-3/9344017795
11692231075,"RCH: Healthy Asian, African, and Caucasian American with full workup - serum (MT0862 extension #1)",RCH,OK,MT0862,,,,,MT0862,,yes,1,,https://app.hubspot.com/contacts/7423331/record/0-3/11692231075
45641263732,RCH: Healthy Caucasian pediatrics - serum (MT0885 extension #1),RCH,OK,MT0885,,,,,MT0885,,yes,1,,https://app.hubspot.com/contacts/7423331/record/0-3/45641263732
40445891488,RCH: Healthy Caucasian pediatrics - serum (MT0885),RCH,OK,MT0885,,,,,MT0885,,,,,https://app.hubspot.com/contacts/7423331/record/0-3/40445891488
10449754750,RCH: matched primary and NAT - FFPE (MT5217),RCH,OK,MT5217,,,,,MT5217,,,,,https://app.hubspot.com/contacts/7423331/record/0-3/10449754750
53945817953,RCH: mCRPC - plasma (MT0850),RCH,OK,MT0850,,,,,MT0850,,,,,https://app.hubspot.com/contacts/7423331/record/0-3/53945817953
6962731386,"RCH: Melanoma, NSCLC, CRC, Breast, Bladder, Prostate - FFPE (MT5235)",RCH,OK,MT5235,,,,,MT5235,,,,,https://app.hubspot.com/contacts/7423331/record/0-3/6962731386
5576252785,RCH: Multiple Mutations - FFPE (MT5220),RCH,OK,MT5220,,,,,MT5220,,,,,https://app.hubspot.com/contacts/7423331/record/0-3/5576252785
4878398614,"RCH: NAT skin, lung, breast, prostate, colon - FFPE (MT2115)",RCH,OK,MT2115,,,,,MT2115,,,,,https://app.hubspot.com/contacts/7423331/record/0-3/4878398614
9429331592,RCH: Ovarian cancer w/ wild type BRCA 1/2 - FFPE (MT5285),RCH,OK,MT5285,,,,,MT5285,,,,,https://app.hubspot.com/contacts/7423331/record/0-3/9429331592
8649185073,RCH: PDAC - FFPE (MT5225),RCH,OK,MT5225,,,,,MT5225,,,,,https://app.hubspot.com/contacts/7423331/record/0-3/8649185073
10290742808,RCH: sister blocks - FFPE (MT5236),RCH,OK,MT5236,,,,,MT5236,,,,,https://app.hubspot.com/contacts/7423331/record/0-3/10290742808
9429366328,RCH: Various cancer with MSI-H/MMR deficient - FFPE (MT5285),RCH,OK,MT5285,,,,,MT5285,,,,,https://app.hubspot.com/contacts/7423331/record/0-3/9429366328
9700949065,RCT: Melanoma - fresh whole blood (MT3801),RCT,OK,MT3801,,,,,MT3801,,,,,https://app.hubspot.com/contacts/7423331/record/0-3/9700949065
15316082579,RCT: Stage IV TNBC and NSCLC - blood (MT3805),RCT,OK,MT3805,,,,,MT3805,,,,,https://app.hubspot.com/contacts/7423331/record/0-3/15316082579
13125176965,RGN: ApoL1 African American call backs - buccal swab & serum (MT1712),RGN,OK,MT1712,,,,,MT1712,,yes,,,https://app.hubspot.com/contacts/7423331/record/0-3/13125176965
35903504999,"RGN: Atopic dermatitis & healthy - serum, whole blood (MT1704)",RGN,OK,MT1704,,,,,MT1704,,,,,https://app.hubspot.com/contacts/7423331/record/0-3/35903504999
35299587078,RGN: Atopic dermatitis - FFPE (MT1706),RGN,OK,MT1706,,,,,MT1706,,,,,https://app.hubspot.com/contacts/7423331/record/0-3/35299587078
40011138408,RGN: Brain cancer - frozen tissue (MT1705 extension #1),RGN,OK,MT1705,,,,,MT1705,,yes,1,,https://app.hubspot.com/contacts/7423331/record/0-3/40011138408
6032884380,RGN: Brain cancer - frozen tumor (MT1705),RGN,OK,MT1705,,,,,MT1705,,,,,https://app.hubspot.com/contacts/7423331/record/0-3/6032884380
8559530312,RGN: Breakthrough COVID infection - blood (MT1720 extension #1),RGN,OK,MT1720,,,,,MT1720,,yes,1,,https://app.hubspot.com/contacts/7423331/record/0-3/8559530312
28713187168,RGN: Celiac disease - serum & frozen blood (MT1711),RGN,OK,MT1711,,,,,MT1711,,,,,https://app.hubspot.com/contacts/7423331/record/0-3/28713187168
2902710290,RGN: COVID 4 Days PCR - blood (MT1701),RGN,OK,MT1701,,,,,MT1701,,,,,https://app.hubspot.com/contacts/7423331/record/0-3/2902710290
7444630645,RGN: COVID breakthrough infection - 50-100 mL blood (MT1720),RGN,OK,MT1720,,,,,MT1720,,,,,https://app.hubspot.com/contacts/7423331/record/0-3/7444630645
22868589866,RGN: Crohn's and ulcerative colitis - frozen tissue (MT1714),RGN,OK,MT1714,,,,,MT1714,,,,,https://app.hubspot.com/contacts/7423331/record/0-3/22868589866
2820350608,RGN: Glioblastoma & panc - prospective tissue + blood for HLA (MT1705),RGN,OK,MT1705,,,,,MT1705,,,,,https://app.hubspot.com/contacts/7423331/record/0-3/2820350608
39625047903,RGN: Hashimoto's with blocking TSHR Abs - blood (MT1708),RGN,OK,MT1708,,,,,MT1708,,,,,https://app.hubspot.com/contacts/7423331/record/0-3/39625047903
51831993228,RGN: Healthy - nasal brushings (MT1715),RGN,OK,MT1715,,,,,MT1715,,,,,https://app.hubspot.com/contacts/7423331/record/0-3/51831993228
8829539893,RGN: Healthy - nasal fluid & plasma (MT1707),RGN,OK,MT1707,,,,,MT1707,,,,,https://app.hubspot.com/contacts/7423331/record/0-3/8829539893
2446471104,RGN: Longitudinal convalescent COVID - WB (MT1725),RGN,OK,MT1725,,,,,MT1725,,,,,https://app.hubspot.com/contacts/7423331/record/0-3/2446471104
4130755292,RGN: Longitudinal convalescent previously hospitalized COVID - WB (MT1724),RGN,OK,MT1724,,,,,MT1724,,,,,https://app.hubspot.com/contacts/7423331/record/0-3/4130755292
13196322230,"RGN: Never vaccinated, post COVID infection - blood (MT1709)",RGN,OK,MT1709,,,,,MT1709,,,,,https://app.hubspot.com/contacts/7423331/record/0-3/13196322230
6174965303,RGN: Pancreatic cancer - frozen tumor (MT1705 extension),RGN,OK,MT1705,,,,,MT1705,,yes,,,https://app.hubspot.com/contacts/7423331/record/0-3/6174965303
13315395248,RGN: PDAC mets - frozen tissue (MT1703),RGN,OK,MT1703,,,,,MT1703,,,,,https://app.hubspot.com/contacts/7423331/record/0-3/13315395248
11161009201,RGN: Post COVID - blood (MT1702),RGN,OK,MT1702,,,,,MT1702,,,,,https://app.hubspot.com/contacts/7423331/record/0-3/11161009201
12824948022,RGN: Post infection & vaccination COVID - blood (MT1718),RGN,OK,MT1718,,,,,MT1718,,,,,https://app.hubspot.com/contacts/7423331/record/0-3/12824948022
11193915798,RGN: Post influenza vaccine & infection - blood (MT1710),RGN,OK,MT1710,,,,,MT1710,,,,,https://app.hubspot.com/contacts/7423331/record/0-3/11193915798
51515246422,RGN: Post mortem bladder - frozen tissue (MT1721),RGN,OK,MT1721,,,,,MT1721,,,,,https://app.hubspot.com/contacts/7423331/record/0-3/51515246422
51662608903,RGN: Post mortem cerebellum - frozen tissue (MT1721),RGN,OK,MT1721,,,,,MT1721,,,,,https://app.hubspot.com/contacts/7423331/record/0-3/51662608903
51658263310,RGN: Post mortem cerebral cortex - frozen tissue (MT1721),RGN,OK,MT1721,,,,,MT1721,,,,,https://app.hubspot.com/contacts/7423331/record/0-3/51658263310
51515362144,RGN: Post mortem heart - frozen tissue (MT1721),RGN,OK,MT1721,,,,,MT1721,,,,,https://app.hubspot.com/contacts/7423331/record/0-3/51515362144
51514839182,RGN: Post mortem hippocampus - frozen tissue (MT1721),RGN,OK,MT1721,,,,,MT1721,,,,,https://app.hubspot.com/contacts/7423331/record/0-3/51514839182
51514839196,RGN: Post mortem kidney - frozen tissue (MT1721),RGN,OK,MT1721,,,,,MT1721,,,,,https://app.hubspot.com/contacts/7423331/record/0-3/51514839196
51514839209,RGN: Post mortem liver- frozen tissue (MT1721),RGN,OK,MT1721,,,,,MT1721,,,,,https://app.hubspot.com/contacts/7423331/record/0-3/51514839209
51662608990,RGN: Post mortem lung - frozen tissue (MT1721),RGN,OK,MT1721,,,,,MT1721,,,,,https://app.hubspot.com/contacts/7423331/record/0-3/51662608990
51658263397,RGN: Post mortem pancreas - frozen tissue (MT1721),RGN,OK,MT1721,,,,,MT1721,,,,,https://app.hubspot.com/contacts/7423331/record/0-3/51658263397
51515362228,RGN: Post mortem skeletal muscle - frozen tissue (MT1721),RGN,OK,MT1721,,,,,MT1721,,,,,https://app.hubspot.com/contacts/7423331/record/0-3/51515362228
51662663281,RGN: Post mortem skin - frozen tissue (MT1721),RGN,OK,MT1721,,,,,MT1721,,,,,https://app.hubspot.com/contacts/7423331/record/0-3/51662663281
51662054307,RGN: Post mortem spleen - frozen tissue (MT1721),RGN,OK,MT1721,,,,,MT1721,,,,,https://app.hubspot.com/contacts/7423331/record/0-3/51662054307
51514839330,RGN: Post mortem thymus - frozen tissue (MT1721),RGN,OK,MT1721,,,,,MT1721,,,,,https://app.hubspot.com/contacts/7423331/record/0-3/51514839330
12088575599,RGN: Post Omnicron COVID vaccine - blood (MT1723),RGN,OK,MT1723,,,,,MT1723,,,,,https://app.hubspot.com/contacts/7423331/record/0-3/12088575599
30701144844,RGN: Post-flu vaccine - whole blood (MT1716),RGN,OK,MT1716,,,,,MT1716,,,,,https://app.hubspot.com/contacts/7423331/record/0-3/30701144844
11163086661,RGN: RCC Post-IO pilot - FFPE (MT7426),RGN,OK,MT7426,,,,,MT7426,,,,,https://app.hubspot.com/contacts/7423331/record/0-3/11163086661
37235907419,RPC: IBD resection - tissue (MT0725 extension #2),RPC,OK,MT0725,,,,,MT0725,,yes,2,,https://app.hubspot.com/contacts/7423331/record/0-3/37235907419
47659908449,RPC: IBD resection - tissue (MT0725 extension #3),RPC,OK,MT0725,,,,,MT0725,,yes,3,,https://app.hubspot.com/contacts/7423331/record/0-3/47659908449
8893536788,RPC: Ulcerative colitis & Crohn's disease - tissue (MT0725),RPC,OK,MT0725,,,,,MT0725,,,,,https://app.hubspot.com/contacts/7423331/record/0-3/8893536788
13428771738,RSB: NSCLC adeno wash out - blood (MT2432 extension #1),RSB,OK,MT2432,,,,,MT2432,,yes,1,,https://app.hubspot.com/contacts/7423331/record/0-3/13428771738
12041823311,RSB: NSCLC adeno wash out - blood (MT2432),RSB,OK,MT2432,,,,,MT2432,,,,,https://app.hubspot.com/contacts/7423331/record/0-3/12041823311
13272592443,RSB: NSCLC incorrect mixing - plasma (MT2417),RSB,OK,MT2417,,,,,MT2417,,,,,https://app.hubspot.com/contacts/7423331/record/0-3/13272592443
8945763127,RSB: NSCLC Study #1 - blood (MT2450),RSB,OK,MT2450,,,,,MT2450,,,,,https://app.hubspot.com/contacts/7423331/record/0-3/8945763127
11918548254,RSB: Urothelial cancer - blood (MT2411),RSB,OK,MT2411,,,,,MT2411,,,,,https://app.hubspot.com/contacts/7423331/record/0-3/11918548254
5395526222,"SBT: IBD and normal - plasma, serum & tissue (MT1975)",SBT,OK,MT1975,,,,,MT1975,,,,,https://app.hubspot.com/contacts/7423331/record/0-3/5395526222
4024342039,SGN: Ovarian cancer - ascites (MT1510),SGN,OK,MT1510,,,,,MT1510,,,,,https://app.hubspot.com/contacts/7423331/record/0-3/4024342039
60873481820,STX: Longitudinal pregnancy - plasma & serum (MT3852),STX,OK,MT3852,,,,,MT3852,,,,,https://app.hubspot.com/contacts/7423331/record/0-3/60873481820
7811301778,SVA: IO bank - plasma (MT2375),SVA,OK,MT2375,,,,,MT2375,,,,,https://app.hubspot.com/contacts/7423331/record/0-3/7811301778
10461353559,SVA: Post-IO #2 - Plasma (MT2352),SVA,OK,MT2352,,,,,MT2352,,,,,https://app.hubspot.com/contacts/7423331/record/0-3/10461353559
4871419010,SYR: MDS - Blood & PBMC (MT1902),SYR,OK,MT1902,,,,,MT1902,,,,,https://app.hubspot.com/contacts/7423331/record/0-3/4871419010
16899606189,TFS: GBM FFPE (MT5307),TFS,OK,MT5307,,,,,MT5307,,,,,https://app.hubspot.com/contacts/7423331/record/0-3/16899606189
15140626036,TFS: NSCLC FFPE Blocks + Plasma (double spun) (MT5308),TFS,OK,MT5308,,,,,MT5308,,,,,https://app.hubspot.com/contacts/7423331/record/0-3/15140626036
29016214901,TFS: NSCLC Stage III-IV - matched FFPE plasma (MT5308 extension #2),TFS,OK,MT5308,,,,,MT5308,,yes,2,,https://app.hubspot.com/contacts/7423331/record/0-3/29016214901
23091834221,TFS: NSCLC Stage III-IV - matched FFPE plasma extension #1 (MT5308),TFS,OK,MT5308,,,,,MT5308,,yes,1,,https://app.hubspot.com/contacts/7423331/record/0-3/23091834221
17006622468,TFS: Stage III/IV NSCLC - FFPE & plasma (MT5308),TFS,OK,MT5308,,,,,MT5308,,,,,https://app.hubspot.com/contacts/7423331/record/0-3/17006622468
2471172468,THB: UC - tissue & PaxGene (MT2789),THB,OK,MT2789,,,,,MT2789,,,,,https://app.hubspot.com/contacts/7423331/record/0-3/2471172468
23091840354,TKD: Celiac and non-celiac - tissue (MT4808 extension #1),TKD,OK,MT4808,,,,,MT4808,,yes,1,,https://app.hubspot.com/contacts/7423331/record/0-3/23091840354
13539971141,TKD: celiac and non-celiac - tissue (MT4808),TKD,OK,MT4808,,,,,MT4808,,,,,https://app.hubspot.com/contacts/7423331/record/0-3/13539971141
35152296064,TKD: Crohn's disease resection - tissue (MT4801),TKD,OK,MT4801,,,,,MT4801,,,,,https://app.hubspot.com/contacts/7423331/record/0-3/35152296064
40009403963,TLB: liposarcoma and leiomyosarcoma - FFPE (MT3576),TLB,OK,MT3576,,,,,MT3576,,,,,https://app.hubspot.com/contacts/7423331/record/0-3/40009403963
45719753307,TPS: NSCLC - plasma (MT0738 extension #1) ,TPS,OK,MT0738,,,,,MT0738,,yes,1,,https://app.hubspot.com/contacts/7423331/record/0-3/45719753307
60694361734,TPS: NSCLC - plasma (MT0738 extension #2) ,TPS,OK,MT0738,,,,,MT0738,,yes,2,,https://app.hubspot.com/contacts/7423331/record/0-3/60694361734
36723903861,TPS: NSCLC - plasma (MT0738),TPS,OK,MT0738,,,,,MT0738,,,,,https://app.hubspot.com/contacts/7423331/record/0-3/36723903861
5024016976,TRB: Tonsil - FFPE (MT1876),TRB,OK,MT1876,,,,,MT1876,,,,,https://app.hubspot.com/contacts/7423331/record/0-3/5024016976
48171775127,TSB: Healthy - 2 x 50 mL whole blood (MT3826),TSB,OK,MT3826,,,,,MT3826,,,,,https://app.hubspot.com/contacts/7423331/record/0-3/48171775127
12343114402,TSL: Stage III-IV pancreatic cancer - FFPE (MT7352) See note,TSL,OK,MT7352,,,,,MT7352,,,,,https://app.hubspot.com/contacts/7423331/record/0-3/12343114402
5366108695,VCT: NSCLC pilot - ex vivo FNA (MT1999),VCT,OK,MT1999,,,,,MT1999,,,,,https://app.hubspot.com/contacts/7423331/record/0-3/5366108695
12270034957,VTX: Stage IV breast cancer & normal - blood (MT2915),VTX,OK,MT2915,,,,,MT2915,,,,,https://app.hubspot.com/contacts/7423331/record/0-3/12270034957
9762286986,VYX: Ovarian cancer with HRD - FFPE (MT7002),VYX,OK,MT7002,,,,,MT7002,,,,,https://app.hubspot.com/contacts/7423331/record/0-3/9762286986
7911582275,VYY: Cancer - tumor FFPE + NAT FFPE (MT7001),VYY,OK,MT7001,,,,,MT7001,,,,,https://app.hubspot.com/contacts/7423331/record/0-3/7911582275
12827185307,XAI - International healthies - plasma & serum (MT3505 extension #1),XAI,OK,MT3505,,,,,MT3505,,yes,1,,https://app.hubspot.com/contacts/7423331/record/0-3/12827185307
13415860858,XAI: 200 subject healthies - plasma & serum (MT3505 extension),XAI,OK,MT3505,,,,,MT3505,,yes,,,https://app.hubspot.com/contacts/7423331/record/0-3/13415860858
20362407551,XAI: Breast cancer & healthy - blood (MT3599),XAI,OK,MT3599,,,,,MT3599,,,,,https://app.hubspot.com/contacts/7423331/record/0-3/20362407551
13804451737,XAI: Breast cancer & healthy stability - blood (MT3518),XAI,OK,MT3518,,,,,MT3518,,,,,https://app.hubspot.com/contacts/7423331/record/0-3/13804451737
8562591035,XAI: Cell lysing study - blood (MT3522),XAI,OK,MT3522,,,,,MT3522,,,,,https://app.hubspot.com/contacts/7423331/record/0-3/8562591035
6339535970,XAI: Controls - blood or plasma & serum (MT3505),XAI,OK,MT3505,,,,,MT3505,,,,,https://app.hubspot.com/contacts/7423331/record/0-3/6339535970
10487092650,XAI: Dense breast LDT - plasma (MT3533),XAI,OK,MT3533,,,,,MT3533,,,,,https://app.hubspot.com/contacts/7423331/record/0-3/10487092650
8562669682,XAI: Healthies (100 mL) - blood (MT3512),XAI,OK,MT3512,,,,,MT3512,,,,,https://app.hubspot.com/contacts/7423331/record/0-3/8562669682
6486554496,XAI: Healthies - 20 mL pooled serum (MT3501),XAI,OK,MT3501,,,,,MT3501,,,,,https://app.hubspot.com/contacts/7423331/record/0-3/6486554496
15528273235,XAI: Healthy - blood (MT3518 extension #1),XAI,OK,MT3518,,,,,MT3518,,yes,1,,https://app.hubspot.com/contacts/7423331/record/0-3/15528273235
15895996176,XAI: Healthy - blood (MT3518 extension #2),XAI,OK,MT3518,,,,,MT3518,,yes,2,,https://app.hubspot.com/contacts/7423331/record/0-3/15895996176
6269336920,XAI: Healthy aliquots - serum & plasma (MT3502),XAI,OK,MT3502,,,,,MT3502,,,,,https://app.hubspot.com/contacts/7423331/record/0-3/6269336920
20660295733,XAI: NSCLC & smoker - blood (MT3599 extension #1),XAI,OK,MT3599,,,,,MT3599,,yes,1,,https://app.hubspot.com/contacts/7423331/record/0-3/20660295733
14051129462,XAI: Pre-biopsy breast - plasma (MT3520),XAI,OK,MT3520,,,,,MT3520,,,,,https://app.hubspot.com/contacts/7423331/record/0-3/14051129462
7238605481,XAI: Pre/post surgery CRC & colonic resection - serum & plasma (MT3516),XAI,OK,MT3516,,,,,MT3516,,,,,https://app.hubspot.com/contacts/7423331/record/0-3/7238605481
58208874566,XOP: Breast Cancer & Healthy (MT7636 extension #1),XOP,OK,MT7636,,,,,MT7636,,yes,1,,https://app.hubspot.com/contacts/7423331/record/0-3/58208874566
33397441645,"XOP: Breast, CRC, NSCLC, healthy - plasma (MT7636)",XOP,OK,MT7636,,,,,MT7636,,,,,https://app.hubspot.com/contacts/7423331/record/0-3/33397441645
15897198504,"XOP: Lung, Prostate, Ovarian, normal - plasma (MT7640)",XOP,OK,MT7640,,,,,MT7640,,,,,https://app.hubspot.com/contacts/7423331/record/0-3/15897198504
21759997319,XRA: Atopic Dermatitis - skin punch biopsies and whole blood (MT8178) ,XRA,OK,MT8178,,,,,MT8178,,,,,https://app.hubspot.com/contacts/7423331/record/0-3/21759997319
22389013390,XRA: Chronic spontaneous urticaria - skin punch biopsies and whole blood (MT8178) ,XRA,OK,MT8178,,,,,MT8178,,,,,https://app.hubspot.com/contacts/7423331/record/0-3/22389013390
32415560849,XRA: Healthy - skin punch biopsy and whole blood (MT8180) (SEE NOTE),XRA,OK,MT8180,,,,,MT8180,,,,,https://app.hubspot.com/contacts/7423331/record/0-3/32415560849
36962052789,XZM: IPMN - plasma (MT5727),XZM,OK,MT5727,,,,,MT5727,,,,,https://app.hubspot.com/contacts/7423331/record/0-3/36962052789
5575087873,ZPD: Multiple myeloma - marrow #2 (MT2032),ZPD,OK,MT2032,,,,,MT2032,,,,,https://app.hubspot.com/contacts/7423331/record/0-3/5575087873
4814757483,ZPD: Myeloma - marrow & blood (MT2035) (see note),ZPD,OK,MT2035,,,,,MT2035,,,,,https://app.hubspot.com/contacts/7423331/record/0-3/4814757483
15258347326,Abio,,NO NUMBER,,,,no MT number in the deal name,,,,,,,https://app.hubspot.com/contacts/7423331/record/0-3/15258347326
6127559304,BMS (Tao): chronic lymphocytic leukemia bone marrow core biopsy - FFPE,,NO NUMBER,,,,no MT number in the deal name,,,,,,,https://app.hubspot.com/contacts/7423331/record/0-3/6127559304
6127606035,BMS (Tao): Lupus skin - FFPE,,NO NUMBER,,,,no MT number in the deal name,,,,,,,https://app.hubspot.com/contacts/7423331/record/0-3/6127606035
6088054620,BMS (Tao): Met bladder blocks after therapy - FFPE,,NO NUMBER,,,,no MT number in the deal name,,,,,,,https://app.hubspot.com/contacts/7423331/record/0-3/6088054620
6127669042,BMS (Tao): Multiple myeloma bone marrow aspirates or biopsy - FFPE,,NO NUMBER,,,,no MT number in the deal name,,,,,,,https://app.hubspot.com/contacts/7423331/record/0-3/6127669042
7945874593,BMS (Tao): Pediatric cancers - FFPE,,NO NUMBER,,,,no MT number in the deal name,,,,,,,https://app.hubspot.com/contacts/7423331/record/0-3/7945874593
6087940490,BMS (Tao): Post IO blocks,,NO NUMBER,,,,no MT number in the deal name,,,,,,,https://app.hubspot.com/contacts/7423331/record/0-3/6087940490
6127443609,BMS (Tao): Skin post standard care - FFPE,,NO NUMBER,,,,no MT number in the deal name,,,,,,,https://app.hubspot.com/contacts/7423331/record/0-3/6127443609
7260069518,RCH Longitudinal Omnicron COVID - serum,,NO NUMBER,,,,no MT number in the deal name,,,,,,,https://app.hubspot.com/contacts/7423331/record/0-3/7260069518
34096458083,1CD: Oncology - FFPE & plasma,1CD,NO NUMBER,,,,no MT number in the deal name,,,,,,,https://app.hubspot.com/contacts/7423331/record/0-3/34096458083
34632967345,1CD: Prostate BRCA 1/ BRCA 2 positive - whole blood,1CD,NO NUMBER,,,,no MT number in the deal name,,,,,,,https://app.hubspot.com/contacts/7423331/record/0-3/34632967345
34633180001,1CD: Relapsed or progressing CRC - whole blood,1CD,NO NUMBER,,,,no MT number in the deal name,,,,,,,https://app.hubspot.com/contacts/7423331/record/0-3/34633180001
13800611455,23M: cancers - FFPE and plasma,23M,NO NUMBER,,,,no MT number in the deal name,,,,,,,https://app.hubspot.com/contacts/7423331/record/0-3/13800611455
14164299921,"23M: Cervical, CRC, melanoma, cutaneous SCC - FFPE & plasma",23M,NO NUMBER,,,,no MT number in the deal name,,,,,,,https://app.hubspot.com/contacts/7423331/record/0-3/14164299921
13280444234,"23M: Cervical, esophageal, NSCLC, ovarian - FFPE & plasma",23M,NO NUMBER,,,,no MT number in the deal name,,,,,,,https://app.hubspot.com/contacts/7423331/record/0-3/13280444234
8927214866,23M: Kaposi's sarcoma -FFPE,23M,NO NUMBER,,,,no MT number in the deal name,,,,,,,https://app.hubspot.com/contacts/7423331/record/0-3/8927214866
11319064987,23M: Ovarian clear cell carcinoma - FFPE,23M,NO NUMBER,,,,no MT number in the deal name,,,,,,,https://app.hubspot.com/contacts/7423331/record/0-3/11319064987
8667354270,"23M: SLE Kidney, skin tissues - FFPE",23M,NO NUMBER,,,,no MT number in the deal name,,,,,,,https://app.hubspot.com/contacts/7423331/record/0-3/8667354270
3721275622,"2GN: RCC, melanoma, NSCLC - stool",2GN,NO NUMBER,,,,no MT number in the deal name,,,,,,,https://app.hubspot.com/contacts/7423331/record/0-3/3721275622
13073010083,3RV: Banked influenza - plasma,3RV,NO NUMBER,,,,no MT number in the deal name,,,,,,,https://app.hubspot.com/contacts/7423331/record/0-3/13073010083
8928541518,ABL: 4 multiparous women - plasma,ABL,NO NUMBER,,,,no MT number in the deal name,,,,,,,https://app.hubspot.com/contacts/7423331/record/0-3/8928541518
7634177850,"ABM: Remnant COVID, flu, RSV - NPS",ABM,NO NUMBER,,,,no MT number in the deal name,,,,,,,https://app.hubspot.com/contacts/7423331/record/0-3/7634177850
21116889954,ABP: Normal skin - frozen tissue,ABP,NO NUMBER,,,,no MT number in the deal name,,,,,,,https://app.hubspot.com/contacts/7423331/record/0-3/21116889954
21096290641,"ABP: Prostate cancer - FFPE, plasma, buffy coat",ABP,NO NUMBER,,,,no MT number in the deal name,,,,,,,https://app.hubspot.com/contacts/7423331/record/0-3/21096290641
21095841631,ABP: Stage IV breast cancer - plasma,ABP,NO NUMBER,,,,no MT number in the deal name,,,,,,,https://app.hubspot.com/contacts/7423331/record/0-3/21095841631
15417247768,ABS: Atopic dermatitis & Crohns - FFPE,ABS,NO NUMBER,,,,no MT number in the deal name,,,,,,,https://app.hubspot.com/contacts/7423331/record/0-3/15417247768
7587802462,ABT: 14+ day post PCR COVID - serum,ABT,NO NUMBER,,,,no MT number in the deal name,,,,,,,https://app.hubspot.com/contacts/7423331/record/0-3/7587802462
6014310696,ABT: COVID w/ variant & titer info - plasma or serum,ABT,NO NUMBER,,,,no MT number in the deal name,,,,,,,https://app.hubspot.com/contacts/7423331/record/0-3/6014310696
5898894254,ABT: Flu A/B - swabs,ABT,NO NUMBER,,,,no MT number in the deal name,,,,,,,https://app.hubspot.com/contacts/7423331/record/0-3/5898894254
60035544245,ABV: AD + Psoriasis - FFPE,ABV,NO NUMBER,,,,no MT number in the deal name,,,,,,,https://app.hubspot.com/contacts/7423331/record/0-3/60035544245
4829638827,"ABV: AD and MCI - plasma, serum, urine, saliva, CSF",ABV,NO NUMBER,,,,no MT number in the deal name,,,,,,,https://app.hubspot.com/contacts/7423331/record/0-3/4829638827
5281325192,"ABV: Alzheimers, Parkinson's, ALS, normal brain - FFPE & frozen tissue",ABV,NO NUMBER,,,,no MT number in the deal name,,,,,,,https://app.hubspot.com/contacts/7423331/record/0-3/5281325192
9820168214,ABV: AML - blood,ABV,NO NUMBER,,,,no MT number in the deal name,,,,,,,https://app.hubspot.com/contacts/7423331/record/0-3/9820168214
56646448682,ABV: Androgenic Alopecia (AGA) - Scalp Skin Tissue Biopsies FFPE,ABV,NO NUMBER,,,,no MT number in the deal name,,,,,,,https://app.hubspot.com/contacts/7423331/record/0-3/56646448682
38149633451,ABV: Androgenic alopecia - FFPE,ABV,NO NUMBER,,,,no MT number in the deal name,,,,,,,https://app.hubspot.com/contacts/7423331/record/0-3/38149633451
15981371505,ABV: Atopic dermatitis & healthy - tissue (fresh),ABV,NO NUMBER,,,,no MT number in the deal name,,,,,,,https://app.hubspot.com/contacts/7423331/record/0-3/15981371505
15992597921,ABV: Atopic dermatitis - tissue (frozen),ABV,NO NUMBER,,,,no MT number in the deal name,,,,,,,https://app.hubspot.com/contacts/7423331/record/0-3/15992597921
8621015908,"ABV: Atopic Dermatitis, Hidradenitis Suppurativa, Idiopathic Pulmonary Fibrosis, Diffuse Scleroderma - FFPE",ABV,NO NUMBER,,,,no MT number in the deal name,,,,,,,https://app.hubspot.com/contacts/7423331/record/0-3/8621015908
57830755603,"ABV: Atopic Dermatitis, Hidradenitis suppurativa, Psorasis - skin biopsies",ABV,NO NUMBER,,,,no MT number in the deal name,,,,,,,https://app.hubspot.com/contacts/7423331/record/0-3/57830755603
13063673649,"ABV: Breast, H&N, NSCLC, RCC - fresh tumor & NAT",ABV,NO NUMBER,,,,no MT number in the deal name,,,,,,,https://app.hubspot.com/contacts/7423331/record/0-3/13063673649
4868844874,ABV: Cancer - same day blood,ABV,NO NUMBER,,,,no MT number in the deal name,,,,,,,https://app.hubspot.com/contacts/7423331/record/0-3/4868844874
17452580975,"ABV: cervical, esophageal, H&N - tissue",ABV,NO NUMBER,,,,no MT number in the deal name,,,,,,,https://app.hubspot.com/contacts/7423331/record/0-3/17452580975
9691064868,"ABV: Colon, small intestine NAT, Polymyalgia Rheumatica, Sarcoidosis, Vitiligo, Atopic Dermatitis - FFPE with matched PBMC and serum (if available)",ABV,NO NUMBER,,,,no MT number in the deal name,,,,,,,https://app.hubspot.com/contacts/7423331/record/0-3/9691064868
12534012209,"ABV: CRC, HCC, NSCLC, RCC - tissue",ABV,NO NUMBER,,,,no MT number in the deal name,,,,,,,https://app.hubspot.com/contacts/7423331/record/0-3/12534012209
36208489850,"ABV: CRC, NSCLC, ovarian - tissue",ABV,NO NUMBER,,,,no MT number in the deal name,,,,,,,https://app.hubspot.com/contacts/7423331/record/0-3/36208489850
23380963623,"ABV: Crohn's, UC (post-mortem) - tissue",ABV,NO NUMBER,,,,no MT number in the deal name,,,,,,,https://app.hubspot.com/contacts/7423331/record/0-3/23380963623
4478689874,ABV: DLBCL & follicular lymphoma - PBMC & FFPE,ABV,NO NUMBER,,,,no MT number in the deal name,,,,,,,https://app.hubspot.com/contacts/7423331/record/0-3/4478689874
38160145162,"ABV: DLBCL - tissue, PBMC",ABV,NO NUMBER,,,,no MT number in the deal name,,,,,,,https://app.hubspot.com/contacts/7423331/record/0-3/38160145162
4125278364,ABV: Follicular lymphoma pre & post R-CHOP- FFPE,ABV,NO NUMBER,,,,no MT number in the deal name,,,,,,,https://app.hubspot.com/contacts/7423331/record/0-3/4125278364
12179751783,ABV: Fresh lymph node tissue,ABV,NO NUMBER,,,,no MT number in the deal name,,,,,,,https://app.hubspot.com/contacts/7423331/record/0-3/12179751783
8871015491,ABV: Healthy colonic biopsies - tissue & blood,ABV,NO NUMBER,,,,no MT number in the deal name,,,,,,,https://app.hubspot.com/contacts/7423331/record/0-3/8871015491
14009149108,"ABV: Hidradenitis Suppurativa and healthy  - tissue, blood",ABV,NO NUMBER,,,,no MT number in the deal name,,,,,,,https://app.hubspot.com/contacts/7423331/record/0-3/14009149108
34585863696,ABV: IBD biopsy - tissue,ABV,NO NUMBER,,,,no MT number in the deal name,,,,,,,https://app.hubspot.com/contacts/7423331/record/0-3/34585863696
34585030997,ABV: IBD resection - FFPE,ABV,NO NUMBER,,,,no MT number in the deal name,,,,,,,https://app.hubspot.com/contacts/7423331/record/0-3/34585030997
13904004003,ABV: IBD resection - tissue,ABV,NO NUMBER,,,,no MT number in the deal name,,,,,,,https://app.hubspot.com/contacts/7423331/record/0-3/13904004003
13797057808,ABV: IBD resection - tissue,ABV,NO NUMBER,,,,no MT number in the deal name,,,,,,,https://app.hubspot.com/contacts/7423331/record/0-3/13797057808
8404841642,ABV: IBD resections - tissue & blood,ABV,NO NUMBER,,,,no MT number in the deal name,,,,,,,https://app.hubspot.com/contacts/7423331/record/0-3/8404841642
13820563859,ABV: Liver mets CRC primaries - FFPE,ABV,NO NUMBER,,,,no MT number in the deal name,,,,,,,https://app.hubspot.com/contacts/7423331/record/0-3/13820563859
12292205340,ABV: Lung cancer - tissue and blood,ABV,NO NUMBER,,,,no MT number in the deal name,,,,,,,https://app.hubspot.com/contacts/7423331/record/0-3/12292205340
18983244059,ABV: Master derm study (see notes),ABV,NO NUMBER,,,,no MT number in the deal name,,,,,,,https://app.hubspot.com/contacts/7423331/record/0-3/18983244059
8262593206,ABV: MC & F lymphoma pre/post specific therapy - blood,ABV,NO NUMBER,,,,no MT number in the deal name,,,,,,,https://app.hubspot.com/contacts/7423331/record/0-3/8262593206
8721709641,ABV: MDS & MM - blood,ABV,NO NUMBER,,,,no MT number in the deal name,,,,,,,https://app.hubspot.com/contacts/7423331/record/0-3/8721709641
4616545859,ABV: Menu,ABV,NO NUMBER,,,,no MT number in the deal name,,,,,,,https://app.hubspot.com/contacts/7423331/record/0-3/4616545859
20980398215,ABV: Multiple myeloma - blood,ABV,NO NUMBER,,,,no MT number in the deal name,,,,,,,https://app.hubspot.com/contacts/7423331/record/0-3/20980398215
54323397933,ABV: Multiple myeloma - blood or plasma,ABV,NO NUMBER,,,,no MT number in the deal name,,,,,,,https://app.hubspot.com/contacts/7423331/record/0-3/54323397933
39615146768,ABV: Multiple Myeloma - BMMCs,ABV,NO NUMBER,,,,no MT number in the deal name,,,,,,,https://app.hubspot.com/contacts/7423331/record/0-3/39615146768
5348959545,ABV: Multiple myeloma - marrow & blood,ABV,NO NUMBER,,,,no MT number in the deal name,,,,,,,https://app.hubspot.com/contacts/7423331/record/0-3/5348959545
14361601124,"ABV: Multiple myeloma pre, on, and post daratumumab - PBMCs & BMMCs",ABV,NO NUMBER,,,,no MT number in the deal name,,,,,,,https://app.hubspot.com/contacts/7423331/record/0-3/14361601124
47720325507,ABV: Normal & diseased tonsil - FFPE,ABV,NO NUMBER,,,,no MT number in the deal name,,,,,,,https://app.hubspot.com/contacts/7423331/record/0-3/47720325507
8870782099,ABV: Normal resections - tissue & blood,ABV,NO NUMBER,,,,no MT number in the deal name,,,,,,,https://app.hubspot.com/contacts/7423331/record/0-3/8870782099
38160141490,ABV: Normal skin resection - tissue,ABV,NO NUMBER,,,,no MT number in the deal name,,,,,,,https://app.hubspot.com/contacts/7423331/record/0-3/38160141490
21514170513,ABV: NSCLC exon 14 skipping mutation - FFPE,ABV,NO NUMBER,,,,no MT number in the deal name,,,,,,,https://app.hubspot.com/contacts/7423331/record/0-3/21514170513
5292402833,"ABV: NSCLC, H&N, gastric - tumor & blood",ABV,NO NUMBER,,,,no MT number in the deal name,,,,,,,https://app.hubspot.com/contacts/7423331/record/0-3/5292402833
8413317154,"ABV: NSCLC, H&N, urothelial, bladder, RCC post neoadjuvant therapy - FFPE",ABV,NO NUMBER,,,,no MT number in the deal name,,,,,,,https://app.hubspot.com/contacts/7423331/record/0-3/8413317154
3031083889,"ABV: NSCLC, TNBC, HNSCC - fresh tumor",ABV,NO NUMBER,,,,no MT number in the deal name,,,,,,,https://app.hubspot.com/contacts/7423331/record/0-3/3031083889
17027854003,"ABV: OA, RA - synovial fluid, synovial tissue",ABV,NO NUMBER,,,,no MT number in the deal name,,,,,,,https://app.hubspot.com/contacts/7423331/record/0-3/17027854003
10845258374,ABV: On therapy CLL - blood,ABV,NO NUMBER,,,,no MT number in the deal name,,,,,,,https://app.hubspot.com/contacts/7423331/record/0-3/10845258374
56091144997,ABV: Ovarian cancer - ascites,ABV,NO NUMBER,,,,no MT number in the deal name,,,,,,,https://app.hubspot.com/contacts/7423331/record/0-3/56091144997
5643750503,"ABV: PD & normal - serum, plasma, urine, saliva, CSF",ABV,NO NUMBER,,,,no MT number in the deal name,,,,,,,https://app.hubspot.com/contacts/7423331/record/0-3/5643750503
12874437541,ABV: PDAC - FFPE,ABV,NO NUMBER,,,,no MT number in the deal name,,,,,,,https://app.hubspot.com/contacts/7423331/record/0-3/12874437541
5441991837,"ABV: Polycystic kidney disease - FFPE,  plasma",ABV,NO NUMBER,,,,no MT number in the deal name,,,,,,,https://app.hubspot.com/contacts/7423331/record/0-3/5441991837
5441991948,ABV: Polymyalgia rheumatica (PMR) or Giant Cell Arteritis (GCA) - tissues or biofluids,ABV,NO NUMBER,,,,no MT number in the deal name,,,,,,,https://app.hubspot.com/contacts/7423331/record/0-3/5441991948
5299124019,ABV: Polymyalgia Rheumatica - bursal or synovial fluids and muscle tissue,ABV,NO NUMBER,,,,no MT number in the deal name,,,,,,,https://app.hubspot.com/contacts/7423331/record/0-3/5299124019
12581907992,ABV: Post 2nd line cancer - FFPE,ABV,NO NUMBER,,,,no MT number in the deal name,,,,,,,https://app.hubspot.com/contacts/7423331/record/0-3/12581907992
14317181299,ABV: Post neoadjuvant CRC - FFPE,ABV,NO NUMBER,,,,no MT number in the deal name,,,,,,,https://app.hubspot.com/contacts/7423331/record/0-3/14317181299
9344772666,ABV: Post therapy cancer - FFPE,ABV,NO NUMBER,,,,no MT number in the deal name,,,,,,,https://app.hubspot.com/contacts/7423331/record/0-3/9344772666
7997031065,ABV: Post therapy H&N - FFPE & plasma,ABV,NO NUMBER,,,,no MT number in the deal name,,,,,,,https://app.hubspot.com/contacts/7423331/record/0-3/7997031065
34585864822,"ABV: Post-mortem colon & RA - tissue, synovial tissue",ABV,NO NUMBER,,,,no MT number in the deal name,,,,,,,https://app.hubspot.com/contacts/7423331/record/0-3/34585864822
40670313752,"ABV: PsA (longitudinal) & OA (single timepoint) - synovial fluid, tissue, blood",ABV,NO NUMBER,,,,no MT number in the deal name,,,,,,,https://app.hubspot.com/contacts/7423331/record/0-3/40670313752
17029192331,ABV: Psoriasis - tissue,ABV,NO NUMBER,,,,no MT number in the deal name,,,,,,,https://app.hubspot.com/contacts/7423331/record/0-3/17029192331
37522177860,"ABV: Psoriatic arthritis and Spondyloarthritis - tissue, blood, synovial tissue, synovial fluid",ABV,NO NUMBER,,,,no MT number in the deal name,,,,,,,https://app.hubspot.com/contacts/7423331/record/0-3/37522177860
14317180979,ABV: Relapse / refractory post therapy DLBCL - FFPE,ABV,NO NUMBER,,,,no MT number in the deal name,,,,,,,https://app.hubspot.com/contacts/7423331/record/0-3/14317180979
6591905197,ABV: Relapsed lymphoma post CAR-T - blood,ABV,NO NUMBER,,,,no MT number in the deal name,,,,,,,https://app.hubspot.com/contacts/7423331/record/0-3/6591905197
10451222611,ABV: Relapsed/refractory multiple myeloma - marrow & blood,ABV,NO NUMBER,,,,no MT number in the deal name,,,,,,,https://app.hubspot.com/contacts/7423331/record/0-3/10451222611
5293321275,ABV: Same day COVID - whole blood,ABV,NO NUMBER,,,,no MT number in the deal name,,,,,,,https://app.hubspot.com/contacts/7423331/record/0-3/5293321275
34585864461,ABV: Same-day derm/GI biopsy - tissue,ABV,NO NUMBER,,,,no MT number in the deal name,,,,,,,https://app.hubspot.com/contacts/7423331/record/0-3/34585864461
54322918462,"ABV: SCLC all-comers, single-timepoint - Blood",ABV,NO NUMBER,,,,no MT number in the deal name,,,,,,,https://app.hubspot.com/contacts/7423331/record/0-3/54322918462
15224674828,ABV: SCLC FFPE,ABV,NO NUMBER,,,,no MT number in the deal name,,,,,,,https://app.hubspot.com/contacts/7423331/record/0-3/15224674828
54322941527,ABV: SCLC longitudinal - blood,ABV,NO NUMBER,,,,no MT number in the deal name,,,,,,,https://app.hubspot.com/contacts/7423331/record/0-3/54322941527
34585803135,ABV: Scleroderma - tissue,ABV,NO NUMBER,,,,no MT number in the deal name,,,,,,,https://app.hubspot.com/contacts/7423331/record/0-3/34585803135
17027992363,ABV: Scleroderma - tissue,ABV,NO NUMBER,,,,no MT number in the deal name,,,,,,,https://app.hubspot.com/contacts/7423331/record/0-3/17027992363
7276905780,ABV: Systemic scleroderma & CLE - FFPE,ABV,NO NUMBER,,,,no MT number in the deal name,,,,,,,https://app.hubspot.com/contacts/7423331/record/0-3/7276905780
7276806675,ABV: Systemic sclerosis & CLE - tissue,ABV,NO NUMBER,,,,no MT number in the deal name,,,,,,,https://app.hubspot.com/contacts/7423331/record/0-3/7276806675
35852472843,ABV: Ulcerative colitis - biopsies (SEE NOTE),ABV,NO NUMBER,,,,no MT number in the deal name,,,,,,,https://app.hubspot.com/contacts/7423331/record/0-3/35852472843
8870901604,ABV: Ulcerative colitis biopsies - tissue & blood,ABV,NO NUMBER,,,,no MT number in the deal name,,,,,,,https://app.hubspot.com/contacts/7423331/record/0-3/8870901604
17029193505,ABV: Vitiligo - tissue,ABV,NO NUMBER,,,,no MT number in the deal name,,,,,,,https://app.hubspot.com/contacts/7423331/record/0-3/17029193505
15036506239,ACB: Banked NSCLC Pembro - plasma,ACB,NO NUMBER,,,,no MT number in the deal name,,,,,,,https://app.hubspot.com/contacts/7423331/record/0-3/15036506239
14883324600,ACB: Longitudinal PD-L1 treated NSCLC - plasma,ACB,NO NUMBER,,,,no MT number in the deal name,,,,,,,https://app.hubspot.com/contacts/7423331/record/0-3/14883324600
57660391513,ACB: PDAC and UC - FFPE,ACB,NO NUMBER,,,,no MT number in the deal name,,,,,,,https://app.hubspot.com/contacts/7423331/record/0-3/57660391513
11994201267,ACG: Banked IO - plasma & slides,ACG,NO NUMBER,,,,no MT number in the deal name,,,,,,,https://app.hubspot.com/contacts/7423331/record/0-3/11994201267
11994207928,"ACG: Bladder, CRC, melanoma - FFPE & plasma",ACG,NO NUMBER,,,,no MT number in the deal name,,,,,,,https://app.hubspot.com/contacts/7423331/record/0-3/11994207928
14138673440,"ACG: Longitudinal CRC, esophageal, NSCLC - plasma & FFPE",ACG,NO NUMBER,,,,no MT number in the deal name,,,,,,,https://app.hubspot.com/contacts/7423331/record/0-3/14138673440
60895969976,ADB: Longitudinal MM - BMMCs + Whole Blood,ADB,NO NUMBER,,,,no MT number in the deal name,,,,,,,https://app.hubspot.com/contacts/7423331/record/0-3/60895969976
5643579660,ADL: 17 cancer - plasma,ADL,NO NUMBER,,,,no MT number in the deal name,,,,,,,https://app.hubspot.com/contacts/7423331/record/0-3/5643579660
5737164444,ADL: Banked non-cancer - plasma,ADL,NO NUMBER,,,,no MT number in the deal name,,,,,,,https://app.hubspot.com/contacts/7423331/record/0-3/5737164444
8945540791,ADL: Elderly non-cancer - plasma,ADL,NO NUMBER,,,,no MT number in the deal name,,,,,,,https://app.hubspot.com/contacts/7423331/record/0-3/8945540791
5737298201,"ADL: Endometrial, bladder, panc, CRC, breast, lung - plasma",ADL,NO NUMBER,,,,no MT number in the deal name,,,,,,,https://app.hubspot.com/contacts/7423331/record/0-3/5737298201
6563651092,ADL: Healthy instrument validation - blood & plasma,ADL,NO NUMBER,,,,no MT number in the deal name,,,,,,,https://app.hubspot.com/contacts/7423331/record/0-3/6563651092
14067928196,ADL: IO bank - plasma,ADL,NO NUMBER,,,,no MT number in the deal name,,,,,,,https://app.hubspot.com/contacts/7423331/record/0-3/14067928196
5737488779,ADL: IO treated - plasma,ADL,NO NUMBER,,,,no MT number in the deal name,,,,,,,https://app.hubspot.com/contacts/7423331/record/0-3/5737488779
13594728059,"ADL: Longitudinal breast, H&N, NSCLC - blood",ADL,NO NUMBER,,,,no MT number in the deal name,,,,,,,https://app.hubspot.com/contacts/7423331/record/0-3/13594728059
17378606174,ADL: Male smokers - plasma,ADL,NO NUMBER,,,,no MT number in the deal name,,,,,,,https://app.hubspot.com/contacts/7423331/record/0-3/17378606174
6013228376,ADL: Normal - PBMCs,ADL,NO NUMBER,,,,no MT number in the deal name,,,,,,,https://app.hubspot.com/contacts/7423331/record/0-3/6013228376
5721959948,ADX: COVID - swabs,ADX,NO NUMBER,,,,no MT number in the deal name,,,,,,,https://app.hubspot.com/contacts/7423331/record/0-3/5721959948
11680189791,"ADX: Influenza A, B, RSV, and covid - swabs",ADX,NO NUMBER,,,,no MT number in the deal name,,,,,,,https://app.hubspot.com/contacts/7423331/record/0-3/11680189791
64248598134,AER: NHL - plasma,AER,NO NUMBER,,,,no MT number in the deal name,,,,,,,https://app.hubspot.com/contacts/7423331/record/0-3/64248598134
32645998131,AGB: Whole prostate from prostatectomy with MRI data - tissue,AGB,NO NUMBER,,,,no MT number in the deal name,,,,,,,https://app.hubspot.com/contacts/7423331/record/0-3/32645998131
12835239194,AGT: Multiple myeloma - bone marrows,AGT,NO NUMBER,,,,no MT number in the deal name,,,,,,,https://app.hubspot.com/contacts/7423331/record/0-3/12835239194
62115361617,AGT: SCLC - FFPE,AGT,NO NUMBER,,,,no MT number in the deal name,,,,,,,https://app.hubspot.com/contacts/7423331/record/0-3/62115361617
62416553609,AGT: Stage I & Grade 2 RCC - FFPE,AGT,NO NUMBER,,,,no MT number in the deal name,,,,,,,https://app.hubspot.com/contacts/7423331/record/0-3/62416553609
4713563431,AKS: Autoimmune - biopsies & serum,AKS,NO NUMBER,,,,no MT number in the deal name,,,,,,,https://app.hubspot.com/contacts/7423331/record/0-3/4713563431
16506132633,AKS: Endometrial Cancer- NAT Fresh Tissue,AKS,NO NUMBER,,,,no MT number in the deal name,,,,,,,https://app.hubspot.com/contacts/7423331/record/0-3/16506132633
2446454471,AKS: Influenza- serum,AKS,NO NUMBER,,,,no MT number in the deal name,,,,,,,https://app.hubspot.com/contacts/7423331/record/0-3/2446454471
6708212289,AKS: Mast cell activation syndrome - serum,AKS,NO NUMBER,,,,no MT number in the deal name,,,,,,,https://app.hubspot.com/contacts/7423331/record/0-3/6708212289
9870438063,AKS: Mastocytosis and monoclonal mast cell activation syndrome - blood or tissue,AKS,NO NUMBER,,,,no MT number in the deal name,,,,,,,https://app.hubspot.com/contacts/7423331/record/0-3/9870438063
6909004574,AKS: OA and normal - synovial fluid,AKS,NO NUMBER,,,,no MT number in the deal name,,,,,,,https://app.hubspot.com/contacts/7423331/record/0-3/6909004574
15276340334,AKS: Plaque Psoriasis - skin biopsy and blood,AKS,NO NUMBER,,,,no MT number in the deal name,,,,,,,https://app.hubspot.com/contacts/7423331/record/0-3/15276340334
14829836068,AKS: Rosacea - tissue,AKS,NO NUMBER,,,,no MT number in the deal name,,,,,,,https://app.hubspot.com/contacts/7423331/record/0-3/14829836068
5222667668,"ALM: H&N, HCC, NSCLC AC/SCC, skin melanoma, esophageal, ovarian, uterine, bladder, TNBC - frozen tissue & FFPE",ALM,NO NUMBER,,,,no MT number in the deal name,,,,,,,https://app.hubspot.com/contacts/7423331/record/0-3/5222667668
5066681366,ALM: Met-amplified NSCLC & gastric - FFPE,ALM,NO NUMBER,,,,no MT number in the deal name,,,,,,,https://app.hubspot.com/contacts/7423331/record/0-3/5066681366
5291768929,"ALM: Myeloma, MDS, normal - blood & marrow",ALM,NO NUMBER,,,,no MT number in the deal name,,,,,,,https://app.hubspot.com/contacts/7423331/record/0-3/5291768929
5175302038,ALM: NSCLC - FFPE,ALM,NO NUMBER,,,,no MT number in the deal name,,,,,,,https://app.hubspot.com/contacts/7423331/record/0-3/5175302038
5568475183,ALM: Parkinsons & normals - blood,ALM,NO NUMBER,,,,no MT number in the deal name,,,,,,,https://app.hubspot.com/contacts/7423331/record/0-3/5568475183
16276235372,ALX: Antiphospholipid syndrome - blood,ALX,NO NUMBER,,,,no MT number in the deal name,,,,,,,https://app.hubspot.com/contacts/7423331/record/0-3/16276235372
16855025746,"ALX: Dermatomyositis - tissue, blood",ALX,NO NUMBER,,,,no MT number in the deal name,,,,,,,https://app.hubspot.com/contacts/7423331/record/0-3/16855025746
7857982288,AMG: >60 Years Healthies - Blood,AMG,NO NUMBER,,,,no MT number in the deal name,,,,,,,https://app.hubspot.com/contacts/7423331/record/0-3/7857982288
50505907002,AMG: Alopecia areata - FFPE,AMG,NO NUMBER,,,,no MT number in the deal name,,,,,,,https://app.hubspot.com/contacts/7423331/record/0-3/50505907002
58754463065,AMG: Alopecia areata and normal scalp - FFPE,AMG,NO NUMBER,,,,no MT number in the deal name,,,,,,,https://app.hubspot.com/contacts/7423331/record/0-3/58754463065
2956330654,AMG: AML - BMMC or PBMC,AMG,NO NUMBER,,,,no MT number in the deal name,,,,,,,https://app.hubspot.com/contacts/7423331/record/0-3/2956330654
41193313161,AMG: AML - BMMCs and PBMCs,AMG,NO NUMBER,,,,no MT number in the deal name,,,,,,,https://app.hubspot.com/contacts/7423331/record/0-3/41193313161
22658680110,AMG: ANCA - associated vasculitis and IgA nephropathy or lupus nephritis - frozen urine,AMG,NO NUMBER,,,,no MT number in the deal name,,,,,,,https://app.hubspot.com/contacts/7423331/record/0-3/22658680110
62494464809,AMG: ASCVD & healthy - plasma,AMG,NO NUMBER,,,,no MT number in the deal name,,,,,,,https://app.hubspot.com/contacts/7423331/record/0-3/62494464809
21759729416,AMG: Asthma and COPD - serum,AMG,NO NUMBER,,,,no MT number in the deal name,,,,,,,https://app.hubspot.com/contacts/7423331/record/0-3/21759729416
33486104717,"AMG: asthma, COPD, healthy - sputum, BAL, or bronchial brushings",AMG,NO NUMBER,,,,no MT number in the deal name,,,,,,,https://app.hubspot.com/contacts/7423331/record/0-3/33486104717
6223788174,AMG: Atopic dermatitis & spontaneous chronic urticaria - serum,AMG,NO NUMBER,,,,no MT number in the deal name,,,,,,,https://app.hubspot.com/contacts/7423331/record/0-3/6223788174
20999549600,AMG: Atopic dermatitis - PBMCs,AMG,NO NUMBER,,,,no MT number in the deal name,,,,,,,https://app.hubspot.com/contacts/7423331/record/0-3/20999549600
6181358877,AMG: Atopic dermatitis - serum,AMG,NO NUMBER,,,,no MT number in the deal name,,,,,,,https://app.hubspot.com/contacts/7423331/record/0-3/6181358877
4597316469,AMG: Atopic dermatitis - serum,AMG,NO NUMBER,,,,no MT number in the deal name,,,,,,,https://app.hubspot.com/contacts/7423331/record/0-3/4597316469
57856221802,AMG: Atopic dermatitis - skin punch biopsies and whole blood,AMG,NO NUMBER,,,,no MT number in the deal name,,,,,,,https://app.hubspot.com/contacts/7423331/record/0-3/57856221802
51674266138,AMG: atopic dermatitis - snap frozen tissue,AMG,NO NUMBER,,,,no MT number in the deal name,,,,,,,https://app.hubspot.com/contacts/7423331/record/0-3/51674266138
34376710768,AMG: Atopic dermatitis and healthy - PBMC,AMG,NO NUMBER,,,,no MT number in the deal name,,,,,,,https://app.hubspot.com/contacts/7423331/record/0-3/34376710768
9835679670,AMG: Atopic dermatitis and normal skin - FFPE & PBMCs,AMG,NO NUMBER,,,,no MT number in the deal name,,,,,,,https://app.hubspot.com/contacts/7423331/record/0-3/9835679670
21822704562,"AMG: Atopic dermatitis, gout, SLE - serum",AMG,NO NUMBER,,,,no MT number in the deal name,,,,,,,https://app.hubspot.com/contacts/7423331/record/0-3/21822704562
19016207784,"AMG: ATTR-CM, ATTR-PN, non-AATR-CM HF, non-AATR CM- plasma",AMG,NO NUMBER,,,,no MT number in the deal name,,,,,,,https://app.hubspot.com/contacts/7423331/record/0-3/19016207784
43898929700,AMG: Autoimmune hepatitis - FFPE,AMG,NO NUMBER,,,,no MT number in the deal name,,,,,,,https://app.hubspot.com/contacts/7423331/record/0-3/43898929700
28260513349,AMG: Autoimmune hepatitis - FFPE,AMG,NO NUMBER,,,,no MT number in the deal name,,,,,,,https://app.hubspot.com/contacts/7423331/record/0-3/28260513349
4016828750,AMG: Cancer - leukopak,AMG,NO NUMBER,,,,no MT number in the deal name,,,,,,,https://app.hubspot.com/contacts/7423331/record/0-3/4016828750
5441960532,AMG: CD & UC - pinch biopsies & blood,AMG,NO NUMBER,,,,no MT number in the deal name,,,,,,,https://app.hubspot.com/contacts/7423331/record/0-3/5441960532
7937922602,AMG: Cervical (Stage III/IV)- FFPE,AMG,NO NUMBER,,,,no MT number in the deal name,,,,,,,https://app.hubspot.com/contacts/7423331/record/0-3/7937922602
28948405030,AMG: Chronic spontaneous urticaria - fresh tissue biopsy,AMG,NO NUMBER,,,,no MT number in the deal name,,,,,,,https://app.hubspot.com/contacts/7423331/record/0-3/28948405030
9114186368,AMG: chronic urticaria - FFPE,AMG,NO NUMBER,,,,no MT number in the deal name,,,,,,,https://app.hubspot.com/contacts/7423331/record/0-3/9114186368
19860446240,"AMG: CKD, gout, healthy - serum, urine",AMG,NO NUMBER,,,,no MT number in the deal name,,,,,,,https://app.hubspot.com/contacts/7423331/record/0-3/19860446240
3621266804,AMG: COVID - serum,AMG,NO NUMBER,,,,no MT number in the deal name,,,,,,,https://app.hubspot.com/contacts/7423331/record/0-3/3621266804
9932665108,AMG: CRC & panc - PBMCs,AMG,NO NUMBER,,,,no MT number in the deal name,,,,,,,https://app.hubspot.com/contacts/7423331/record/0-3/9932665108
20911920050,AMG: CRC - fresh tissue and NAT,AMG,NO NUMBER,,,,no MT number in the deal name,,,,,,,https://app.hubspot.com/contacts/7423331/record/0-3/20911920050
36457429544,AMG: CRC MSI-H - FFPE,AMG,NO NUMBER,,,,no MT number in the deal name,,,,,,,https://app.hubspot.com/contacts/7423331/record/0-3/36457429544
17452904017,AMG: CRC Stage III and IV - FFPE,AMG,NO NUMBER,,,,no MT number in the deal name,,,,,,,https://app.hubspot.com/contacts/7423331/record/0-3/17452904017
20088776558,AMG: CRC Stage III-IV MSS/MSI - FFPE,AMG,NO NUMBER,,,,no MT number in the deal name,,,,,,,https://app.hubspot.com/contacts/7423331/record/0-3/20088776558
10551952494,"AMG: CRC, gastric & GEJ, NSCLC - blood",AMG,NO NUMBER,,,,no MT number in the deal name,,,,,,,https://app.hubspot.com/contacts/7423331/record/0-3/10551952494
12354688925,"AMG: CRC, panc - fresh tissue & blood",AMG,NO NUMBER,,,,no MT number in the deal name,,,,,,,https://app.hubspot.com/contacts/7423331/record/0-3/12354688925
11579909957,AMG: Desmoplastic small round cell tumor (DSRCT) - FFPE,AMG,NO NUMBER,,,,no MT number in the deal name,,,,,,,https://app.hubspot.com/contacts/7423331/record/0-3/11579909957
7937795962,AMG: Endometrial (Stage III/IV) - FFPE,AMG,NO NUMBER,,,,no MT number in the deal name,,,,,,,https://app.hubspot.com/contacts/7423331/record/0-3/7937795962
6590599795,AMG: Esophageal Squamous Cell Carcinoma (ESCC) - FFPE,AMG,NO NUMBER,,,,no MT number in the deal name,,,,,,,https://app.hubspot.com/contacts/7423331/record/0-3/6590599795
4364331725,AMG: Ewing sarcoma - FFPE,AMG,NO NUMBER,,,,no MT number in the deal name,,,,,,,https://app.hubspot.com/contacts/7423331/record/0-3/4364331725
7250391122,AMG: Ewings Sarcoma - Bone tumor,AMG,NO NUMBER,,,,no MT number in the deal name,,,,,,,https://app.hubspot.com/contacts/7423331/record/0-3/7250391122
5924313977,AMG: Ewings Sarcoma - Serum,AMG,NO NUMBER,,,,no MT number in the deal name,,,,,,,https://app.hubspot.com/contacts/7423331/record/0-3/5924313977
17140236699,AMG: Fresh Normal Tonsil - fresh tissue,AMG,NO NUMBER,,,,no MT number in the deal name,,,,,,,https://app.hubspot.com/contacts/7423331/record/0-3/17140236699
4306881523,AMG: Gastric & GEJ cancer - PBMC,AMG,NO NUMBER,,,,no MT number in the deal name,,,,,,,https://app.hubspot.com/contacts/7423331/record/0-3/4306881523
20974852749,AMG: Gastric stage IIIC-IV and GEJ stage IV - FFPE,AMG,NO NUMBER,,,,no MT number in the deal name,,,,,,,https://app.hubspot.com/contacts/7423331/record/0-3/20974852749
12091214943,AMG: Gastroesophageal junction (GEJ) adenocarcinoma - FFPE,AMG,NO NUMBER,,,,no MT number in the deal name,,,,,,,https://app.hubspot.com/contacts/7423331/record/0-3/12091214943
23255284767,AMG: Giant Cell Arteritis - whole blood and FFPE or OCT,AMG,NO NUMBER,,,,no MT number in the deal name,,,,,,,https://app.hubspot.com/contacts/7423331/record/0-3/23255284767
29370992263,AMG: Glioblastoma - FFPE,AMG,NO NUMBER,,,,no MT number in the deal name,,,,,,,https://app.hubspot.com/contacts/7423331/record/0-3/29370992263
11230711045,AMG: Grave's disease & normal thyroid - FFPE,AMG,NO NUMBER,,,,no MT number in the deal name,,,,,,,https://app.hubspot.com/contacts/7423331/record/0-3/11230711045
14267145361,AMG: Grave's disease - blood,AMG,NO NUMBER,,,,no MT number in the deal name,,,,,,,https://app.hubspot.com/contacts/7423331/record/0-3/14267145361
17620949007,AMG: Graves and Hashimotos Disease - serum or plasma,AMG,NO NUMBER,,,,no MT number in the deal name,,,,,,,https://app.hubspot.com/contacts/7423331/record/0-3/17620949007
10186976083,AMG: Graves disease - fresh thyroid,AMG,NO NUMBER,,,,no MT number in the deal name,,,,,,,https://app.hubspot.com/contacts/7423331/record/0-3/10186976083
18905166975,AMG: Graves disease - serum,AMG,NO NUMBER,,,,no MT number in the deal name,,,,,,,https://app.hubspot.com/contacts/7423331/record/0-3/18905166975
2832098094,AMG: H&N - FFPE,AMG,NO NUMBER,,,,no MT number in the deal name,,,,,,,https://app.hubspot.com/contacts/7423331/record/0-3/2832098094
2836831622,"AMG: HCC - fresh tumor, NAT, blood",AMG,NO NUMBER,,,,no MT number in the deal name,,,,,,,https://app.hubspot.com/contacts/7423331/record/0-3/2836831622
7799330913,AMG: Healthy - blood,AMG,NO NUMBER,,,,no MT number in the deal name,,,,,,,https://app.hubspot.com/contacts/7423331/record/0-3/7799330913
35807705016,AMG: Healthy - deep nasal (adenoid) swabs,AMG,NO NUMBER,,,,no MT number in the deal name,,,,,,,https://app.hubspot.com/contacts/7423331/record/0-3/35807705016
2401447103,AMG: Healthy - EDTA 1000,AMG,NO NUMBER,,,,no MT number in the deal name,,,,,,,https://app.hubspot.com/contacts/7423331/record/0-3/2401447103
3173636932,AMG: Healthy - serum & plasma,AMG,NO NUMBER,,,,no MT number in the deal name,,,,,,,https://app.hubspot.com/contacts/7423331/record/0-3/3173636932
2942392330,AMG: Healthy pediatric - blood (2 studies),AMG,NO NUMBER,,,,no MT number in the deal name,,,,,,,https://app.hubspot.com/contacts/7423331/record/0-3/2942392330
20367622031,"AMG: healthy same day (Rockville, MD) - whole blood",AMG,NO NUMBER,,,,no MT number in the deal name,,,,,,,https://app.hubspot.com/contacts/7423331/record/0-3/20367622031
20246949986,AMG: healthy volunteers (Japan) - serum,AMG,NO NUMBER,,,,no MT number in the deal name,,,,,,,https://app.hubspot.com/contacts/7423331/record/0-3/20246949986
4127351599,AMG: Heart failure - plasma & PBMCs,AMG,NO NUMBER,,,,no MT number in the deal name,,,,,,,https://app.hubspot.com/contacts/7423331/record/0-3/4127351599
28243366480,AMG: Hidradenitis Suppurativa - FFPE,AMG,NO NUMBER,,,,no MT number in the deal name,,,,,,,https://app.hubspot.com/contacts/7423331/record/0-3/28243366480
7937682477,AMG: HNSCC (Stage III/IV) - FFPE,AMG,NO NUMBER,,,,no MT number in the deal name,,,,,,,https://app.hubspot.com/contacts/7423331/record/0-3/7937682477
3444233498,AMG: Hospitalized COVID - serum,AMG,NO NUMBER,,,,no MT number in the deal name,,,,,,,https://app.hubspot.com/contacts/7423331/record/0-3/3444233498
9859474451,AMG: IBD & normal - fresh tissue,AMG,NO NUMBER,,,,no MT number in the deal name,,,,,,,https://app.hubspot.com/contacts/7423331/record/0-3/9859474451
18581842254,AMG: IBD - FFPE (see note),AMG,NO NUMBER,,,,no MT number in the deal name,,,,,,,https://app.hubspot.com/contacts/7423331/record/0-3/18581842254
16857299380,AMG: Inflamed Intestinal Tissue + NAT - FFPE and NAT,AMG,NO NUMBER,,,,no MT number in the deal name,,,,,,,https://app.hubspot.com/contacts/7423331/record/0-3/16857299380
6259442603,AMG: Intrahepatic cholangiocarcinoma (Stage IV) - FFPE,AMG,NO NUMBER,,,,no MT number in the deal name,,,,,,,https://app.hubspot.com/contacts/7423331/record/0-3/6259442603
2779371986,"AMG: IO prostate, gastric, CRC, NSCLC - PBMC",AMG,NO NUMBER,,,,no MT number in the deal name,,,,,,,https://app.hubspot.com/contacts/7423331/record/0-3/2779371986
4122187034,AMG: LCNEC - FFPE,AMG,NO NUMBER,,,,no MT number in the deal name,,,,,,,https://app.hubspot.com/contacts/7423331/record/0-3/4122187034
2341434631,AMG: mCRPC - CNB FFPE,AMG,NO NUMBER,,,,no MT number in the deal name,,,,,,,https://app.hubspot.com/contacts/7423331/record/0-3/2341434631
3505166760,AMG: mCRPC - PBMCs,AMG,NO NUMBER,,,,no MT number in the deal name,,,,,,,https://app.hubspot.com/contacts/7423331/record/0-3/3505166760
2458164947,AMG: mCRPC - serum & plasma,AMG,NO NUMBER,,,,no MT number in the deal name,,,,,,,https://app.hubspot.com/contacts/7423331/record/0-3/2458164947
1985878260,"AMG: Melan / breast - tumor, blood, NAT",AMG,NO NUMBER,,,,no MT number in the deal name,,,,,,,https://app.hubspot.com/contacts/7423331/record/0-3/1985878260
7294709174,AMG: Melanoma - serum,AMG,NO NUMBER,,,,no MT number in the deal name,,,,,,,https://app.hubspot.com/contacts/7423331/record/0-3/7294709174
17375491083,AMG: Mesothelioma - FFPE,AMG,NO NUMBER,,,,no MT number in the deal name,,,,,,,https://app.hubspot.com/contacts/7423331/record/0-3/17375491083
15772877440,AMG: Metastatic cholangio (iCCA) - FFPE,AMG,NO NUMBER,,,,no MT number in the deal name,,,,,,,https://app.hubspot.com/contacts/7423331/record/0-3/15772877440
41150287165,AMG: MIBC - FFPE,AMG,NO NUMBER,,,,no MT number in the deal name,,,,,,,https://app.hubspot.com/contacts/7423331/record/0-3/41150287165
16577777337,"AMG: Mild, Moderate, Severe Asthma - serum",AMG,NO NUMBER,,,,no MT number in the deal name,,,,,,,https://app.hubspot.com/contacts/7423331/record/0-3/16577777337
14557676050,AMG: MSS CRC - FFPE & serum,AMG,NO NUMBER,,,,no MT number in the deal name,,,,,,,https://app.hubspot.com/contacts/7423331/record/0-3/14557676050
2693395538,AMG: Multiple myeloma - serum,AMG,NO NUMBER,,,,no MT number in the deal name,,,,,,,https://app.hubspot.com/contacts/7423331/record/0-3/2693395538
15058241036,AMG: Multiple sclerosis - serum,AMG,NO NUMBER,,,,no MT number in the deal name,,,,,,,https://app.hubspot.com/contacts/7423331/record/0-3/15058241036
2389261547,AMG: NASH - FFPE,AMG,NO NUMBER,,,,no MT number in the deal name,,,,,,,https://app.hubspot.com/contacts/7423331/record/0-3/2389261547
4817912331,AMG: NASH - FNA,AMG,NO NUMBER,,,,no MT number in the deal name,,,,,,,https://app.hubspot.com/contacts/7423331/record/0-3/4817912331
6048384895,AMG: NASH - Matched FFPE + Serum/Plasma,AMG,NO NUMBER,,,,no MT number in the deal name,,,,,,,https://app.hubspot.com/contacts/7423331/record/0-3/6048384895
4682457495,AMG: NASH - serum,AMG,NO NUMBER,,,,no MT number in the deal name,,,,,,,https://app.hubspot.com/contacts/7423331/record/0-3/4682457495
6078928906,AMG: NASH with Methodist - tissue & blood,AMG,NO NUMBER,,,,no MT number in the deal name,,,,,,,https://app.hubspot.com/contacts/7423331/record/0-3/6078928906
20089316017,AMG: NAT lung or COPD - fresh tissue,AMG,NO NUMBER,,,,no MT number in the deal name,,,,,,,https://app.hubspot.com/contacts/7423331/record/0-3/20089316017
20286491211,AMG: NEPC - FFPE,AMG,NO NUMBER,,,,no MT number in the deal name,,,,,,,https://app.hubspot.com/contacts/7423331/record/0-3/20286491211
6069373706,AMG: NEPC - FFPE (additional metadata),AMG,NO NUMBER,,,,no MT number in the deal name,,,,,,,https://app.hubspot.com/contacts/7423331/record/0-3/6069373706
11416800041,AMG: Nephroblastoma (Wilms Tumor) - FFPE,AMG,NO NUMBER,,,,no MT number in the deal name,,,,,,,https://app.hubspot.com/contacts/7423331/record/0-3/11416800041
32406769033,AMG: Neuroendocrine tumors - FFPE and plasma,AMG,NO NUMBER,,,,no MT number in the deal name,,,,,,,https://app.hubspot.com/contacts/7423331/record/0-3/32406769033
2456574301,AMG: NHL & MM - serum & plasma,AMG,NO NUMBER,,,,no MT number in the deal name,,,,,,,https://app.hubspot.com/contacts/7423331/record/0-3/2456574301
41193312640,AMG: nMIBC - FFPE,AMG,NO NUMBER,,,,no MT number in the deal name,,,,,,,https://app.hubspot.com/contacts/7423331/record/0-3/41193312640
53346525337,AMG: Non- muscle invasive bladder cancer  - snap frozen tissue,AMG,NO NUMBER,,,,no MT number in the deal name,,,,,,,https://app.hubspot.com/contacts/7423331/record/0-3/53346525337
5831854976,AMG: Normal - frozen brain tissue,AMG,NO NUMBER,,,,no MT number in the deal name,,,,,,,https://app.hubspot.com/contacts/7423331/record/0-3/5831854976
2465699109,AMG: Normal - leukopak,AMG,NO NUMBER,,,,no MT number in the deal name,,,,,,,https://app.hubspot.com/contacts/7423331/record/0-3/2465699109
1970882400,AMG: Normal - liver tissue,AMG,NO NUMBER,,,,no MT number in the deal name,,,,,,,https://app.hubspot.com/contacts/7423331/record/0-3/1970882400
7811534107,AMG: Normal - Serum,AMG,NO NUMBER,,,,no MT number in the deal name,,,,,,,https://app.hubspot.com/contacts/7423331/record/0-3/7811534107
8069824310,AMG: Normal colon - tissue,AMG,NO NUMBER,,,,no MT number in the deal name,,,,,,,https://app.hubspot.com/contacts/7423331/record/0-3/8069824310
4831682084,AMG: Normal liver - tissue,AMG,NO NUMBER,,,,no MT number in the deal name,,,,,,,https://app.hubspot.com/contacts/7423331/record/0-3/4831682084
20300725052,AMG: Normal lung - fresh tissue,AMG,NO NUMBER,,,,no MT number in the deal name,,,,,,,https://app.hubspot.com/contacts/7423331/record/0-3/20300725052
41705467950,AMG: Normal placenta - FFPE,AMG,NO NUMBER,,,,no MT number in the deal name,,,,,,,https://app.hubspot.com/contacts/7423331/record/0-3/41705467950
57939118726,AMG: normal pregnant - longitudinal serum,AMG,NO NUMBER,,,,no MT number in the deal name,,,,,,,https://app.hubspot.com/contacts/7423331/record/0-3/57939118726
57939056151,AMG: normal pregnant - single timepoint serum,AMG,NO NUMBER,,,,no MT number in the deal name,,,,,,,https://app.hubspot.com/contacts/7423331/record/0-3/57939056151
19905555987,AMG: Normal skin - FFPE,AMG,NO NUMBER,,,,no MT number in the deal name,,,,,,,https://app.hubspot.com/contacts/7423331/record/0-3/19905555987
58479538556,AMG: Normal skin - fresh tissue and whole blood,AMG,NO NUMBER,,,,no MT number in the deal name,,,,,,,https://app.hubspot.com/contacts/7423331/record/0-3/58479538556
12927836962,AMG: Normal skin - tissue,AMG,NO NUMBER,,,,no MT number in the deal name,,,,,,,https://app.hubspot.com/contacts/7423331/record/0-3/12927836962
41705465867,AMG: Normal tonsil - FFPE,AMG,NO NUMBER,,,,no MT number in the deal name,,,,,,,https://app.hubspot.com/contacts/7423331/record/0-3/41705465867
2283085498,AMG: Normals - pediatric blood,AMG,NO NUMBER,,,,no MT number in the deal name,,,,,,,https://app.hubspot.com/contacts/7423331/record/0-3/2283085498
3613186171,AMG: NSCLC - FFPE,AMG,NO NUMBER,,,,no MT number in the deal name,,,,,,,https://app.hubspot.com/contacts/7423331/record/0-3/3613186171
2870768004,"AMG: NSCLC - FFPE, plasma",AMG,NO NUMBER,,,,no MT number in the deal name,,,,,,,https://app.hubspot.com/contacts/7423331/record/0-3/2870768004
7646473736,AMG: NSCLC adeno (IV) with smoking history - Serum,AMG,NO NUMBER,,,,no MT number in the deal name,,,,,,,https://app.hubspot.com/contacts/7423331/record/0-3/7646473736
9026851722,"AMG: NSCLC adeno (Stage IIIB, IIIC, IV) - FFPE",AMG,NO NUMBER,,,,no MT number in the deal name,,,,,,,https://app.hubspot.com/contacts/7423331/record/0-3/9026851722
17623802634,"AMG: NSCLC Adeno and Squamous Stage IIIB, IIIC, IV - FFPE",AMG,NO NUMBER,,,,no MT number in the deal name,,,,,,,https://app.hubspot.com/contacts/7423331/record/0-3/17623802634
32151894197,AMG: NSCLC and PDAC - FFPE and plasma,AMG,NO NUMBER,,,,no MT number in the deal name,,,,,,,https://app.hubspot.com/contacts/7423331/record/0-3/32151894197
5309651221,AMG: NSCLC KRAS G12C - FFPE,AMG,NO NUMBER,,,,no MT number in the deal name,,,,,,,https://app.hubspot.com/contacts/7423331/record/0-3/5309651221
28981527357,AMG: NSCLC Stage I-II - FFPE,AMG,NO NUMBER,,,,no MT number in the deal name,,,,,,,https://app.hubspot.com/contacts/7423331/record/0-3/28981527357
6788892251,"AMG: NSCLC, PDAC w/ known MTAP and/orCDKN2A homozygous deletions  - FFPE",AMG,NO NUMBER,,,,no MT number in the deal name,,,,,,,https://app.hubspot.com/contacts/7423331/record/0-3/6788892251
9026853128,AMG: NSCLC-adeno - FFPE and Frozen,AMG,NO NUMBER,,,,no MT number in the deal name,,,,,,,https://app.hubspot.com/contacts/7423331/record/0-3/9026853128
6016501337,"AMG: NSCLC-SCC, NSCLC (Adeno) - FNA FFPE",AMG,NO NUMBER,,,,no MT number in the deal name,,,,,,,https://app.hubspot.com/contacts/7423331/record/0-3/6016501337
18370140433,AMG: Ovarian SLCT - FFPE,AMG,NO NUMBER,,,,no MT number in the deal name,,,,,,,https://app.hubspot.com/contacts/7423331/record/0-3/18370140433
10773904030,AMG: Pancreatic & prostate - FFPE & plasma,AMG,NO NUMBER,,,,no MT number in the deal name,,,,,,,https://app.hubspot.com/contacts/7423331/record/0-3/10773904030
2018470787,AMG: Pancreatic - FNA,AMG,NO NUMBER,,,,no MT number in the deal name,,,,,,,https://app.hubspot.com/contacts/7423331/record/0-3/2018470787
34631467538,AMG: PDAC - frozen whole blood,AMG,NO NUMBER,,,,no MT number in the deal name,,,,,,,https://app.hubspot.com/contacts/7423331/record/0-3/34631467538
6526470686,AMG: Pediatric healthy - blood,AMG,NO NUMBER,,,,no MT number in the deal name,,,,,,,https://app.hubspot.com/contacts/7423331/record/0-3/6526470686
9026852114,AMG: Pediatric neuroblastoma extension - FFPE,AMG,NO NUMBER,,,,no MT number in the deal name,,,,yes,,,https://app.hubspot.com/contacts/7423331/record/0-3/9026852114
3076868833,AMG: Plaque psoriasis & Crohn's - PBMCs,AMG,NO NUMBER,,,,no MT number in the deal name,,,,,,,https://app.hubspot.com/contacts/7423331/record/0-3/3076868833
9267021913,AMG: plaque psoriasis - matched lesion and non-lesion FFPE,AMG,NO NUMBER,,,,no MT number in the deal name,,,,,,,https://app.hubspot.com/contacts/7423331/record/0-3/9267021913
43545587761,AMG: Post PD-1 or PD-L1 (other IO) - FFPE,AMG,NO NUMBER,,,,no MT number in the deal name,,,,,,,https://app.hubspot.com/contacts/7423331/record/0-3/43545587761
47814377349,AMG: Pre-eclampsia placenta - FFPE,AMG,NO NUMBER,,,,no MT number in the deal name,,,,,,,https://app.hubspot.com/contacts/7423331/record/0-3/47814377349
19165401400,"AMG: Pre-eclampsia, pregnant, PAD, CAD, ANOCA, normal - serum and plasma",AMG,NO NUMBER,,,,no MT number in the deal name,,,,,,,https://app.hubspot.com/contacts/7423331/record/0-3/19165401400
41158570344,"AMG: Pregnant subjects, normal female, females with PAH - serum and plasma",AMG,NO NUMBER,,,,no MT number in the deal name,,,,,,,https://app.hubspot.com/contacts/7423331/record/0-3/41158570344
5441300315,AMG: primary or metastatic gastric or GEJ - FFPE,AMG,NO NUMBER,,,,no MT number in the deal name,,,,,,,https://app.hubspot.com/contacts/7423331/record/0-3/5441300315
2883559935,"AMG: Prostate - tumor, NAT, blood",AMG,NO NUMBER,,,,no MT number in the deal name,,,,,,,https://app.hubspot.com/contacts/7423331/record/0-3/2883559935
9503837258,AMG: Prostate adeno - FFPE,AMG,NO NUMBER,,,,no MT number in the deal name,,,,,,,https://app.hubspot.com/contacts/7423331/record/0-3/9503837258
19566189750,AMG: Prostate adenocarcinoma - FFPE and plasma (SEE NOTE),AMG,NO NUMBER,,,,no MT number in the deal name,,,,,,,https://app.hubspot.com/contacts/7423331/record/0-3/19566189750
40735768668,AMG: Prostate cancer - FFPE,AMG,NO NUMBER,,,,no MT number in the deal name,,,,,,,https://app.hubspot.com/contacts/7423331/record/0-3/40735768668
8666940961,AMG: Prostate cancer - Serum,AMG,NO NUMBER,,,,no MT number in the deal name,,,,,,,https://app.hubspot.com/contacts/7423331/record/0-3/8666940961
19366250819,AMG: prostate cancer - snap frozen tumor tissue,AMG,NO NUMBER,,,,no MT number in the deal name,,,,,,,https://app.hubspot.com/contacts/7423331/record/0-3/19366250819
48473787193,AMG: Prurigo nodularis - FFPE,AMG,NO NUMBER,,,,no MT number in the deal name,,,,,,,https://app.hubspot.com/contacts/7423331/record/0-3/48473787193
5483868230,AMG: RA - PBMC & SFMC,AMG,NO NUMBER,,,,no MT number in the deal name,,,,,,,https://app.hubspot.com/contacts/7423331/record/0-3/5483868230
30915914671,AMG: Rasburicase treated donors - serum,AMG,NO NUMBER,,,,no MT number in the deal name,,,,,,,https://app.hubspot.com/contacts/7423331/record/0-3/30915914671
16290600741,"AMG: Relapsed NSCLC, CRC, Gastric, Melanoma - blood",AMG,NO NUMBER,,,,no MT number in the deal name,,,,,,,https://app.hubspot.com/contacts/7423331/record/0-3/16290600741
3560211599,AMG: Rheumatoid Arthritis - PBMCs,AMG,NO NUMBER,,,,no MT number in the deal name,,,,,,,https://app.hubspot.com/contacts/7423331/record/0-3/3560211599
29468831115,AMG: Rheumatoid arthritis - serum,AMG,NO NUMBER,,,,no MT number in the deal name,,,,,,,https://app.hubspot.com/contacts/7423331/record/0-3/29468831115
34631467103,AMG: Rheumatoid arthritis - synovial tissue FFPE,AMG,NO NUMBER,,,,no MT number in the deal name,,,,,,,https://app.hubspot.com/contacts/7423331/record/0-3/34631467103
33618515779,"AMG: Rheumatoid arthritis, atopic dermatitis, Crohn's disease and healthy - whole blood",AMG,NO NUMBER,,,,no MT number in the deal name,,,,,,,https://app.hubspot.com/contacts/7423331/record/0-3/33618515779
45002345602,AMG: Rheumatology indications - PBMCs (see note),AMG,NO NUMBER,,,,no MT number in the deal name,,,,,,,https://app.hubspot.com/contacts/7423331/record/0-3/45002345602
13809293060,AMG: SCLC - FFPE,AMG,NO NUMBER,,,,no MT number in the deal name,,,,,,,https://app.hubspot.com/contacts/7423331/record/0-3/13809293060
8113562165,AMG: SCLC - FFPE,AMG,NO NUMBER,,,,no MT number in the deal name,,,,,,,https://app.hubspot.com/contacts/7423331/record/0-3/8113562165
2456546195,AMG: SCLC - serum & plasma,AMG,NO NUMBER,,,,no MT number in the deal name,,,,,,,https://app.hubspot.com/contacts/7423331/record/0-3/2456546195
10208104593,AMG: SCLC pleural effusion - FFPE,AMG,NO NUMBER,,,,no MT number in the deal name,,,,,,,https://app.hubspot.com/contacts/7423331/record/0-3/10208104593
43898933424,AMG: SCLC treated with Imdelltra - plasma,AMG,NO NUMBER,,,,no MT number in the deal name,,,,,,,https://app.hubspot.com/contacts/7423331/record/0-3/43898933424
2456578064,"AMG: Sepsis - plasma, serum, urine",AMG,NO NUMBER,,,,no MT number in the deal name,,,,,,,https://app.hubspot.com/contacts/7423331/record/0-3/2456578064
22549194303,AMG: Sjogren's - plasma,AMG,NO NUMBER,,,,no MT number in the deal name,,,,,,,https://app.hubspot.com/contacts/7423331/record/0-3/22549194303
41348621615,AMG: Sjogren's syndrome - salivary gland FFPE,AMG,NO NUMBER,,,,no MT number in the deal name,,,,,,,https://app.hubspot.com/contacts/7423331/record/0-3/41348621615
38967448068,AMG: sqNSCLC and SCCHN - fresh tissue and NAT,AMG,NO NUMBER,,,,no MT number in the deal name,,,,,,,https://app.hubspot.com/contacts/7423331/record/0-3/38967448068
15238845200,AMG: Stage I-II Gastric & GEJ - FFPE,AMG,NO NUMBER,,,,no MT number in the deal name,,,,,,,https://app.hubspot.com/contacts/7423331/record/0-3/15238845200
17553284501,AMG: Stage IIC / IIIA/IIIB/IIIC Prostate Adenocarcinoma - FFPE,AMG,NO NUMBER,,,,no MT number in the deal name,,,,,,,https://app.hubspot.com/contacts/7423331/record/0-3/17553284501
38443093052,AMG: Stage IIC-IV Prostate cancer - FFPE,AMG,NO NUMBER,,,,no MT number in the deal name,,,,,,,https://app.hubspot.com/contacts/7423331/record/0-3/38443093052
13603041463,AMG: stage III-IV Cervical cancer - FFPE,AMG,NO NUMBER,,,,no MT number in the deal name,,,,,,,https://app.hubspot.com/contacts/7423331/record/0-3/13603041463
15380190051,AMG: Stage III-IV CRC - FFPE,AMG,NO NUMBER,,,,no MT number in the deal name,,,,,,,https://app.hubspot.com/contacts/7423331/record/0-3/15380190051
15332359791,AMG: Stage III-IV CRC - FFPE,AMG,NO NUMBER,,,,no MT number in the deal name,,,,,,,https://app.hubspot.com/contacts/7423331/record/0-3/15332359791
14796280722,AMG: Stage III-IV CRC - FFPE,AMG,NO NUMBER,,,,no MT number in the deal name,,,,,,,https://app.hubspot.com/contacts/7423331/record/0-3/14796280722
28882524252,AMG: Stage III-IV CRC MSS/MSI - FFPE,AMG,NO NUMBER,,,,no MT number in the deal name,,,,,,,https://app.hubspot.com/contacts/7423331/record/0-3/28882524252
39528090276,AMG: Stage III-IV Esophageal cancer and gastroesophageal junction cancer - FFPE,AMG,NO NUMBER,,,,no MT number in the deal name,,,,,,,https://app.hubspot.com/contacts/7423331/record/0-3/39528090276
15238845284,AMG: Stage III-IV Gastric & GEJ - FFPE,AMG,NO NUMBER,,,,no MT number in the deal name,,,,,,,https://app.hubspot.com/contacts/7423331/record/0-3/15238845284
14453886747,AMG: Stage III-IV gastric and GEJ - FFPE,AMG,NO NUMBER,,,,no MT number in the deal name,,,,,,,https://app.hubspot.com/contacts/7423331/record/0-3/14453886747
13624837752,AMG: stage III-IV Gastric cancer - FFPE,AMG,NO NUMBER,,,,no MT number in the deal name,,,,,,,https://app.hubspot.com/contacts/7423331/record/0-3/13624837752
14782534720,AMG: Stage III-IV gastric/GEJ - FFPE,AMG,NO NUMBER,,,,no MT number in the deal name,,,,,,,https://app.hubspot.com/contacts/7423331/record/0-3/14782534720
12781522093,AMG: stage III-IV multi cancers feasibility - FFPE,AMG,NO NUMBER,,,,no MT number in the deal name,,,,,,,https://app.hubspot.com/contacts/7423331/record/0-3/12781522093
33118538522,AMG: Stage III-IV NSCLC Adeno and Squamous - FFPE,AMG,NO NUMBER,,,,no MT number in the deal name,,,,,,,https://app.hubspot.com/contacts/7423331/record/0-3/33118538522
16254608703,AMG: Stage III-IV NSCLC SCC - FFPE (see NOTE),AMG,NO NUMBER,,,,no MT number in the deal name,,,,,,,https://app.hubspot.com/contacts/7423331/record/0-3/16254608703
15276574387,AMG: Stage III-IV Ovarian (HGS or EnOC) - FFPE,AMG,NO NUMBER,,,,no MT number in the deal name,,,,,,,https://app.hubspot.com/contacts/7423331/record/0-3/15276574387
59569910116,AMG: Stage III-IV ovarian (HGS) - FFPE,AMG,NO NUMBER,,,,no MT number in the deal name,,,,,,,https://app.hubspot.com/contacts/7423331/record/0-3/59569910116
14764727433,AMG: Stage III-IV PDAC - FFPE,AMG,NO NUMBER,,,,no MT number in the deal name,,,,,,,https://app.hubspot.com/contacts/7423331/record/0-3/14764727433
10932556919,AMG: Stage III-IV TNBC (ex-US) - FFPE,AMG,NO NUMBER,,,,no MT number in the deal name,,,,,,,https://app.hubspot.com/contacts/7423331/record/0-3/10932556919
36292468407,AMG: Stage III/IV cervical adeno & SCC - FFPE,AMG,NO NUMBER,,,,no MT number in the deal name,,,,,,,https://app.hubspot.com/contacts/7423331/record/0-3/36292468407
7038122399,"AMG: Stage III/IV NSCLC (Adeno or SCC), CRC, PDAC - Serum",AMG,NO NUMBER,,,,no MT number in the deal name,,,,,,,https://app.hubspot.com/contacts/7423331/record/0-3/7038122399
13460807266,AMG: stage III/IV ovarian - FFPE,AMG,NO NUMBER,,,,no MT number in the deal name,,,,,,,https://app.hubspot.com/contacts/7423331/record/0-3/13460807266
10798882987,"AMG: Stage IIIB, IIIC, IV NSCLC SCC - FFPE",AMG,NO NUMBER,,,,no MT number in the deal name,,,,,,,https://app.hubspot.com/contacts/7423331/record/0-3/10798882987
16400959533,AMG: Stage IIIB- IV NSCLC Adeno and SCC - FFPE,AMG,NO NUMBER,,,,no MT number in the deal name,,,,,,,https://app.hubspot.com/contacts/7423331/record/0-3/16400959533
14429126323,AMG: stage IIIb-IV NSCLC SCC - FFPE,AMG,NO NUMBER,,,,no MT number in the deal name,,,,,,,https://app.hubspot.com/contacts/7423331/record/0-3/14429126323
14866693747,AMG: Stage IIIB/C-IV NSCLC - FFPE (see note),AMG,NO NUMBER,,,,no MT number in the deal name,,,,,,,https://app.hubspot.com/contacts/7423331/record/0-3/14866693747
37458716592,AMG: Stage IIIC-IV Gastroesophageal junction cancer - FFPE,AMG,NO NUMBER,,,,no MT number in the deal name,,,,,,,https://app.hubspot.com/contacts/7423331/record/0-3/37458716592
29304052754,AMG: Thyroid eye disease - plasma,AMG,NO NUMBER,,,,no MT number in the deal name,,,,,,,https://app.hubspot.com/contacts/7423331/record/0-3/29304052754
18033988374,"AMG: Thyroid Eye Disease - Serum, Whole Blood (SEE NOTE)",AMG,NO NUMBER,,,,no MT number in the deal name,,,,,,,https://app.hubspot.com/contacts/7423331/record/0-3/18033988374
18002048643,AMG: Thyroid Eye Disease - Tear Schirmer strip,AMG,NO NUMBER,,,,no MT number in the deal name,,,,,,,https://app.hubspot.com/contacts/7423331/record/0-3/18002048643
37277049454,AMG: Thyroid eye disease and healthy - serum,AMG,NO NUMBER,,,,no MT number in the deal name,,,,,,,https://app.hubspot.com/contacts/7423331/record/0-3/37277049454
7937683123,AMG: TNBC (Stage III/IV) - FFPE,AMG,NO NUMBER,,,,no MT number in the deal name,,,,,,,https://app.hubspot.com/contacts/7423331/record/0-3/7937683123
4123320680,AMG: TNBC - serum,AMG,NO NUMBER,,,,no MT number in the deal name,,,,,,,https://app.hubspot.com/contacts/7423331/record/0-3/4123320680
32157801258,AMG: TNBC - serum or plasma,AMG,NO NUMBER,,,,no MT number in the deal name,,,,,,,https://app.hubspot.com/contacts/7423331/record/0-3/32157801258
18127729556,AMG: TNBC Late Stage - FFPE,AMG,NO NUMBER,,,,no MT number in the deal name,,,,,,,https://app.hubspot.com/contacts/7423331/record/0-3/18127729556
20955393434,AMG: TNBC Stage III-IV - FFPE,AMG,NO NUMBER,,,,no MT number in the deal name,,,,,,,https://app.hubspot.com/contacts/7423331/record/0-3/20955393434
21669352571,AMG: UC and CD - frozen serum,AMG,NO NUMBER,,,,no MT number in the deal name,,,,,,,https://app.hubspot.com/contacts/7423331/record/0-3/21669352571
30832285563,AMG: Ulcerative colitis - urine and serum,AMG,NO NUMBER,,,,no MT number in the deal name,,,,,,,https://app.hubspot.com/contacts/7423331/record/0-3/30832285563
19731914028,AMG: Various Cancers PD-1/PD-L1 Responders vs Non-Responders - FFPE,AMG,NO NUMBER,,,,no MT number in the deal name,,,,,,,https://app.hubspot.com/contacts/7423331/record/0-3/19731914028
14398476550,ANB: Melanoma - tissue,ANB,NO NUMBER,,,,no MT number in the deal name,,,,,,,https://app.hubspot.com/contacts/7423331/record/0-3/14398476550
16791709777,AOA: BRCA longitudinal surveillance - serum,AOA,NO NUMBER,,,,no MT number in the deal name,,,,,,,https://app.hubspot.com/contacts/7423331/record/0-3/16791709777
13554150230,AOA: Longitudinal ovarian - serum,AOA,NO NUMBER,,,,no MT number in the deal name,,,,,,,https://app.hubspot.com/contacts/7423331/record/0-3/13554150230
19221159249,AOA: OB-GYN conditions - serum,AOA,NO NUMBER,,,,no MT number in the deal name,,,,,,,https://app.hubspot.com/contacts/7423331/record/0-3/19221159249
6174874130,AOA: Post-IO cancer longitudinal - plasma,AOA,NO NUMBER,,,,no MT number in the deal name,,,,,,,https://app.hubspot.com/contacts/7423331/record/0-3/6174874130
13554545263,"AOA: Women's cancers + melanoma & neuroblastoma - FFPE, plasma, serum",AOA,NO NUMBER,,,,no MT number in the deal name,,,,,,,https://app.hubspot.com/contacts/7423331/record/0-3/13554545263
49779135359,AOG: East Asian atopic derm - blood,AOG,NO NUMBER,,,,no MT number in the deal name,,,,,,,https://app.hubspot.com/contacts/7423331/record/0-3/49779135359
15758228077,APB: Crohn's and UC- whole blood,APB,NO NUMBER,,,,no MT number in the deal name,,,,,,,https://app.hubspot.com/contacts/7423331/record/0-3/15758228077
7046258715,"APG: Gastric, H&N, NSCLC, ovarian, RCC, TNBC - tumor & blood",APG,NO NUMBER,,,,no MT number in the deal name,,,,,,,https://app.hubspot.com/contacts/7423331/record/0-3/7046258715
3643905711,APG: HNSCC - blood & plasma,APG,NO NUMBER,,,,no MT number in the deal name,,,,,,,https://app.hubspot.com/contacts/7423331/record/0-3/3643905711
5517801486,"APG: RCC, HNSCC, gastric, ovarian - tissue & blood",APG,NO NUMBER,,,,no MT number in the deal name,,,,,,,https://app.hubspot.com/contacts/7423331/record/0-3/5517801486
57865582509,APX: NSCLC and ovarian - FFPE,APX,NO NUMBER,,,,no MT number in the deal name,,,,,,,https://app.hubspot.com/contacts/7423331/record/0-3/57865582509
13209649555,"ARA: HPV cancers (cervical, H&N & ovarian) plus other cancers - FFPE & blood",ARA,NO NUMBER,,,,no MT number in the deal name,,,,,,,https://app.hubspot.com/contacts/7423331/record/0-3/13209649555
41705545820,ARB: HCC - FFPE,ARB,NO NUMBER,,,,no MT number in the deal name,,,,,,,https://app.hubspot.com/contacts/7423331/record/0-3/41705545820
41705605281,ARB: Thyroid cancer - FFPE and serum or plasma,ARB,NO NUMBER,,,,no MT number in the deal name,,,,,,,https://app.hubspot.com/contacts/7423331/record/0-3/41705605281
41705546655,ARB: Various cancer - buffy coat,ARB,NO NUMBER,,,,no MT number in the deal name,,,,,,,https://app.hubspot.com/contacts/7423331/record/0-3/41705546655
45915337131,ARC: Psoriasis - whole blood,ARC,NO NUMBER,,,,no MT number in the deal name,,,,,,,https://app.hubspot.com/contacts/7423331/record/0-3/45915337131
38744751222,ASB: mCRPC - FFPE,ASB,NO NUMBER,,,,no MT number in the deal name,,,,,,,https://app.hubspot.com/contacts/7423331/record/0-3/38744751222
7535773249,"ASH: esoph, gastric H&N, NSCLC, melanoma, RCC - tissue & blood",ASH,NO NUMBER,,,,no MT number in the deal name,,,,,,,https://app.hubspot.com/contacts/7423331/record/0-3/7535773249
10699645779,ASH: RCC - tissue & blood,ASH,NO NUMBER,,,,no MT number in the deal name,,,,,,,https://app.hubspot.com/contacts/7423331/record/0-3/10699645779
9322119562,"ASL: Psoriasis, Bullous Pemphigoid, Pemphigus Vulgaris, and Alopecia Areata - FFPE, Frozen, Fresh",ASL,NO NUMBER,,,,no MT number in the deal name,,,,,,,https://app.hubspot.com/contacts/7423331/record/0-3/9322119562
4038577925,ASL: Radiation Therapy - blood,ASL,NO NUMBER,,,,no MT number in the deal name,,,,,,,https://app.hubspot.com/contacts/7423331/record/0-3/4038577925
54105457827,ASN: Negative mammogram - blood & plasma,ASN,NO NUMBER,,,,no MT number in the deal name,,,,,,,https://app.hubspot.com/contacts/7423331/record/0-3/54105457827
31738594217,"ASN: Stage I-II breast cancer, healthy, multi-indications - plasma",ASN,NO NUMBER,,,,no MT number in the deal name,,,,,,,https://app.hubspot.com/contacts/7423331/record/0-3/31738594217
38822987016,AST: CRC - fresh tissue,AST,NO NUMBER,,,,no MT number in the deal name,,,,,,,https://app.hubspot.com/contacts/7423331/record/0-3/38822987016
13528428651,ATB: RCC - frozen tissue,ATB,NO NUMBER,,,,no MT number in the deal name,,,,,,,https://app.hubspot.com/contacts/7423331/record/0-3/13528428651
36316128426,"ATC: Breast, CRC, NSCLC, and NAT - tissue, blood",ATC,NO NUMBER,,,,no MT number in the deal name,,,,,,,https://app.hubspot.com/contacts/7423331/record/0-3/36316128426
54729397301,"ATC: Prostate, RCC, brain - tissue & blood",ATC,NO NUMBER,,,,no MT number in the deal name,,,,,,,https://app.hubspot.com/contacts/7423331/record/0-3/54729397301
44454037551,ATS: CRC & PDAC screening - FFPE,ATS,NO NUMBER,,,,no MT number in the deal name,,,,,,,https://app.hubspot.com/contacts/7423331/record/0-3/44454037551
35100795410,ATS: Pancreatic cancer - banked FFPE,ATS,NO NUMBER,,,,no MT number in the deal name,,,,,,,https://app.hubspot.com/contacts/7423331/record/0-3/35100795410
35594898725,ATS: Stage III-IV pancreatic cancer additional cases - FFPE,ATS,NO NUMBER,,,,no MT number in the deal name,,,,,,,https://app.hubspot.com/contacts/7423331/record/0-3/35594898725
21307839774,AVB: cardiomyopathy mutants - serum (see note),AVB,NO NUMBER,,,,no MT number in the deal name,,,,,,,https://app.hubspot.com/contacts/7423331/record/0-3/21307839774
5916939535,AVB: Dystrophy & normal - muscle tissue,AVB,NO NUMBER,,,,no MT number in the deal name,,,,,,,https://app.hubspot.com/contacts/7423331/record/0-3/5916939535
1849889576,AZA - COVID 1,AZA,NO NUMBER,,,,no MT number in the deal name,,,,,,,https://app.hubspot.com/contacts/7423331/record/0-3/1849889576
1854092562,AZA - COVID 2,AZA,NO NUMBER,,,,no MT number in the deal name,,,,,,,https://app.hubspot.com/contacts/7423331/record/0-3/1854092562
63189330601,AZA - DLCBL FFPE,AZA,NO NUMBER,,,,no MT number in the deal name,,,,,,,https://app.hubspot.com/contacts/7423331/record/0-3/63189330601
7854952719,AZA: 4-8 weeks post COVID - blood,AZA,NO NUMBER,,,,no MT number in the deal name,,,,,,,https://app.hubspot.com/contacts/7423331/record/0-3/7854952719
38815310377,"AZA: Atopic dermatitis - tissue, blood",AZA,NO NUMBER,,,,no MT number in the deal name,,,,,,,https://app.hubspot.com/contacts/7423331/record/0-3/38815310377
33134824266,"AZA: Atopic dermatitis failed dupilumab - tissue, blood",AZA,NO NUMBER,,,,no MT number in the deal name,,,,,,,https://app.hubspot.com/contacts/7423331/record/0-3/33134824266
54317239724,AZA: Bullous pemphigoid - tissue,AZA,NO NUMBER,,,,no MT number in the deal name,,,,,,,https://app.hubspot.com/contacts/7423331/record/0-3/54317239724
19167392624,AZA: C. diff - stool,AZA,NO NUMBER,,,,no MT number in the deal name,,,,,,,https://app.hubspot.com/contacts/7423331/record/0-3/19167392624
14863628620,AZA: C. difficile - stool,AZA,NO NUMBER,,,,no MT number in the deal name,,,,,,,https://app.hubspot.com/contacts/7423331/record/0-3/14863628620
52076777096,AZA: CLL or SLL - blood or DNA,AZA,NO NUMBER,,,,no MT number in the deal name,,,,,,,https://app.hubspot.com/contacts/7423331/record/0-3/52076777096
3958568218,AZA: Convalescent COVID SA & UK - serum & PBMCs,AZA,NO NUMBER,,,,no MT number in the deal name,,,,,,,https://app.hubspot.com/contacts/7423331/record/0-3/3958568218
57830200394,AZA: Graves' disease - blood,AZA,NO NUMBER,,,,no MT number in the deal name,,,,,,,https://app.hubspot.com/contacts/7423331/record/0-3/57830200394
47209986168,AZA: HBV biopsies - FFPE + serum,AZA,NO NUMBER,,,,no MT number in the deal name,,,,,,,https://app.hubspot.com/contacts/7423331/record/0-3/47209986168
64288709416,AZA: Healthy 80 mL blood draw - plasma & buffy coat,AZA,NO NUMBER,,,,no MT number in the deal name,,,,,,,https://app.hubspot.com/contacts/7423331/record/0-3/64288709416
31614429051,"AZA: Hepatitis B+ in Southeast Asia - PBMC/buffy coat, serum",AZA,NO NUMBER,,,,no MT number in the deal name,,,,,,,https://app.hubspot.com/contacts/7423331/record/0-3/31614429051
54319768685,AZA: Hidradenitis suppurativa - tissue,AZA,NO NUMBER,,,,no MT number in the deal name,,,,,,,https://app.hubspot.com/contacts/7423331/record/0-3/54319768685
54317223828,AZA: IBD colonic biopsies - tissue,AZA,NO NUMBER,,,,no MT number in the deal name,,,,,,,https://app.hubspot.com/contacts/7423331/record/0-3/54317223828
44214774411,AZA: IPF - blood,AZA,NO NUMBER,,,,no MT number in the deal name,,,,,,,https://app.hubspot.com/contacts/7423331/record/0-3/44214774411
44134015769,AZA: Longitudinal atopic derm - tissue & blood,AZA,NO NUMBER,,,,no MT number in the deal name,,,,,,,https://app.hubspot.com/contacts/7423331/record/0-3/44134015769
7775611923,AZA: Longitudinal COVID - blood,AZA,NO NUMBER,,,,no MT number in the deal name,,,,,,,https://app.hubspot.com/contacts/7423331/record/0-3/7775611923
48350191170,"AZA: Longitudinal DLBCL - FFPE, plasma, buffy",AZA,NO NUMBER,,,,no MT number in the deal name,,,,,,,https://app.hubspot.com/contacts/7423331/record/0-3/48350191170
44451544956,AZA: Longitudinal HMPV - swab & serum,AZA,NO NUMBER,,,,no MT number in the deal name,,,,,,,https://app.hubspot.com/contacts/7423331/record/0-3/44451544956
55927481601,AZA: Longitudinal TBD (will be replaced),AZA,NO NUMBER,,,,no MT number in the deal name,,,,,,,https://app.hubspot.com/contacts/7423331/record/0-3/55927481601
8759492771,"AZA: Lung, breast, ovarian, bladder, panc - FFPE NAT & tumor + post surgery plasma",AZA,NO NUMBER,,,,no MT number in the deal name,,,,,,,https://app.hubspot.com/contacts/7423331/record/0-3/8759492771
42228307289,"AZA: mCRPC longitudinal - FFPE, plasma, buffy",AZA,NO NUMBER,,,,no MT number in the deal name,,,,,,,https://app.hubspot.com/contacts/7423331/record/0-3/42228307289
6133502824,"AZA: NASH, NAFLD - FFPE or Frozen tissue",AZA,NO NUMBER,,,,no MT number in the deal name,,,,,,,https://app.hubspot.com/contacts/7423331/record/0-3/6133502824
40767466029,AZA: Normal colon - tissue,AZA,NO NUMBER,,,,no MT number in the deal name,,,,,,,https://app.hubspot.com/contacts/7423331/record/0-3/40767466029
37277048498,AZA: Normal Ex-US 200 mL - plasma,AZA,NO NUMBER,,,,no MT number in the deal name,,,,,,,https://app.hubspot.com/contacts/7423331/record/0-3/37277048498
53466480554,AZA: Normal liver (transplant donor or NAT) - tissue,AZA,NO NUMBER,,,,no MT number in the deal name,,,,,,,https://app.hubspot.com/contacts/7423331/record/0-3/53466480554
56460962921,AZA: Normal skin & IBD biopsies - tissue,AZA,NO NUMBER,,,,no MT number in the deal name,,,,,,,https://app.hubspot.com/contacts/7423331/record/0-3/56460962921
52207250859,AZA: NSCLC - FFPE,AZA,NO NUMBER,,,,no MT number in the deal name,,,,,,,https://app.hubspot.com/contacts/7423331/record/0-3/52207250859
3452530623,AZA: NSCLC - fresh tissue & blood,AZA,NO NUMBER,,,,no MT number in the deal name,,,,,,,https://app.hubspot.com/contacts/7423331/record/0-3/3452530623
53466480531,AZA: NSCLC tumors & lymph nodes - tissue,AZA,NO NUMBER,,,,no MT number in the deal name,,,,,,,https://app.hubspot.com/contacts/7423331/record/0-3/53466480531
53451111561,"AZA: Ovarian cancer - tissue, blood, urine",AZA,NO NUMBER,,,,no MT number in the deal name,,,,,,,https://app.hubspot.com/contacts/7423331/record/0-3/53451111561
9825872946,AZA: PDAC - FFPE,AZA,NO NUMBER,,,,no MT number in the deal name,,,,,,,https://app.hubspot.com/contacts/7423331/record/0-3/9825872946
54317239683,AZA: Pemphigus vulgaris & foliaceus - tissue,AZA,NO NUMBER,,,,no MT number in the deal name,,,,,,,https://app.hubspot.com/contacts/7423331/record/0-3/54317239683
15772071580,AZA: Post COVID vaccine (Pfizer BA.4/5) - serum,AZA,NO NUMBER,,,,no MT number in the deal name,,,,,,,https://app.hubspot.com/contacts/7423331/record/0-3/15772071580
15758101422,AZA: Post COVID vaccine (Pfizer XBB.1.5) - serum,AZA,NO NUMBER,,,,no MT number in the deal name,,,,,,,https://app.hubspot.com/contacts/7423331/record/0-3/15758101422
19166826382,AZA: Post-infection Klebsiella pneumoniae - serum,AZA,NO NUMBER,,,,no MT number in the deal name,,,,,,,https://app.hubspot.com/contacts/7423331/record/0-3/19166826382
22340716326,AZA: Post-neoadjuvant NSCLC & endometrial - fresh tissue,AZA,NO NUMBER,,,,no MT number in the deal name,,,,,,,https://app.hubspot.com/contacts/7423331/record/0-3/22340716326
45144548191,AZA: Pre & post surgery cancer - FFPE & plasma,AZA,NO NUMBER,,,,no MT number in the deal name,,,,,,,https://app.hubspot.com/contacts/7423331/record/0-3/45144548191
15285549848,AZA: Pre and post RSV vaccination - serum (see note),AZA,NO NUMBER,,,,no MT number in the deal name,,,,,,,https://app.hubspot.com/contacts/7423331/record/0-3/15285549848
44214835018,AZA: PsA vs. controls - synovial fluid & tissue,AZA,NO NUMBER,,,,no MT number in the deal name,,,,,,,https://app.hubspot.com/contacts/7423331/record/0-3/44214835018
48358944138,AZA: Psoriatic arthritis - blood,AZA,NO NUMBER,,,,no MT number in the deal name,,,,,,,https://app.hubspot.com/contacts/7423331/record/0-3/48358944138
18225663346,AZA: Recent Klebsiella pneumoniae infection - serum,AZA,NO NUMBER,,,,no MT number in the deal name,,,,,,,https://app.hubspot.com/contacts/7423331/record/0-3/18225663346
22369870477,AZA: Relapse NSCLC going onto IO - frozen tissue,AZA,NO NUMBER,,,,no MT number in the deal name,,,,,,,https://app.hubspot.com/contacts/7423331/record/0-3/22369870477
51515194632,AZA: SLE - serum,AZA,NO NUMBER,,,,no MT number in the deal name,,,,,,,https://app.hubspot.com/contacts/7423331/record/0-3/51515194632
21806418513,AZA: Staph - serum,AZA,NO NUMBER,,,,no MT number in the deal name,,,,,,,https://app.hubspot.com/contacts/7423331/record/0-3/21806418513
60177471841,AZA: Ulcerative colitis & normal - fresh biopsies,AZA,NO NUMBER,,,,no MT number in the deal name,,,,,,,https://app.hubspot.com/contacts/7423331/record/0-3/60177471841
10162786201,"AZT: CRC, NSCLC, BrCa - FFPE, plasma, serum",AZT,NO NUMBER,,,,no MT number in the deal name,,,,,,,https://app.hubspot.com/contacts/7423331/record/0-3/10162786201
10006268937,AZT: Solid tumor - blood,AZT,NO NUMBER,,,,no MT number in the deal name,,,,,,,https://app.hubspot.com/contacts/7423331/record/0-3/10006268937
38695610275,B21: Healthy - plasma & buffy,B21,NO NUMBER,,,,no MT number in the deal name,,,,,,,https://app.hubspot.com/contacts/7423331/record/0-3/38695610275
32783537320,B55: Various autoimmune - whole blood,B55,NO NUMBER,,,,no MT number in the deal name,,,,,,,https://app.hubspot.com/contacts/7423331/record/0-3/32783537320
53886930301,BCY: Breast cancer  - FFPE,BCY,NO NUMBER,,,,no MT number in the deal name,,,,,,,https://app.hubspot.com/contacts/7423331/record/0-3/53886930301
44462255750,"BCY: H&N, Pancreatic, Urothelial - FFPE (Slides)",BCY,NO NUMBER,,,,no MT number in the deal name,,,,,,,https://app.hubspot.com/contacts/7423331/record/0-3/44462255750
38394688608,BCY: NSCLC - FFPE,BCY,NO NUMBER,,,,no MT number in the deal name,,,,,,,https://app.hubspot.com/contacts/7423331/record/0-3/38394688608
44207031322,BCY: Paired Pre- and Post-Therapy Breast + NSCLC - FFPE,BCY,NO NUMBER,,,,no MT number in the deal name,,,,,,,https://app.hubspot.com/contacts/7423331/record/0-3/44207031322
12561326385,BDN: Banked stage I-II PDAC - plasma,BDN,NO NUMBER,,,,no MT number in the deal name,,,,,,,https://app.hubspot.com/contacts/7423331/record/0-3/12561326385
16276938039,BDN: Healthy - plasma (streck),BDN,NO NUMBER,,,,no MT number in the deal name,,,,,,,https://app.hubspot.com/contacts/7423331/record/0-3/16276938039
16910891150,"BDN: Multiple Cancers, IPMN, and Healthy- Plasma Streck",BDN,NO NUMBER,,,,no MT number in the deal name,,,,,,,https://app.hubspot.com/contacts/7423331/record/0-3/16910891150
13063410821,BDN: PDAC tube & processing window - blood and plasma,BDN,NO NUMBER,,,,no MT number in the deal name,,,,,,,https://app.hubspot.com/contacts/7423331/record/0-3/13063410821
16062685190,"BDN: Stage I & II PDAC, Lung, Ovarian - plasma (streck)",BDN,NO NUMBER,,,,no MT number in the deal name,,,,,,,https://app.hubspot.com/contacts/7423331/record/0-3/16062685190
1938789500,BDS - COVID 1,BDS,NO NUMBER,,,,no MT number in the deal name,,,,,,,https://app.hubspot.com/contacts/7423331/record/0-3/1938789500
6275104917,BEI: Anti-coagulant subjects - same day blood,BEI,NO NUMBER,,,,no MT number in the deal name,,,,,,,https://app.hubspot.com/contacts/7423331/record/0-3/6275104917
11995107246,BFD: Acute Myeloid Leukemia - blood,BFD,NO NUMBER,,,,no MT number in the deal name,,,,,,,https://app.hubspot.com/contacts/7423331/record/0-3/11995107246
11934834578,"BFD: Breast, lung, prostate - blood",BFD,NO NUMBER,,,,no MT number in the deal name,,,,,,,https://app.hubspot.com/contacts/7423331/record/0-3/11934834578
11994970014,"BFD: Breast, Prostate, Lung Cancer - frozen plasma/serum",BFD,NO NUMBER,,,,no MT number in the deal name,,,,,,,https://app.hubspot.com/contacts/7423331/record/0-3/11994970014
13836753490,BFD: Pregnant - blood,BFD,NO NUMBER,,,,no MT number in the deal name,,,,,,,https://app.hubspot.com/contacts/7423331/record/0-3/13836753490
18900405635,BFY: Characterized NSCLC - FFPE,BFY,NO NUMBER,,,,no MT number in the deal name,,,,,,,https://app.hubspot.com/contacts/7423331/record/0-3/18900405635
58630796709,BGN: IgA nephropathy and PM nephropathy - blood or PBMCs,BGN,NO NUMBER,,,,no MT number in the deal name,,,,,,,https://app.hubspot.com/contacts/7423331/record/0-3/58630796709
10163364165,BHI: Merkel cell carcinoma - FFPE,BHI,NO NUMBER,,,,no MT number in the deal name,,,,,,,https://app.hubspot.com/contacts/7423331/record/0-3/10163364165
36374593376,BIH: Atopic dermatitis - fresh tissue biopsies,BIH,NO NUMBER,,,,no MT number in the deal name,,,,,,,https://app.hubspot.com/contacts/7423331/record/0-3/36374593376
36382032129,BIH: Chronic spontaneous urticaria - fresh tissue biopsies,BIH,NO NUMBER,,,,no MT number in the deal name,,,,,,,https://app.hubspot.com/contacts/7423331/record/0-3/36382032129
17245893480,BIH: Crohn's - whole blood,BIH,NO NUMBER,,,,no MT number in the deal name,,,,,,,https://app.hubspot.com/contacts/7423331/record/0-3/17245893480
12480224430,BIH: Crohn's disease - FFPE,BIH,NO NUMBER,,,,no MT number in the deal name,,,,,,,https://app.hubspot.com/contacts/7423331/record/0-3/12480224430
36374593336,BIH: Cutaneous lupus - fresh tissue biopsies,BIH,NO NUMBER,,,,no MT number in the deal name,,,,,,,https://app.hubspot.com/contacts/7423331/record/0-3/36374593336
36382032154,BIH: Dermatomyositis - fresh tissue biopsies,BIH,NO NUMBER,,,,no MT number in the deal name,,,,,,,https://app.hubspot.com/contacts/7423331/record/0-3/36382032154
33182902043,"BIH: H&N, NSCLC - blood",BIH,NO NUMBER,,,,no MT number in the deal name,,,,,,,https://app.hubspot.com/contacts/7423331/record/0-3/33182902043
29001304656,BIH: Healthy (breast reduction & tummy tuck) - tissue,BIH,NO NUMBER,,,,no MT number in the deal name,,,,,,,https://app.hubspot.com/contacts/7423331/record/0-3/29001304656
29642839306,BIH: Healthy - nasal swabs,BIH,NO NUMBER,,,,no MT number in the deal name,,,,,,,https://app.hubspot.com/contacts/7423331/record/0-3/29642839306
33297064342,BIH: High Cytokine - plasma,BIH,NO NUMBER,,,,no MT number in the deal name,,,,,,,https://app.hubspot.com/contacts/7423331/record/0-3/33297064342
35658969434,BIH: IPF - blood,BIH,NO NUMBER,,,,no MT number in the deal name,,,,,,,https://app.hubspot.com/contacts/7423331/record/0-3/35658969434
18178941227,BIH: IPF - whole blood,BIH,NO NUMBER,,,,no MT number in the deal name,,,,,,,https://app.hubspot.com/contacts/7423331/record/0-3/18178941227
33293617081,BIH: Longitudinal targeted therapy cancer - plasma,BIH,NO NUMBER,,,,no MT number in the deal name,,,,,,,https://app.hubspot.com/contacts/7423331/record/0-3/33293617081
36382032170,BIH: Pemphigus vulgaris - fresh tissue biopsies,BIH,NO NUMBER,,,,no MT number in the deal name,,,,,,,https://app.hubspot.com/contacts/7423331/record/0-3/36382032170
36374593357,BIH: Prurigo nodularis - fresh tissue biopsies,BIH,NO NUMBER,,,,no MT number in the deal name,,,,,,,https://app.hubspot.com/contacts/7423331/record/0-3/36374593357
11269267336,"BIH: SCLC, LCNEC, extra pulmonary neuro-endocrine - FFPE",BIH,NO NUMBER,,,,no MT number in the deal name,,,,,,,https://app.hubspot.com/contacts/7423331/record/0-3/11269267336
36374593366,BIH: Scleroderma - fresh tissue biopsies,BIH,NO NUMBER,,,,no MT number in the deal name,,,,,,,https://app.hubspot.com/contacts/7423331/record/0-3/36374593366
12479688250,BIH: Systemic Sclerosis - FFPE,BIH,NO NUMBER,,,,no MT number in the deal name,,,,,,,https://app.hubspot.com/contacts/7423331/record/0-3/12479688250
36382032199,BIH: Vitiligo - fresh tissue biopsies,BIH,NO NUMBER,,,,no MT number in the deal name,,,,,,,https://app.hubspot.com/contacts/7423331/record/0-3/36382032199
8024200057,BIS: Cancer - urine,BIS,NO NUMBER,,,,no MT number in the deal name,,,,,,,https://app.hubspot.com/contacts/7423331/record/0-3/8024200057
22254247986,BKM: Alzheimer's - plasma,BKM,NO NUMBER,,,,no MT number in the deal name,,,,,,,https://app.hubspot.com/contacts/7423331/record/0-3/22254247986
22254236973,BKM: ICU - plasma,BKM,NO NUMBER,,,,no MT number in the deal name,,,,,,,https://app.hubspot.com/contacts/7423331/record/0-3/22254236973
22254065442,"BKM: Multiple sclerosis - plasma, serum",BKM,NO NUMBER,,,,no MT number in the deal name,,,,,,,https://app.hubspot.com/contacts/7423331/record/0-3/22254065442
63223024652,BLM: Atopic Derm Dupi Non-responders - Blood,BLM,NO NUMBER,,,,no MT number in the deal name,,,,,,,https://app.hubspot.com/contacts/7423331/record/0-3/63223024652
64285507493,BLM: Normal - Blood,BLM,NO NUMBER,,,,no MT number in the deal name,,,,,,,https://app.hubspot.com/contacts/7423331/record/0-3/64285507493
63290811018,BLM: Systemic Sclerosis - Blood,BLM,NO NUMBER,,,,no MT number in the deal name,,,,,,,https://app.hubspot.com/contacts/7423331/record/0-3/63290811018
10784196901,BMR: Any solid tumor - various tissue preps,BMR,NO NUMBER,,,,no MT number in the deal name,,,,,,,https://app.hubspot.com/contacts/7423331/record/0-3/10784196901
13926987799,"BMR: Arrhythmogenic cardiomyopathy - serum,  plasma, buffy coat",BMR,NO NUMBER,,,,no MT number in the deal name,,,,,,,https://app.hubspot.com/contacts/7423331/record/0-3/13926987799
14640257294,BMR: Hereditary Angioedema - PBMCs,BMR,NO NUMBER,,,,no MT number in the deal name,,,,,,,https://app.hubspot.com/contacts/7423331/record/0-3/14640257294
14310812546,BMR: Hypertrophic cardiomyopathy - serum & plasma,BMR,NO NUMBER,,,,no MT number in the deal name,,,,,,,https://app.hubspot.com/contacts/7423331/record/0-3/14310812546
12672753542,BMR: Hypertrophic cardiomyopathy 100 patient - serum & plasma,BMR,NO NUMBER,,,,no MT number in the deal name,,,,,,,https://app.hubspot.com/contacts/7423331/record/0-3/12672753542
1853110494,BMS - COVID 2,BMS,NO NUMBER,,,,no MT number in the deal name,,,,,,,https://app.hubspot.com/contacts/7423331/record/0-3/1853110494
7204281683,BMS: 5 healthies - serum & plasma,BMS,NO NUMBER,,,,no MT number in the deal name,,,,,,,https://app.hubspot.com/contacts/7423331/record/0-3/7204281683
56896770418,BMS: AAV - Whole Blood,BMS,NO NUMBER,,,,no MT number in the deal name,,,,,,,https://app.hubspot.com/contacts/7423331/record/0-3/56896770418
13371838589,BMS: Alzheimer - plasma,BMS,NO NUMBER,,,,no MT number in the deal name,,,,,,,https://app.hubspot.com/contacts/7423331/record/0-3/13371838589
13461434906,BMS: AML - bone marrow & PBMCs,BMS,NO NUMBER,,,,no MT number in the deal name,,,,,,,https://app.hubspot.com/contacts/7423331/record/0-3/13461434906
20485751684,BMS: Anaplastic large cell lymphoma - FFPE,BMS,NO NUMBER,,,,no MT number in the deal name,,,,,,,https://app.hubspot.com/contacts/7423331/record/0-3/20485751684
42089831763,BMS: ANCA-associated vasculitis - spun blood,BMS,NO NUMBER,,,,no MT number in the deal name,,,,,,,https://app.hubspot.com/contacts/7423331/record/0-3/42089831763
6330768662,BMS: Anne blocks - FFPE,BMS,NO NUMBER,,,,no MT number in the deal name,,,,,,,https://app.hubspot.com/contacts/7423331/record/0-3/6330768662
7775197078,BMS: atopic derm - FFPE,BMS,NO NUMBER,,,,no MT number in the deal name,,,,,,,https://app.hubspot.com/contacts/7423331/record/0-3/7775197078
32917423468,BMS: Atopic derm with CBC + differential - blood,BMS,NO NUMBER,,,,no MT number in the deal name,,,,,,,https://app.hubspot.com/contacts/7423331/record/0-3/32917423468
2236762790,BMS: Atopic dermatitis - blood & skin,BMS,NO NUMBER,,,,no MT number in the deal name,,,,,,,https://app.hubspot.com/contacts/7423331/record/0-3/2236762790
5286432629,BMS: Bladder & esophageal - blood and tissue,BMS,NO NUMBER,,,,no MT number in the deal name,,,,,,,https://app.hubspot.com/contacts/7423331/record/0-3/5286432629
7822457131,"BMS: Bladder, esophageal SCC, panc - tissue & blood",BMS,NO NUMBER,,,,no MT number in the deal name,,,,,,,https://app.hubspot.com/contacts/7423331/record/0-3/7822457131
3092440271,BMS: Breast - FFPE,BMS,NO NUMBER,,,,no MT number in the deal name,,,,,,,https://app.hubspot.com/contacts/7423331/record/0-3/3092440271
59171624832,BMS: Breast Cancer + Healthy Control - PBMCs,BMS,NO NUMBER,,,,no MT number in the deal name,,,,,,,https://app.hubspot.com/contacts/7423331/record/0-3/59171624832
7811489092,BMS: Breast cancer mets and NSCLC mets - FFPE,BMS,NO NUMBER,,,,no MT number in the deal name,,,,,,,https://app.hubspot.com/contacts/7423331/record/0-3/7811489092
1985241960,BMS: Brst / prost / panc / CRC / NSCLC / blad - fresh tumor,BMS,NO NUMBER,,,,no MT number in the deal name,,,,,,,https://app.hubspot.com/contacts/7423331/record/0-3/1985241960
4878841381,BMS: Cancer & healthy - same day blood,BMS,NO NUMBER,,,,no MT number in the deal name,,,,,,,https://app.hubspot.com/contacts/7423331/record/0-3/4878841381
5908163755,BMS: Cancer - blood or plasma/serum,BMS,NO NUMBER,,,,no MT number in the deal name,,,,,,,https://app.hubspot.com/contacts/7423331/record/0-3/5908163755
5514465606,BMS: Cancer - plasma + FFPE,BMS,NO NUMBER,,,,no MT number in the deal name,,,,,,,https://app.hubspot.com/contacts/7423331/record/0-3/5514465606
4636197996,BMS: CD & UC - PBMC,BMS,NO NUMBER,,,,no MT number in the deal name,,,,,,,https://app.hubspot.com/contacts/7423331/record/0-3/4636197996
16822195018,BMS: CD and healthy - blood,BMS,NO NUMBER,,,,no MT number in the deal name,,,,,,,https://app.hubspot.com/contacts/7423331/record/0-3/16822195018
4164413810,"BMS: CD, UC, and healthy - FFPE",BMS,NO NUMBER,,,,no MT number in the deal name,,,,,,,https://app.hubspot.com/contacts/7423331/record/0-3/4164413810
2005080557,BMS: Celiac - PBMC,BMS,NO NUMBER,,,,no MT number in the deal name,,,,,,,https://app.hubspot.com/contacts/7423331/record/0-3/2005080557
14253327730,BMS: Cholangiocarcinoma - FFPE and plasma,BMS,NO NUMBER,,,,no MT number in the deal name,,,,,,,https://app.hubspot.com/contacts/7423331/record/0-3/14253327730
12532814491,BMS: CLE - tissue and blood,BMS,NO NUMBER,,,,no MT number in the deal name,,,,,,,https://app.hubspot.com/contacts/7423331/record/0-3/12532814491
12342247691,BMS: CLE/SLE - skin punch biopsy,BMS,NO NUMBER,,,,no MT number in the deal name,,,,,,,https://app.hubspot.com/contacts/7423331/record/0-3/12342247691
16290461701,BMS: Clear cell ovarian cancer and RCC - FFPE,BMS,NO NUMBER,,,,no MT number in the deal name,,,,,,,https://app.hubspot.com/contacts/7423331/record/0-3/16290461701
28426144382,BMS: COPD & healthy - blood,BMS,NO NUMBER,,,,no MT number in the deal name,,,,,,,https://app.hubspot.com/contacts/7423331/record/0-3/28426144382
31358125825,BMS: COPD - FFPE,BMS,NO NUMBER,,,,no MT number in the deal name,,,,,,,https://app.hubspot.com/contacts/7423331/record/0-3/31358125825
21905458449,"BMS: COPD - plasma, serum",BMS,NO NUMBER,,,,no MT number in the deal name,,,,,,,https://app.hubspot.com/contacts/7423331/record/0-3/21905458449
60981838881,"BMS: COPD - Serum, Plasma, RNA PAXgene",BMS,NO NUMBER,,,,no MT number in the deal name,,,,,,,https://app.hubspot.com/contacts/7423331/record/0-3/60981838881
2406962096,BMS: COVID - serum & plasma,BMS,NO NUMBER,,,,no MT number in the deal name,,,,,,,https://app.hubspot.com/contacts/7423331/record/0-3/2406962096
12481709170,BMS: CRC - tumor & NAT,BMS,NO NUMBER,,,,no MT number in the deal name,,,,,,,https://app.hubspot.com/contacts/7423331/record/0-3/12481709170
3132826234,BMS: CRC - Various,BMS,NO NUMBER,,,,no MT number in the deal name,,,,,,,https://app.hubspot.com/contacts/7423331/record/0-3/3132826234
10997175812,BMS: CRC fresh tumor & NAT - frozen tissue,BMS,NO NUMBER,,,,no MT number in the deal name,,,,,,,https://app.hubspot.com/contacts/7423331/record/0-3/10997175812
41189108540,BMS: CRC MSI-H - FFPE,BMS,NO NUMBER,,,,no MT number in the deal name,,,,,,,https://app.hubspot.com/contacts/7423331/record/0-3/41189108540
5257252454,BMS: CTCL & PTCL - blood,BMS,NO NUMBER,,,,no MT number in the deal name,,,,,,,https://app.hubspot.com/contacts/7423331/record/0-3/5257252454
14372081300,BMS: Cutaneous squamous cell carcinoma - FFPE,BMS,NO NUMBER,,,,no MT number in the deal name,,,,,,,https://app.hubspot.com/contacts/7423331/record/0-3/14372081300
7888246386,BMS: Cytomegalovirus - Blood or PBMCs,BMS,NO NUMBER,,,,no MT number in the deal name,,,,,,,https://app.hubspot.com/contacts/7423331/record/0-3/7888246386
13280206946,BMS: EBV+ gastric cancer - FFPE,BMS,NO NUMBER,,,,no MT number in the deal name,,,,,,,https://app.hubspot.com/contacts/7423331/record/0-3/13280206946
5842269234,"BMS: Esophageal, PDAC, Bladder -  FFPE + Matched FFPE & Plasma",BMS,NO NUMBER,,,,no MT number in the deal name,,,,,,,https://app.hubspot.com/contacts/7423331/record/0-3/5842269234
12325793308,BMS: Fresh tonsil - tissue,BMS,NO NUMBER,,,,no MT number in the deal name,,,,,,,https://app.hubspot.com/contacts/7423331/record/0-3/12325793308
2310411973,BMS: Gastric cancer - FFPE,BMS,NO NUMBER,,,,no MT number in the deal name,,,,,,,https://app.hubspot.com/contacts/7423331/record/0-3/2310411973
14253327977,"BMS: Gastric, Head & Neck, NSCLC - FFPE",BMS,NO NUMBER,,,,no MT number in the deal name,,,,,,,https://app.hubspot.com/contacts/7423331/record/0-3/14253327977
14256290742,"BMS: Gastric, Head & Neck, NSCLC - FFPE and serum",BMS,NO NUMBER,,,,no MT number in the deal name,,,,,,,https://app.hubspot.com/contacts/7423331/record/0-3/14256290742
57200951654,BMS: GBM - FFPE,BMS,NO NUMBER,,,,no MT number in the deal name,,,,,,,https://app.hubspot.com/contacts/7423331/record/0-3/57200951654
20802208937,BMS: Genetic cardiomyopathies - tissue & blood,BMS,NO NUMBER,,,,no MT number in the deal name,,,,,,,https://app.hubspot.com/contacts/7423331/record/0-3/20802208937
14256290925,"BMS: Head & neck, HCC, RCC - serum",BMS,NO NUMBER,,,,no MT number in the deal name,,,,,,,https://app.hubspot.com/contacts/7423331/record/0-3/14256290925
16064286218,BMS: Healthy - plasma,BMS,NO NUMBER,,,,no MT number in the deal name,,,,,,,https://app.hubspot.com/contacts/7423331/record/0-3/16064286218
8027173278,BMS: Healthy - serum,BMS,NO NUMBER,,,,no MT number in the deal name,,,,,,,https://app.hubspot.com/contacts/7423331/record/0-3/8027173278
60714048388,BMS: Healthy - Serum + Plasma,BMS,NO NUMBER,,,,no MT number in the deal name,,,,,,,https://app.hubspot.com/contacts/7423331/record/0-3/60714048388
4678432843,"BMS: Healthy - serum, plasma, PaxGene",BMS,NO NUMBER,,,,no MT number in the deal name,,,,,,,https://app.hubspot.com/contacts/7423331/record/0-3/4678432843
13136075278,"BMS: Healthy, melanoma, NSCLC - blood",BMS,NO NUMBER,,,,no MT number in the deal name,,,,,,,https://app.hubspot.com/contacts/7423331/record/0-3/13136075278
10289639077,"BMS: Healthy, RA, atopic dermatitis - blood, biopsy, tape strip",BMS,NO NUMBER,,,,no MT number in the deal name,,,,,,,https://app.hubspot.com/contacts/7423331/record/0-3/10289639077
6954361615,BMS: HER2+ breast cancer post ADC treatment - FFPE,BMS,NO NUMBER,,,,no MT number in the deal name,,,,,,,https://app.hubspot.com/contacts/7423331/record/0-3/6954361615
13149567856,BMS: Hidradenitis suppurativa - FFPE,BMS,NO NUMBER,,,,no MT number in the deal name,,,,,,,https://app.hubspot.com/contacts/7423331/record/0-3/13149567856
10346556272,BMS: HLA A2 positive prostate - tissue,BMS,NO NUMBER,,,,no MT number in the deal name,,,,,,,https://app.hubspot.com/contacts/7423331/record/0-3/10346556272
54394505516,BMS: HNSCC Post-radiation & TNBC Post-chemo - FFPE,BMS,NO NUMBER,,,,no MT number in the deal name,,,,,,,https://app.hubspot.com/contacts/7423331/record/0-3/54394505516
15944339856,BMS: IBD & non-IBD - FFPE,BMS,NO NUMBER,,,,no MT number in the deal name,,,,,,,https://app.hubspot.com/contacts/7423331/record/0-3/15944339856
4698115454,BMS: IBD - same day blood,BMS,NO NUMBER,,,,no MT number in the deal name,,,,,,,https://app.hubspot.com/contacts/7423331/record/0-3/4698115454
17654673779,"BMS: IBD 3 subjects - tissue, plasma, PBMCs",BMS,NO NUMBER,,,,no MT number in the deal name,,,,,,,https://app.hubspot.com/contacts/7423331/record/0-3/17654673779
11819939746,BMS: IBD and healthy - urine,BMS,NO NUMBER,,,,no MT number in the deal name,,,,,,,https://app.hubspot.com/contacts/7423331/record/0-3/11819939746
13804860701,BMS: IBD resection (Laurence) - tissue,BMS,NO NUMBER,,,,no MT number in the deal name,,,,,,,https://app.hubspot.com/contacts/7423331/record/0-3/13804860701
13756500770,BMS: IBD resection (Qihong) - tissue,BMS,NO NUMBER,,,,no MT number in the deal name,,,,,,,https://app.hubspot.com/contacts/7423331/record/0-3/13756500770
9473528213,BMS: IO relapsed / refractory NSCLC - tissue & blood,BMS,NO NUMBER,,,,no MT number in the deal name,,,,,,,https://app.hubspot.com/contacts/7423331/record/0-3/9473528213
5170757232,BMS: IO relapsed NSCLC - FFPE,BMS,NO NUMBER,,,,no MT number in the deal name,,,,,,,https://app.hubspot.com/contacts/7423331/record/0-3/5170757232
15904547241,BMS: IPF - plasma,BMS,NO NUMBER,,,,no MT number in the deal name,,,,,,,https://app.hubspot.com/contacts/7423331/record/0-3/15904547241
51628036431,"BMS: IPF, PPF, Normal - whole blood",BMS,NO NUMBER,,,,no MT number in the deal name,,,,,,,https://app.hubspot.com/contacts/7423331/record/0-3/51628036431
6901630386,"BMS: Liver mets from CRC, Breast, and NSCLC -  Matched FFPE, Plasma, Serum",BMS,NO NUMBER,,,,no MT number in the deal name,,,,,,,https://app.hubspot.com/contacts/7423331/record/0-3/6901630386
4120275586,BMS: Longitudinal NASH - serum & plasma,BMS,NO NUMBER,,,,no MT number in the deal name,,,,,,,https://app.hubspot.com/contacts/7423331/record/0-3/4120275586
5567485280,"BMS: Lung, CRC, H&N programs - FFPE & plasma",BMS,NO NUMBER,,,,no MT number in the deal name,,,,,,,https://app.hubspot.com/contacts/7423331/record/0-3/5567485280
2981760571,"BMS: Lung, mela, gast, hep, panc, H&N - fresh tumor, FFPE, frozen plasma, serum, and Paxgene",BMS,NO NUMBER,,,,no MT number in the deal name,,,,,,,https://app.hubspot.com/contacts/7423331/record/0-3/2981760571
10987029335,"BMS: Matched H&N, NSCLC, TNBC primary & met - FFPE",BMS,NO NUMBER,,,,no MT number in the deal name,,,,,,,https://app.hubspot.com/contacts/7423331/record/0-3/10987029335
15478012024,BMS: Matched primary and mets RCC - FFPE,BMS,NO NUMBER,,,,no MT number in the deal name,,,,,,,https://app.hubspot.com/contacts/7423331/record/0-3/15478012024
5119659041,BMS: mCRC - FFPE,BMS,NO NUMBER,,,,no MT number in the deal name,,,,,,,https://app.hubspot.com/contacts/7423331/record/0-3/5119659041
2352380342,BMS: mCRC - FFPE,BMS,NO NUMBER,,,,no MT number in the deal name,,,,,,,https://app.hubspot.com/contacts/7423331/record/0-3/2352380342
22023541770,BMS: mCRPC - FFPE,BMS,NO NUMBER,,,,no MT number in the deal name,,,,,,,https://app.hubspot.com/contacts/7423331/record/0-3/22023541770
6709217901,BMS: MCRPC - FFPE,BMS,NO NUMBER,,,,no MT number in the deal name,,,,,,,https://app.hubspot.com/contacts/7423331/record/0-3/6709217901
2829893808,"BMS: mCRPC - FFPE, blood (preferred)",BMS,NO NUMBER,,,,no MT number in the deal name,,,,,,,https://app.hubspot.com/contacts/7423331/record/0-3/2829893808
4989936031,BMS: mCRPC met biopsies - FFPE,BMS,NO NUMBER,,,,no MT number in the deal name,,,,,,,https://app.hubspot.com/contacts/7423331/record/0-3/4989936031
8892082215,BMS: Melanoma mets extension - FFPE,BMS,NO NUMBER,,,,no MT number in the deal name,,,,yes,,,https://app.hubspot.com/contacts/7423331/record/0-3/8892082215
2947012868,BMS: Melanoma Non-Recurrence - FFPE,BMS,NO NUMBER,,,,no MT number in the deal name,,,,,,,https://app.hubspot.com/contacts/7423331/record/0-3/2947012868
13199120801,BMS: melanoma with immune infiltration result - FFPE,BMS,NO NUMBER,,,,no MT number in the deal name,,,,,,,https://app.hubspot.com/contacts/7423331/record/0-3/13199120801
12972963479,"BMS: melanoma, NSCLC, healthy - PBMCs",BMS,NO NUMBER,,,,no MT number in the deal name,,,,,,,https://app.hubspot.com/contacts/7423331/record/0-3/12972963479
8891976247,BMS: Mesothelioma - FFPE,BMS,NO NUMBER,,,,no MT number in the deal name,,,,,,,https://app.hubspot.com/contacts/7423331/record/0-3/8891976247
5918899580,BMS: Mesothelioma - FFPE & plasma,BMS,NO NUMBER,,,,no MT number in the deal name,,,,,,,https://app.hubspot.com/contacts/7423331/record/0-3/5918899580
3198099696,BMS: Met CRC - FFPE,BMS,NO NUMBER,,,,no MT number in the deal name,,,,,,,https://app.hubspot.com/contacts/7423331/record/0-3/3198099696
8007186813,BMS: Metastatic CRC - Fresh tissue,BMS,NO NUMBER,,,,no MT number in the deal name,,,,,,,https://app.hubspot.com/contacts/7423331/record/0-3/8007186813
4702741843,BMS: Mets - FFPE,BMS,NO NUMBER,,,,no MT number in the deal name,,,,,,,https://app.hubspot.com/contacts/7423331/record/0-3/4702741843
14372152131,BMS: MSS mCRC - FFPE,BMS,NO NUMBER,,,,no MT number in the deal name,,,,,,,https://app.hubspot.com/contacts/7423331/record/0-3/14372152131
5420020617,BMS: Multiple Myeloma bone marrow biopsy - FFPE,BMS,NO NUMBER,,,,no MT number in the deal name,,,,,,,https://app.hubspot.com/contacts/7423331/record/0-3/5420020617
22111667722,BMS: Multiple sclerosis - plasma,BMS,NO NUMBER,,,,no MT number in the deal name,,,,,,,https://app.hubspot.com/contacts/7423331/record/0-3/22111667722
4479630236,BMS: Myelofibrosis bone marrow - FFPE,BMS,NO NUMBER,,,,no MT number in the deal name,,,,,,,https://app.hubspot.com/contacts/7423331/record/0-3/4479630236
3435758958,BMS: NASH & cirrhosis - FFPE,BMS,NO NUMBER,,,,no MT number in the deal name,,,,,,,https://app.hubspot.com/contacts/7423331/record/0-3/3435758958
3020422827,BMS: NASH & normal - FFPE + serum,BMS,NO NUMBER,,,,no MT number in the deal name,,,,,,,https://app.hubspot.com/contacts/7423331/record/0-3/3020422827
6175278667,BMS: NASH - Matched FFPE & Plasma/Serum,BMS,NO NUMBER,,,,no MT number in the deal name,,,,,,,https://app.hubspot.com/contacts/7423331/record/0-3/6175278667
5000812119,BMS: NASH F3-F4 (slides first) - FFPE,BMS,NO NUMBER,,,,no MT number in the deal name,,,,,,,https://app.hubspot.com/contacts/7423331/record/0-3/5000812119
13304680060,BMS: normal - FFPE,BMS,NO NUMBER,,,,no MT number in the deal name,,,,,,,https://app.hubspot.com/contacts/7423331/record/0-3/13304680060
15559716881,BMS: Normal - fixed bone marrow CNB & clot,BMS,NO NUMBER,,,,no MT number in the deal name,,,,,,,https://app.hubspot.com/contacts/7423331/record/0-3/15559716881
6294715544,BMS: Normal - plasma & serum,BMS,NO NUMBER,,,,no MT number in the deal name,,,,,,,https://app.hubspot.com/contacts/7423331/record/0-3/6294715544
37489833632,BMS: Normal and NAT - FFPE,BMS,NO NUMBER,,,,no MT number in the deal name,,,,,,,https://app.hubspot.com/contacts/7423331/record/0-3/37489833632
8125714716,BMS: Normal and NSCLC - plasma (heparin/EDTA),BMS,NO NUMBER,,,,no MT number in the deal name,,,,,,,https://app.hubspot.com/contacts/7423331/record/0-3/8125714716
35392090950,BMS: Normal colon - tissue,BMS,NO NUMBER,,,,no MT number in the deal name,,,,,,,https://app.hubspot.com/contacts/7423331/record/0-3/35392090950
35596159798,"BMS: Normal colon, CRC NAT - tissue",BMS,NO NUMBER,,,,no MT number in the deal name,,,,,,,https://app.hubspot.com/contacts/7423331/record/0-3/35596159798
4968309420,BMS: Normal skeletal muscle - FFPE,BMS,NO NUMBER,,,,no MT number in the deal name,,,,,,,https://app.hubspot.com/contacts/7423331/record/0-3/4968309420
15476858198,BMS: NSCLC (EGFR mut)- FFPE,BMS,NO NUMBER,,,,no MT number in the deal name,,,,,,,https://app.hubspot.com/contacts/7423331/record/0-3/15476858198
2887037276,BMS: NSCLC - fresh tumor,BMS,NO NUMBER,,,,no MT number in the deal name,,,,,,,https://app.hubspot.com/contacts/7423331/record/0-3/2887037276
2741082179,"BMS: NSCLC - plasma, buffy coat",BMS,NO NUMBER,,,,no MT number in the deal name,,,,,,,https://app.hubspot.com/contacts/7423331/record/0-3/2741082179
35387582747,BMS: NSCLC - tissue,BMS,NO NUMBER,,,,no MT number in the deal name,,,,,,,https://app.hubspot.com/contacts/7423331/record/0-3/35387582747
7775502230,BMS: NSCLC and HCC post IO blocks,BMS,NO NUMBER,,,,no MT number in the deal name,,,,,,,https://app.hubspot.com/contacts/7423331/record/0-3/7775502230
2705716957,BMS: NSCLC Matched Pre/Post - FFPE,BMS,NO NUMBER,,,,no MT number in the deal name,,,,,,,https://app.hubspot.com/contacts/7423331/record/0-3/2705716957
2016953251,BMS: NSCLC post therapy - FFPE,BMS,NO NUMBER,,,,no MT number in the deal name,,,,,,,https://app.hubspot.com/contacts/7423331/record/0-3/2016953251
2705903309,BMS: NSCLC Responder-Non Resp - FFPE,BMS,NO NUMBER,,,,no MT number in the deal name,,,,,,,https://app.hubspot.com/contacts/7423331/record/0-3/2705903309
9124884242,"BMS: NSCLC, HNSCC, Bladder, CRC, HCC - FF",BMS,NO NUMBER,,,,no MT number in the deal name,,,,,,,https://app.hubspot.com/contacts/7423331/record/0-3/9124884242
5202880771,"BMS: NSCLC, HNSCC, RCC - FFPE & plasma",BMS,NO NUMBER,,,,no MT number in the deal name,,,,,,,https://app.hubspot.com/contacts/7423331/record/0-3/5202880771
14372081330,"BMS: NSCLC, melanoma - frozen tissue",BMS,NO NUMBER,,,,no MT number in the deal name,,,,,,,https://app.hubspot.com/contacts/7423331/record/0-3/14372081330
9008772643,"BMS: NSCLC, RCC, HNSCC, normal - FFPE",BMS,NO NUMBER,,,,no MT number in the deal name,,,,,,,https://app.hubspot.com/contacts/7423331/record/0-3/9008772643
12923317346,BMS: osteoarthritis and rheumatoid arthritis - tissue,BMS,NO NUMBER,,,,no MT number in the deal name,,,,,,,https://app.hubspot.com/contacts/7423331/record/0-3/12923317346
20634623135,BMS: Ovarian high grade serous carcinoma - ascites fluid or FFPE,BMS,NO NUMBER,,,,no MT number in the deal name,,,,,,,https://app.hubspot.com/contacts/7423331/record/0-3/20634623135
8253367814,"BMS: Ovarian, HNSCC, PDAC, Cervical, Melanoma, esophageal - TMA",BMS,NO NUMBER,,,,no MT number in the deal name,,,,,,,https://app.hubspot.com/contacts/7423331/record/0-3/8253367814
4813877847,BMS: Pancreatic cancer - DTC,BMS,NO NUMBER,,,,no MT number in the deal name,,,,,,,https://app.hubspot.com/contacts/7423331/record/0-3/4813877847
6540407649,BMS: PDAC - FFPE & plasma,BMS,NO NUMBER,,,,no MT number in the deal name,,,,,,,https://app.hubspot.com/contacts/7423331/record/0-3/6540407649
14253327885,BMS: PDAC - FFPE and serum,BMS,NO NUMBER,,,,no MT number in the deal name,,,,,,,https://app.hubspot.com/contacts/7423331/record/0-3/14253327885
9945719974,BMS: Pediatric solid tumors & matched normals - serum,BMS,NO NUMBER,,,,no MT number in the deal name,,,,,,,https://app.hubspot.com/contacts/7423331/record/0-3/9945719974
5425297215,BMS: Pediatric tumor FFPE,BMS,NO NUMBER,,,,no MT number in the deal name,,,,,,,https://app.hubspot.com/contacts/7423331/record/0-3/5425297215
6046365523,BMS: Pilot for control bank - tonsil tissue,BMS,NO NUMBER,,,,no MT number in the deal name,,,,,,,https://app.hubspot.com/contacts/7423331/record/0-3/6046365523
9625892473,BMS: Post 1L Atezo + Bev treated HCC - FFPE,BMS,NO NUMBER,,,,no MT number in the deal name,,,,,,,https://app.hubspot.com/contacts/7423331/record/0-3/9625892473
12481758466,BMS: post IO mCRC - FFPE,BMS,NO NUMBER,,,,no MT number in the deal name,,,,,,,https://app.hubspot.com/contacts/7423331/record/0-3/12481758466
11994506080,BMS: Post-IO - fresh tissue,BMS,NO NUMBER,,,,no MT number in the deal name,,,,,,,https://app.hubspot.com/contacts/7423331/record/0-3/11994506080
3198173841,BMS: Pre-Therapy CRC (resp/non resp) - FFPE,BMS,NO NUMBER,,,,no MT number in the deal name,,,,,,,https://app.hubspot.com/contacts/7423331/record/0-3/3198173841
5170493247,BMS: Prostate - FFPE,BMS,NO NUMBER,,,,no MT number in the deal name,,,,,,,https://app.hubspot.com/contacts/7423331/record/0-3/5170493247
5801424934,BMS: Prostate - paired tissue,BMS,NO NUMBER,,,,no MT number in the deal name,,,,,,,https://app.hubspot.com/contacts/7423331/record/0-3/5801424934
3020663053,BMS: Prostate - various,BMS,NO NUMBER,,,,no MT number in the deal name,,,,,,,https://app.hubspot.com/contacts/7423331/record/0-3/3020663053
10342637900,BMS: RA & normal - same day blood (Summit),BMS,NO NUMBER,,,,no MT number in the deal name,,,,,,,https://app.hubspot.com/contacts/7423331/record/0-3/10342637900
40664460111,BMS: RA - synovial fluid & blood,BMS,NO NUMBER,,,,no MT number in the deal name,,,,,,,https://app.hubspot.com/contacts/7423331/record/0-3/40664460111
60036755227,BMS: RA with ACPA Results - Blood,BMS,NO NUMBER,,,,no MT number in the deal name,,,,,,,https://app.hubspot.com/contacts/7423331/record/0-3/60036755227
39040280491,"BMS: RA, SLE, Sjogren's, systemic sclerosis - blood",BMS,NO NUMBER,,,,no MT number in the deal name,,,,,,,https://app.hubspot.com/contacts/7423331/record/0-3/39040280491
2947014906,"BMS: RCC, CRC, LUAD, PRAD, BRCA, OV - DTC",BMS,NO NUMBER,,,,no MT number in the deal name,,,,,,,https://app.hubspot.com/contacts/7423331/record/0-3/2947014906
28952935252,BMS: SCLC (CNB) - frozen tissue,BMS,NO NUMBER,,,,no MT number in the deal name,,,,,,,https://app.hubspot.com/contacts/7423331/record/0-3/28952935252
3435459644,BMS: SCLC - FFPE,BMS,NO NUMBER,,,,no MT number in the deal name,,,,,,,https://app.hubspot.com/contacts/7423331/record/0-3/3435459644
35607946816,BMS: Seropositive RA - synovial fluid,BMS,NO NUMBER,,,,no MT number in the deal name,,,,,,,https://app.hubspot.com/contacts/7423331/record/0-3/35607946816
5527699755,BMS: Skin (folliculitis/acne/acneiform) - FFPE,BMS,NO NUMBER,,,,no MT number in the deal name,,,,,,,https://app.hubspot.com/contacts/7423331/record/0-3/5527699755
7204534834,BMS: SLE & HV - whole blood,BMS,NO NUMBER,,,,no MT number in the deal name,,,,,,,https://app.hubspot.com/contacts/7423331/record/0-3/7204534834
4868935265,BMS: SLE - blood,BMS,NO NUMBER,,,,no MT number in the deal name,,,,,,,https://app.hubspot.com/contacts/7423331/record/0-3/4868935265
5463251534,BMS: SLE - paxgene,BMS,NO NUMBER,,,,no MT number in the deal name,,,,,,,https://app.hubspot.com/contacts/7423331/record/0-3/5463251534
33269731386,"BMS: SLE, RA, systemic sclerosis, Sjogren's disease - blood",BMS,NO NUMBER,,,,no MT number in the deal name,,,,,,,https://app.hubspot.com/contacts/7423331/record/0-3/33269731386
8560201991,"BMS: SLE, SS, and MS - blood",BMS,NO NUMBER,,,,no MT number in the deal name,,,,,,,https://app.hubspot.com/contacts/7423331/record/0-3/8560201991
35594879841,BMS: Solid tumor - tissue,BMS,NO NUMBER,,,,no MT number in the deal name,,,,,,,https://app.hubspot.com/contacts/7423331/record/0-3/35594879841
13911780750,BMS: Stage IV NSCLC - frozen tissue,BMS,NO NUMBER,,,,no MT number in the deal name,,,,,,,https://app.hubspot.com/contacts/7423331/record/0-3/13911780750
12449379229,BMS: Synovial sarcoma - FFPE,BMS,NO NUMBER,,,,no MT number in the deal name,,,,,,,https://app.hubspot.com/contacts/7423331/record/0-3/12449379229
4443326563,BMS: UC & CD - fresh or FFPE tissue,BMS,NO NUMBER,,,,no MT number in the deal name,,,,,,,https://app.hubspot.com/contacts/7423331/record/0-3/4443326563
4893752248,BMS: UC - whole blood,BMS,NO NUMBER,,,,no MT number in the deal name,,,,,,,https://app.hubspot.com/contacts/7423331/record/0-3/4893752248
2783542913,BMS: Urothelial carcinoma- FFPE,BMS,NO NUMBER,,,,no MT number in the deal name,,,,,,,https://app.hubspot.com/contacts/7423331/record/0-3/2783542913
10034589291,BMS: Various cancers  post IO - FFPE,BMS,NO NUMBER,,,,no MT number in the deal name,,,,,,,https://app.hubspot.com/contacts/7423331/record/0-3/10034589291
2871751994,"BMS: Various cancers - tissue, blood",BMS,NO NUMBER,,,,no MT number in the deal name,,,,,,,https://app.hubspot.com/contacts/7423331/record/0-3/2871751994
18001861027,BNT: Cancer and NAT - tissue,BNT,NO NUMBER,,,,no MT number in the deal name,,,,,,,https://app.hubspot.com/contacts/7423331/record/0-3/18001861027
33900539460,BNT: CRC ex-vivo biopsy - tissue,BNT,NO NUMBER,,,,no MT number in the deal name,,,,,,,https://app.hubspot.com/contacts/7423331/record/0-3/33900539460
63925490354,BOM: CSU + Normal - Skin Biopsies,BOM,NO NUMBER,,,,no MT number in the deal name,,,,,,,https://app.hubspot.com/contacts/7423331/record/0-3/63925490354
2237235182,BRD: COVID - longitudinal serum,BRD,NO NUMBER,,,,no MT number in the deal name,,,,,,,https://app.hubspot.com/contacts/7423331/record/0-3/2237235182
5810940566,BRD: Liver disease - Serum or Plasma,BRD,NO NUMBER,,,,no MT number in the deal name,,,,,,,https://app.hubspot.com/contacts/7423331/record/0-3/5810940566
1853704448,BSG: COVID - swab retains,BSG,NO NUMBER,,,,no MT number in the deal name,,,,,,,https://app.hubspot.com/contacts/7423331/record/0-3/1853704448
4962856807,BSG: Diabetes - Plasma,BSG,NO NUMBER,,,,no MT number in the deal name,,,,,,,https://app.hubspot.com/contacts/7423331/record/0-3/4962856807
8598850841,BSG: Longitudinal ovarian - blood,BSG,NO NUMBER,,,,no MT number in the deal name,,,,,,,https://app.hubspot.com/contacts/7423331/record/0-3/8598850841
9616642444,"BTG: Pre-treatment TNBC, mTNBC, NSCLC, mNSCLC, melanoma, bladder, RCC, gastric with outcome - FFPE",BTG,NO NUMBER,,,,no MT number in the deal name,,,,,,,https://app.hubspot.com/contacts/7423331/record/0-3/9616642444
18926557610,"BTN: Prostate cancer and healthy - tissue, plasma, urine",BTN,NO NUMBER,,,,no MT number in the deal name,,,,,,,https://app.hubspot.com/contacts/7423331/record/0-3/18926557610
13448703117,BTX: 3 healthies - blood,BTX,NO NUMBER,,,,no MT number in the deal name,,,,,,,https://app.hubspot.com/contacts/7423331/record/0-3/13448703117
13512758904,BTX: ASCVD & healthy - blood,BTX,NO NUMBER,,,,no MT number in the deal name,,,,,,,https://app.hubspot.com/contacts/7423331/record/0-3/13512758904
14920847723,"BTX: Focal segmental glomerular sclerosis (FSGS) & healthy - urine, plasma, serum",BTX,NO NUMBER,,,,no MT number in the deal name,,,,,,,https://app.hubspot.com/contacts/7423331/record/0-3/14920847723
13809028362,BTX: Hyperbilirubinemia - blood,BTX,NO NUMBER,,,,no MT number in the deal name,,,,,,,https://app.hubspot.com/contacts/7423331/record/0-3/13809028362
12706264082,BTX: Post-MI and controls - blood,BTX,NO NUMBER,,,,no MT number in the deal name,,,,,,,https://app.hubspot.com/contacts/7423331/record/0-3/12706264082
13512740998,BTX: Standing healthy order - blood,BTX,NO NUMBER,,,,no MT number in the deal name,,,,,,,https://app.hubspot.com/contacts/7423331/record/0-3/13512740998
9545576830,BYR: MCL or leukemia patients - FFPE or FF,BYR,NO NUMBER,,,,no MT number in the deal name,,,,,,,https://app.hubspot.com/contacts/7423331/record/0-3/9545576830
13448701442,CAF: Cancers & controls - urine,CAF,NO NUMBER,,,,no MT number in the deal name,,,,,,,https://app.hubspot.com/contacts/7423331/record/0-3/13448701442
15071544916,CAF: Healthy - urine,CAF,NO NUMBER,,,,no MT number in the deal name,,,,,,,https://app.hubspot.com/contacts/7423331/record/0-3/15071544916
17583012617,"CBS: Atopic dermatitis, psoriasis skin scraping - tissue",CBS,NO NUMBER,,,,no MT number in the deal name,,,,,,,https://app.hubspot.com/contacts/7423331/record/0-3/17583012617
18559592779,CBS: Barrett's esophagus - FFPE or test & plasma & brush,CBS,NO NUMBER,,,,no MT number in the deal name,,,,,,,https://app.hubspot.com/contacts/7423331/record/0-3/18559592779
60866092216,"CBS: CRC, Pancreatic, Breast, Melanoma - Matched Frozen Tissue + PBMCs",CBS,NO NUMBER,,,,no MT number in the deal name,,,,,,,https://app.hubspot.com/contacts/7423331/record/0-3/60866092216
18559592532,CBS: Cutaneous melanoma - FFPE or test & plasma,CBS,NO NUMBER,,,,no MT number in the deal name,,,,,,,https://app.hubspot.com/contacts/7423331/record/0-3/18559592532
17583013044,CBS: Longitudinal IO melanoma - plasma,CBS,NO NUMBER,,,,no MT number in the deal name,,,,,,,https://app.hubspot.com/contacts/7423331/record/0-3/17583013044
6048412726,CBS: Melanoma - FFPE & serum,CBS,NO NUMBER,,,,no MT number in the deal name,,,,,,,https://app.hubspot.com/contacts/7423331/record/0-3/6048412726
18559368964,CBS: Uveal melanoma - buccal swab & aqueous humor,CBS,NO NUMBER,,,,no MT number in the deal name,,,,,,,https://app.hubspot.com/contacts/7423331/record/0-3/18559368964
59963223683,"CCD: Breast, colon, ovarian, prostate - blood",CCD,NO NUMBER,,,,no MT number in the deal name,,,,,,,https://app.hubspot.com/contacts/7423331/record/0-3/59963223683
13820454719,CDG: Convalescent RSV & COVID + controls - swabs,CDG,NO NUMBER,,,,no MT number in the deal name,,,,,,,https://app.hubspot.com/contacts/7423331/record/0-3/13820454719
17434758002,"CEN: Breast, gastric, H&N, NSCLC, ovarian - tissue",CEN,NO NUMBER,,,,no MT number in the deal name,,,,,,,https://app.hubspot.com/contacts/7423331/record/0-3/17434758002
9819949570,"CGA: Anti-phospholipid syndrome, lupus nephritis, asthma, healthy - serum, plasma, tissue",CGA,NO NUMBER,,,,no MT number in the deal name,,,,,,,https://app.hubspot.com/contacts/7423331/record/0-3/9819949570
16872284272,CGT: HER2+ brain mets - tissue,CGT,NO NUMBER,,,,no MT number in the deal name,,,,,,,https://app.hubspot.com/contacts/7423331/record/0-3/16872284272
13208972805,CGX: 2 timepoint stage IV lung cancer with scan - blood,CGX,NO NUMBER,,,,no MT number in the deal name,,,,,,,https://app.hubspot.com/contacts/7423331/record/0-3/13208972805
4137306190,"CHP:  Breast, Lung, Ovarian, Pancreatic, Gastric - tumor",CHP,NO NUMBER,,,,no MT number in the deal name,,,,,,,https://app.hubspot.com/contacts/7423331/record/0-3/4137306190
4610276158,CHP: AML - PBMCs,CHP,NO NUMBER,,,,no MT number in the deal name,,,,,,,https://app.hubspot.com/contacts/7423331/record/0-3/4610276158
4610037373,"CHP: Melanoma, CRC, bladder, H&N - tumor",CHP,NO NUMBER,,,,no MT number in the deal name,,,,,,,https://app.hubspot.com/contacts/7423331/record/0-3/4610037373
2401442016,CHP: MM - bone marrow aspirate,CHP,NO NUMBER,,,,no MT number in the deal name,,,,,,,https://app.hubspot.com/contacts/7423331/record/0-3/2401442016
4610162443,"CHP: NSCLC, HCC, HNSCC, RCC, CRC, melanoma, TNBC - PBMC",CHP,NO NUMBER,,,,no MT number in the deal name,,,,,,,https://app.hubspot.com/contacts/7423331/record/0-3/4610162443
6983679264,CHS: CRC & NSCLC - fresh tissue,CHS,NO NUMBER,,,,no MT number in the deal name,,,,,,,https://app.hubspot.com/contacts/7423331/record/0-3/6983679264
18765426591,CLB: Various cancer - whole blood,CLB,NO NUMBER,,,,no MT number in the deal name,,,,,,,https://app.hubspot.com/contacts/7423331/record/0-3/18765426591
18765656325,CLB: Various cancers - Tumor Tissue + whole blood,CLB,NO NUMBER,,,,no MT number in the deal name,,,,,,,https://app.hubspot.com/contacts/7423331/record/0-3/18765656325
35852696332,CLC: Osteoarthritis - synovial fluid & tissue,CLC,NO NUMBER,,,,no MT number in the deal name,,,,,,,https://app.hubspot.com/contacts/7423331/record/0-3/35852696332
60052125871,CLD: FNA Biopsy of Thyroid - Serum,CLD,NO NUMBER,,,,no MT number in the deal name,,,,,,,https://app.hubspot.com/contacts/7423331/record/0-3/60052125871
30658794890,CLD: Thyroid cancer - serum,CLD,NO NUMBER,,,,no MT number in the deal name,,,,,,,https://app.hubspot.com/contacts/7423331/record/0-3/30658794890
64288755497,CLS: Pan cancer MCED & high risk breast - blood,CLS,NO NUMBER,,,,no MT number in the deal name,,,,,,,https://app.hubspot.com/contacts/7423331/record/0-3/64288755497
56279980823,CML: CRC - whole blood,CML,NO NUMBER,,,,no MT number in the deal name,,,,,,,https://app.hubspot.com/contacts/7423331/record/0-3/56279980823
13512957462,CNH: Longitudinal IO NSCLC - plasma,CNH,NO NUMBER,,,,no MT number in the deal name,,,,,,,https://app.hubspot.com/contacts/7423331/record/0-3/13512957462
59419404941,CNH: Pancreatic cysts - blood,CNH,NO NUMBER,,,,no MT number in the deal name,,,,,,,https://app.hubspot.com/contacts/7423331/record/0-3/59419404941
35074521724,CNH: Prostate cancer with psma pet scan - blood,CNH,NO NUMBER,,,,no MT number in the deal name,,,,,,,https://app.hubspot.com/contacts/7423331/record/0-3/35074521724
5902659354,COH: Normal - plasma & serum,COH,NO NUMBER,,,,no MT number in the deal name,,,,,,,https://app.hubspot.com/contacts/7423331/record/0-3/5902659354
6180885382,CPD: AML w/ NPM1 mutation - blood,CPD,NO NUMBER,,,,no MT number in the deal name,,,,,,,https://app.hubspot.com/contacts/7423331/record/0-3/6180885382
6013180253,CPD: Breast cancer (HR+/Her2) - FFPE,CPD,NO NUMBER,,,,no MT number in the deal name,,,,,,,https://app.hubspot.com/contacts/7423331/record/0-3/6013180253
6133742131,CPD: Fever & healthy - blood,CPD,NO NUMBER,,,,no MT number in the deal name,,,,,,,https://app.hubspot.com/contacts/7423331/record/0-3/6133742131
56200406152,CPD: Healthy - whole blood 100 mLs,CPD,NO NUMBER,,,,no MT number in the deal name,,,,,,,https://app.hubspot.com/contacts/7423331/record/0-3/56200406152
8595555880,"CRT: DLBCL, MCL, ovarian, lung, prostate, normal - frozen tissue",CRT,NO NUMBER,,,,no MT number in the deal name,,,,,,,https://app.hubspot.com/contacts/7423331/record/0-3/8595555880
6133467681,"CRT: MCL, CLL, B-ALL - FFPE (Phase II)",CRT,NO NUMBER,,,,no MT number in the deal name,,,,,,,https://app.hubspot.com/contacts/7423331/record/0-3/6133467681
6133545356,"CRT: MCL, CLL, B-ALL - marrow & blood (Phase I)",CRT,NO NUMBER,,,,no MT number in the deal name,,,,,,,https://app.hubspot.com/contacts/7423331/record/0-3/6133545356
9837228412,CRX: Allogeneic CART-cell post-transplant - frozen blood,CRX,NO NUMBER,,,,no MT number in the deal name,,,,,,,https://app.hubspot.com/contacts/7423331/record/0-3/9837228412
5506710102,CRX: Liver transplant - tissue & blood,CRX,NO NUMBER,,,,no MT number in the deal name,,,,,,,https://app.hubspot.com/contacts/7423331/record/0-3/5506710102
5684729122,CRX: Microbial infections - plasma,CRX,NO NUMBER,,,,no MT number in the deal name,,,,,,,https://app.hubspot.com/contacts/7423331/record/0-3/5684729122
4125320472,"CTM: HNSCC, Lung AC & SCC, Esoph AC & SCC - serum/plasma, FFPE, frozen",CTM,NO NUMBER,,,,no MT number in the deal name,,,,,,,https://app.hubspot.com/contacts/7423331/record/0-3/4125320472
5514553954,CTM: TNBC - FFPE & plasma,CTM,NO NUMBER,,,,no MT number in the deal name,,,,,,,https://app.hubspot.com/contacts/7423331/record/0-3/5514553954
9872067503,"CTR: Bladder, CRC, gastric, H&N, melanoma, ovarian - tissue & blood",CTR,NO NUMBER,,,,no MT number in the deal name,,,,,,,https://app.hubspot.com/contacts/7423331/record/0-3/9872067503
6212566575,"CTS: Head & neck, RCC, cholangio - fresh tissue & blood",CTS,NO NUMBER,,,,no MT number in the deal name,,,,,,,https://app.hubspot.com/contacts/7423331/record/0-3/6212566575
6787485715,CTS: Melanoma & brain mets - fresh tissue & blood,CTS,NO NUMBER,,,,no MT number in the deal name,,,,,,,https://app.hubspot.com/contacts/7423331/record/0-3/6787485715
12754636569,CVC: melanoma - FFPE,CVC,NO NUMBER,,,,no MT number in the deal name,,,,,,,https://app.hubspot.com/contacts/7423331/record/0-3/12754636569
13149318913,"CVC: melanoma, H&N, NSCLC - tissue",CVC,NO NUMBER,,,,no MT number in the deal name,,,,,,,https://app.hubspot.com/contacts/7423331/record/0-3/13149318913
49070009725,CVC: Non-cancerous colon - frozen tissue,CVC,NO NUMBER,,,,no MT number in the deal name,,,,,,,https://app.hubspot.com/contacts/7423331/record/0-3/49070009725
33636494158,"CVC: NSCLC, RCC - frozen tissue, PBMC",CVC,NO NUMBER,,,,no MT number in the deal name,,,,,,,https://app.hubspot.com/contacts/7423331/record/0-3/33636494158
54609046149,"CVC: Stage II/III NSCLC - Fresh Tissue, FF Tissue and Blood",CVC,NO NUMBER,,,,no MT number in the deal name,,,,,,,https://app.hubspot.com/contacts/7423331/record/0-3/54609046149
4817547135,D2G: Lung adenocarcinoma - data,D2G,NO NUMBER,,,,no MT number in the deal name,,,,,,,https://app.hubspot.com/contacts/7423331/record/0-3/4817547135
6812555646,D2G: Sotorasib treated - FFPE & plasma,D2G,NO NUMBER,,,,no MT number in the deal name,,,,,,,https://app.hubspot.com/contacts/7423331/record/0-3/6812555646
60866094212,DGB: Normal - Colonic Biopsies,DGB,NO NUMBER,,,,no MT number in the deal name,,,,,,,https://app.hubspot.com/contacts/7423331/record/0-3/60866094212
17269913215,DGF: Atopic dermatitis - tissue,DGF,NO NUMBER,,,,no MT number in the deal name,,,,,,,https://app.hubspot.com/contacts/7423331/record/0-3/17269913215
19095784965,DLF: Fungal infections,DLF,NO NUMBER,,,,no MT number in the deal name,,,,,,,https://app.hubspot.com/contacts/7423331/record/0-3/19095784965
37906014862,DLF: Lung cancer and non - lung cancer - plasma,DLF,NO NUMBER,,,,no MT number in the deal name,,,,,,,https://app.hubspot.com/contacts/7423331/record/0-3/37906014862
47738970433,DLF: Normal - plasma,DLF,NO NUMBER,,,,no MT number in the deal name,,,,,,,https://app.hubspot.com/contacts/7423331/record/0-3/47738970433
60524975729,DLF: Smoker NSCLC & normal - plasma,DLF,NO NUMBER,,,,no MT number in the deal name,,,,,,,https://app.hubspot.com/contacts/7423331/record/0-3/60524975729
17931820554,DLF: Various Oncology -Plasma,DLF,NO NUMBER,,,,no MT number in the deal name,,,,,,,https://app.hubspot.com/contacts/7423331/record/0-3/17931820554
37492237911,DRB: Asthma and healthy - whole blood and serum,DRB,NO NUMBER,,,,no MT number in the deal name,,,,,,,https://app.hubspot.com/contacts/7423331/record/0-3/37492237911
6811453184,DRB: Celiac disease - colonic biopsies,DRB,NO NUMBER,,,,no MT number in the deal name,,,,,,,https://app.hubspot.com/contacts/7423331/record/0-3/6811453184
8647045706,DRB: Lymphomas & CLL - FNA/BMA and blood,DRB,NO NUMBER,,,,no MT number in the deal name,,,,,,,https://app.hubspot.com/contacts/7423331/record/0-3/8647045706
6948236857,"DRB: Microscopic Colitis - fresh tissue, blood, FFPE",DRB,NO NUMBER,,,,no MT number in the deal name,,,,,,,https://app.hubspot.com/contacts/7423331/record/0-3/6948236857
43576132782,DRB: Multiple Myeloma - whole blood,DRB,NO NUMBER,,,,no MT number in the deal name,,,,,,,https://app.hubspot.com/contacts/7423331/record/0-3/43576132782
61024910870,DRB: NSCLC or lung NAT - tissue,DRB,NO NUMBER,,,,no MT number in the deal name,,,,,,,https://app.hubspot.com/contacts/7423331/record/0-3/61024910870
7213943431,DRB: Small bowel biopsies - fresh tissue,DRB,NO NUMBER,,,,no MT number in the deal name,,,,,,,https://app.hubspot.com/contacts/7423331/record/0-3/7213943431
38160136455,DRB: Various autoimmune - PBMC and serum,DRB,NO NUMBER,,,,no MT number in the deal name,,,,,,,https://app.hubspot.com/contacts/7423331/record/0-3/38160136455
1876432215,DSK: HER2 - FFPE,DSK,NO NUMBER,,,,no MT number in the deal name,,,,,,,https://app.hubspot.com/contacts/7423331/record/0-3/1876432215
12467796882,DSK: Metastatic breast - FFPE & PBMC,DSK,NO NUMBER,,,,no MT number in the deal name,,,,,,,https://app.hubspot.com/contacts/7423331/record/0-3/12467796882
10163365173,"DSN: 1,100 High risk / low risk asymptomatic COVID - NPS or NS",DSN,NO NUMBER,,,,no MT number in the deal name,,,,,,,https://app.hubspot.com/contacts/7423331/record/0-3/10163365173
5507900520,DSN: Asymptomatic COVID - NPS or NS,DSN,NO NUMBER,,,,no MT number in the deal name,,,,,,,https://app.hubspot.com/contacts/7423331/record/0-3/5507900520
3404621293,"DSN: Asymptomatic COVID - NS, NPS (if no PCR),& saliva",DSN,NO NUMBER,,,,no MT number in the deal name,,,,,,,https://app.hubspot.com/contacts/7423331/record/0-3/3404621293
3615011339,DSN: Celiac disease - serum,DSN,NO NUMBER,,,,no MT number in the deal name,,,,,,,https://app.hubspot.com/contacts/7423331/record/0-3/3615011339
4050143706,DSN: COVID 60-30 - NPS & saliva,DSN,NO NUMBER,,,,no MT number in the deal name,,,,,,,https://app.hubspot.com/contacts/7423331/record/0-3/4050143706
4075651900,DSN: Lyme disease - plasma & serum,DSN,NO NUMBER,,,,no MT number in the deal name,,,,,,,https://app.hubspot.com/contacts/7423331/record/0-3/4075651900
9460284083,DSN: Medullary thyroid carcinoma - serum,DSN,NO NUMBER,,,,no MT number in the deal name,,,,,,,https://app.hubspot.com/contacts/7423331/record/0-3/9460284083
9435787658,DSN: Non-endemic Lyme disease region healthies - serum,DSN,NO NUMBER,,,,no MT number in the deal name,,,,,,,https://app.hubspot.com/contacts/7423331/record/0-3/9435787658
5341696536,DSN: Parvovirus - serum,DSN,NO NUMBER,,,,no MT number in the deal name,,,,,,,https://app.hubspot.com/contacts/7423331/record/0-3/5341696536
9460284426,DSN: Parvovirus IgM+  - serum,DSN,NO NUMBER,,,,no MT number in the deal name,,,,,,,https://app.hubspot.com/contacts/7423331/record/0-3/9460284426
10711647324,DSN: Pharmacy swab testing only,DSN,NO NUMBER,,,,no MT number in the deal name,,,,,,,https://app.hubspot.com/contacts/7423331/record/0-3/10711647324
4580413592,DSN: Positive COVID - AN swabs,DSN,NO NUMBER,,,,no MT number in the deal name,,,,,,,https://app.hubspot.com/contacts/7423331/record/0-3/4580413592
8967065718,DSN: Respiratory infection - 4 swabs + discrepant call back,DSN,NO NUMBER,,,,no MT number in the deal name,,,,yes,,,https://app.hubspot.com/contacts/7423331/record/0-3/8967065718
8019816505,"DSN: Respiratory infection 7 days - AN x 2, NPS",DSN,NO NUMBER,,,,no MT number in the deal name,,,,,,,https://app.hubspot.com/contacts/7423331/record/0-3/8019816505
4318256143,DSN: Respiratory POC - 2 swabs,DSN,NO NUMBER,,,,no MT number in the deal name,,,,,,,https://app.hubspot.com/contacts/7423331/record/0-3/4318256143
9486381995,DSN: Standing & supine healthy - urine & blood,DSN,NO NUMBER,,,,no MT number in the deal name,,,,,,,https://app.hubspot.com/contacts/7423331/record/0-3/9486381995
3404621199,"DSN: Symptomatic COVID ""Same-Day"" - NPS & saliva",DSN,NO NUMBER,,,,no MT number in the deal name,,,,,,,https://app.hubspot.com/contacts/7423331/record/0-3/3404621199
3938143382,DSN: Vaccinated COVID - serum,DSN,NO NUMBER,,,,no MT number in the deal name,,,,,,,https://app.hubspot.com/contacts/7423331/record/0-3/3938143382
4890973102,DTL: Endometriosis - plasma/serum,DTL,NO NUMBER,,,,no MT number in the deal name,,,,,,,https://app.hubspot.com/contacts/7423331/record/0-3/4890973102
4340186784,DTL: Endometriosis - serum,DTL,NO NUMBER,,,,no MT number in the deal name,,,,,,,https://app.hubspot.com/contacts/7423331/record/0-3/4340186784
52884735560,DXC: Brain cancer & controls - serum,DXC,NO NUMBER,,,,no MT number in the deal name,,,,,,,https://app.hubspot.com/contacts/7423331/record/0-3/52884735560
31826990625,DXC: CRC - plasma,DXC,NO NUMBER,,,,no MT number in the deal name,,,,,,,https://app.hubspot.com/contacts/7423331/record/0-3/31826990625
52556952160,DXC: Ovarian & uterine cancer & controls - serum,DXC,NO NUMBER,,,,no MT number in the deal name,,,,,,,https://app.hubspot.com/contacts/7423331/record/0-3/52556952160
52901238277,DXC: Pancreatic cancer & diabetic controls - serum,DXC,NO NUMBER,,,,no MT number in the deal name,,,,,,,https://app.hubspot.com/contacts/7423331/record/0-3/52901238277
2460298951,"EAR: NSCLC, breast, panc - WB",EAR,NO NUMBER,,,,no MT number in the deal name,,,,,,,https://app.hubspot.com/contacts/7423331/record/0-3/2460298951
64175351618,EII: Naive State I & II bladder cancer - plasma,EII,NO NUMBER,,,,no MT number in the deal name,,,,,,,https://app.hubspot.com/contacts/7423331/record/0-3/64175351618
64175414143,EII: Pre PD1/PDL1 lung & RCC with response - plasma,EII,NO NUMBER,,,,no MT number in the deal name,,,,,,,https://app.hubspot.com/contacts/7423331/record/0-3/64175414143
2016975195,EIM - COVID,EIM,NO NUMBER,,,,no MT number in the deal name,,,,,,,https://app.hubspot.com/contacts/7423331/record/0-3/2016975195
2265023219,EIM: COVID - banked serum/plasma,EIM,NO NUMBER,,,,no MT number in the deal name,,,,,,,https://app.hubspot.com/contacts/7423331/record/0-3/2265023219
63222904882,ELM: Pancreatic Cancer - FFPE and FF tissues,ELM,NO NUMBER,,,,no MT number in the deal name,,,,,,,https://app.hubspot.com/contacts/7423331/record/0-3/63222904882
60177535238,ELS: HGSOC and Endometrial Cancer - Fresh Tissue,ELS,NO NUMBER,,,,no MT number in the deal name,,,,,,,https://app.hubspot.com/contacts/7423331/record/0-3/60177535238
60177535105,ELS: HNSCC and Ovarian Cancer - Fresh Tissue,ELS,NO NUMBER,,,,no MT number in the deal name,,,,,,,https://app.hubspot.com/contacts/7423331/record/0-3/60177535105
62639584795,ELS: NSCLC and mCRC liver mets - Fresh Tissue,ELS,NO NUMBER,,,,no MT number in the deal name,,,,,,,https://app.hubspot.com/contacts/7423331/record/0-3/62639584795
13207567912,EMC: CRC with outcome info - fresh tumor ,EMC,NO NUMBER,,,,no MT number in the deal name,,,,,,,https://app.hubspot.com/contacts/7423331/record/0-3/13207567912
59915108278,EMC: PDAC - Fresh Tissue,EMC,NO NUMBER,,,,no MT number in the deal name,,,,,,,https://app.hubspot.com/contacts/7423331/record/0-3/59915108278
5114046092,"EMD: HNSCC, NSCLC, normal - blood",EMD,NO NUMBER,,,,no MT number in the deal name,,,,,,,https://app.hubspot.com/contacts/7423331/record/0-3/5114046092
1852981662,EME - COVID 1,EME,NO NUMBER,,,,no MT number in the deal name,,,,,,,https://app.hubspot.com/contacts/7423331/record/0-3/1852981662
1950722597,EPC: Breast - blood,EPC,NO NUMBER,,,,no MT number in the deal name,,,,,,,https://app.hubspot.com/contacts/7423331/record/0-3/1950722597
22340704886,EPT: Prostate cancer - tissue,EPT,NO NUMBER,,,,no MT number in the deal name,,,,,,,https://app.hubspot.com/contacts/7423331/record/0-3/22340704886
63433951241,EQB: NSCLC - fresh tumor & NAT,EQB,NO NUMBER,,,,no MT number in the deal name,,,,,,,https://app.hubspot.com/contacts/7423331/record/0-3/63433951241
21953878129,EQB: post- mortem liver - NAT,EQB,NO NUMBER,,,,no MT number in the deal name,,,,,,,https://app.hubspot.com/contacts/7423331/record/0-3/21953878129
48892466444,ETB: CKD + Control - Tissue + Biofluids,ETB,NO NUMBER,,,,no MT number in the deal name,,,,,,,https://app.hubspot.com/contacts/7423331/record/0-3/48892466444
48859432291,ETB: MASLD + ARLD - Tissue + Biofluids,ETB,NO NUMBER,,,,no MT number in the deal name,,,,,,,https://app.hubspot.com/contacts/7423331/record/0-3/48859432291
19250751833,EXS: 18 stage III/IV cancers and MSI-H CRC - plasma,EXS,NO NUMBER,,,,no MT number in the deal name,,,,,,,https://app.hubspot.com/contacts/7423331/record/0-3/19250751833
39908205902,EXS: 18 tube healthy - plasma & buffy,EXS,NO NUMBER,,,,no MT number in the deal name,,,,,,,https://app.hubspot.com/contacts/7423331/record/0-3/39908205902
8597599382,"EXS: 1st project, solid tumors & lymphoma - plasma & serum",EXS,NO NUMBER,,,,no MT number in the deal name,,,,,,,https://app.hubspot.com/contacts/7423331/record/0-3/8597599382
17007676811,EXS: 20 healthy pilot - same day blood,EXS,NO NUMBER,,,,no MT number in the deal name,,,,,,,https://app.hubspot.com/contacts/7423331/record/0-3/17007676811
58332279979,"EXS: Adenoma + Negative Colonoscopy - Plasma, Buffy, FFPE",EXS,NO NUMBER,,,,no MT number in the deal name,,,,,,,https://app.hubspot.com/contacts/7423331/record/0-3/58332279979
46041360022,EXS: Adenoma - plasma & FFPE,EXS,NO NUMBER,,,,no MT number in the deal name,,,,,,,https://app.hubspot.com/contacts/7423331/record/0-3/46041360022
33462389287,"EXS: Adenoma, CRC, normal - blood",EXS,NO NUMBER,,,,no MT number in the deal name,,,,,,,https://app.hubspot.com/contacts/7423331/record/0-3/33462389287
35486526020,EXS: Advanced adenoma - plasma,EXS,NO NUMBER,,,,no MT number in the deal name,,,,,,,https://app.hubspot.com/contacts/7423331/record/0-3/35486526020
35295215443,EXS: Advanced precancerous lesions - plasma,EXS,NO NUMBER,,,,no MT number in the deal name,,,,,,,https://app.hubspot.com/contacts/7423331/record/0-3/35295215443
29310297739,"EXS: APL, CRC, negative colonoscopy - plasma, buffy coat, & FFPE",EXS,NO NUMBER,,,,no MT number in the deal name,,,,,,,https://app.hubspot.com/contacts/7423331/record/0-3/29310297739
32256410762,"EXS: Breast & CRC (ambient LBgard) - tissue, blood",EXS,NO NUMBER,,,,no MT number in the deal name,,,,,,,https://app.hubspot.com/contacts/7423331/record/0-3/32256410762
13998515360,EXS: Breast & CRC - FFPE and whole blood,EXS,NO NUMBER,,,,no MT number in the deal name,,,,,,,https://app.hubspot.com/contacts/7423331/record/0-3/13998515360
13317055353,"EXS: Breast & CRC - FFPE, plasma, buffy coat",EXS,NO NUMBER,,,,no MT number in the deal name,,,,,,,https://app.hubspot.com/contacts/7423331/record/0-3/13317055353
14798095905,"EXS: Breast & NSCLC La Jolla - FFPE, plasma, buffy coat",EXS,NO NUMBER,,,,no MT number in the deal name,,,,,,,https://app.hubspot.com/contacts/7423331/record/0-3/14798095905
17006621463,"EXS: Breast and CRC - FFPE tumor, FFPE normal, frozen tumor, plasma, buffy",EXS,NO NUMBER,,,,no MT number in the deal name,,,,,,,https://app.hubspot.com/contacts/7423331/record/0-3/17006621463
35392098375,"EXS: Breast, CRC, other solid tumors fresh vs. frozen LBgard 0.0 - FFPE, plasma, buffy coat, whole blood",EXS,NO NUMBER,,,,no MT number in the deal name,,,,,,,https://app.hubspot.com/contacts/7423331/record/0-3/35392098375
63673380145,EXS: Calcified Tumor FFPE,EXS,NO NUMBER,,,,no MT number in the deal name,,,,,,,https://app.hubspot.com/contacts/7423331/record/0-3/63673380145
18097201233,EXS: Cancer - plasma,EXS,NO NUMBER,,,,no MT number in the deal name,,,,,,,https://app.hubspot.com/contacts/7423331/record/0-3/18097201233
34585824549,EXS: CRC - plasma,EXS,NO NUMBER,,,,no MT number in the deal name,,,,,,,https://app.hubspot.com/contacts/7423331/record/0-3/34585824549
52087890099,EXS: CRC stage I/II and APL - plasma + buffy coat (retrospective),EXS,NO NUMBER,,,,no MT number in the deal name,,,,,,,https://app.hubspot.com/contacts/7423331/record/0-3/52087890099
51633467526,"EXS: CRC, AA, Healthy - Stool",EXS,NO NUMBER,,,,no MT number in the deal name,,,,,,,https://app.hubspot.com/contacts/7423331/record/0-3/51633467526
17006622566,"EXS: CRC, gastro-esophageal, NSCLC, TNBC - FFPE + plasma",EXS,NO NUMBER,,,,no MT number in the deal name,,,,,,,https://app.hubspot.com/contacts/7423331/record/0-3/17006622566
8241429801,"EXS: CRC, TNBC - FFPE, buffy coat, plasma, serum",EXS,NO NUMBER,,,,no MT number in the deal name,,,,,,,https://app.hubspot.com/contacts/7423331/record/0-3/8241429801
60271626882,EXS: Healthy - Streck Whole Blood,EXS,NO NUMBER,,,,no MT number in the deal name,,,,,,,https://app.hubspot.com/contacts/7423331/record/0-3/60271626882
52087951448,EXS: Healthy - whole blood (San Diego),EXS,NO NUMBER,,,,no MT number in the deal name,,,,,,,https://app.hubspot.com/contacts/7423331/record/0-3/52087951448
17635664274,EXS: Healthy 40 Streck tubes - blood,EXS,NO NUMBER,,,,no MT number in the deal name,,,,,,,https://app.hubspot.com/contacts/7423331/record/0-3/17635664274
42976481170,EXS: Healthy pilot #2 - plasma,EXS,NO NUMBER,,,,no MT number in the deal name,,,,,,,https://app.hubspot.com/contacts/7423331/record/0-3/42976481170
28586770202,EXS: Healthy same day (Madison) - blood,EXS,NO NUMBER,,,,no MT number in the deal name,,,,,,,https://app.hubspot.com/contacts/7423331/record/0-3/28586770202
20009184697,EXS: healthy same day (San Diego) - whole blood,EXS,NO NUMBER,,,,no MT number in the deal name,,,,,,,https://app.hubspot.com/contacts/7423331/record/0-3/20009184697
59814955643,EXS: Healthy Stool,EXS,NO NUMBER,,,,no MT number in the deal name,,,,,,,https://app.hubspot.com/contacts/7423331/record/0-3/59814955643
50770735504,"EXS: Healthy, APL, CRC, Benign - Plasma",EXS,NO NUMBER,,,,no MT number in the deal name,,,,,,,https://app.hubspot.com/contacts/7423331/record/0-3/50770735504
51658270374,"EXS: Healthy, CRC, APL, Benign - plasma and buffy ",EXS,NO NUMBER,,,,no MT number in the deal name,,,,,,,https://app.hubspot.com/contacts/7423331/record/0-3/51658270374
13245707061,"EXS: HER2+ - FFPE, plasma, buffy coat",EXS,NO NUMBER,,,,no MT number in the deal name,,,,,,,https://app.hubspot.com/contacts/7423331/record/0-3/13245707061
16362666374,"EXS: Longitudinal NSCLC & normal - FFPE, plasma, buffy coat",EXS,NO NUMBER,,,,no MT number in the deal name,,,,,,,https://app.hubspot.com/contacts/7423331/record/0-3/16362666374
56709608603,"EXS: Matched Tx Naive Breast Cancer - Ex-Vivo CNB FFPE, Plasma, Buffy",EXS,NO NUMBER,,,,no MT number in the deal name,,,,,,,https://app.hubspot.com/contacts/7423331/record/0-3/56709608603
19250754056,EXS: MSI-High cancer - plasma,EXS,NO NUMBER,,,,no MT number in the deal name,,,,,,,https://app.hubspot.com/contacts/7423331/record/0-3/19250754056
32369549134,"EXS: Mutant stage III-IV bladder, gastric, GBM, NSCLC, liposarcoma - FFPE, whole blood OR buffy coat",EXS,NO NUMBER,,,,no MT number in the deal name,,,,,,,https://app.hubspot.com/contacts/7423331/record/0-3/32369549134
49908843919,EXS: NAT - FFPE and Buffy Coat,EXS,NO NUMBER,,,,no MT number in the deal name,,,,,,,https://app.hubspot.com/contacts/7423331/record/0-3/49908843919
21178077826,EXS: Normal - FFPE,EXS,NO NUMBER,,,,no MT number in the deal name,,,,,,,https://app.hubspot.com/contacts/7423331/record/0-3/21178077826
42656920406,EXS: Pre/post surgery multi-cancer - plasma & tissue,EXS,NO NUMBER,,,,no MT number in the deal name,,,,,,,https://app.hubspot.com/contacts/7423331/record/0-3/42656920406
61024890455,"EXS: Prospective Cirrhosis - Tube Comparison (LBgard v1.2, Streck, Serum)",EXS,NO NUMBER,,,,no MT number in the deal name,,,,,,,https://app.hubspot.com/contacts/7423331/record/0-3/61024890455
61038814844,EXS: Prospective CRC - Streck Plasma + Buffy Coat (US sites),EXS,NO NUMBER,,,,no MT number in the deal name,,,,,,,https://app.hubspot.com/contacts/7423331/record/0-3/61038814844
39387609755,EXS: Same-day healthy (San Diego) pilot - blood,EXS,NO NUMBER,,,,no MT number in the deal name,,,,,,,https://app.hubspot.com/contacts/7423331/record/0-3/39387609755
63925243016,EXS: Stage I-III HER2+ Breast Cancer - FFPE ,EXS,NO NUMBER,,,,no MT number in the deal name,,,,,,,https://app.hubspot.com/contacts/7423331/record/0-3/63925243016
58556247915,EXS: Streck vs LBG 2.0 - Various Cancers - Whole Blood,EXS,NO NUMBER,,,,no MT number in the deal name,,,,,,,https://app.hubspot.com/contacts/7423331/record/0-3/58556247915
14405860945,"EXS: TNBC - FFPE, plasma. buffy coat",EXS,NO NUMBER,,,,no MT number in the deal name,,,,,,,https://app.hubspot.com/contacts/7423331/record/0-3/14405860945
5477048141,FDM: Healthy controls - whole blood,FDM,NO NUMBER,,,,no MT number in the deal name,,,,,,,https://app.hubspot.com/contacts/7423331/record/0-3/5477048141
4894178194,"FDM: Lung, CRC, breast, prostate - FFPE & plasma",FDM,NO NUMBER,,,,no MT number in the deal name,,,,,,,https://app.hubspot.com/contacts/7423331/record/0-3/4894178194
4679113142,"FDM: Lung, CRC, prostate, breast, liver - tissue & blood",FDM,NO NUMBER,,,,no MT number in the deal name,,,,,,,https://app.hubspot.com/contacts/7423331/record/0-3/4679113142
13437439115,FDX: DLBCL - plasma & PBMCs,FDX,NO NUMBER,,,,no MT number in the deal name,,,,,,,https://app.hubspot.com/contacts/7423331/record/0-3/13437439115
6810962179,FDX: Healthy - plasma & buffy coat,FDX,NO NUMBER,,,,no MT number in the deal name,,,,,,,https://app.hubspot.com/contacts/7423331/record/0-3/6810962179
13233867345,FDX: lung and breast cancer - FFPE & plasma,FDX,NO NUMBER,,,,no MT number in the deal name,,,,,,,https://app.hubspot.com/contacts/7423331/record/0-3/13233867345
19191131909,FDX: Normal tissue - FFPE,FDX,NO NUMBER,,,,no MT number in the deal name,,,,,,,https://app.hubspot.com/contacts/7423331/record/0-3/19191131909
9186784654,"FGT: Healthy,cardiometabolic,inflammatory, neurological, cancer - FFPE",FGT,NO NUMBER,,,,no MT number in the deal name,,,,,,,https://app.hubspot.com/contacts/7423331/record/0-3/9186784654
32094057335,"FIB: RA, SLE, MS, healthy - buffy coat and plasma",FIB,NO NUMBER,,,,no MT number in the deal name,,,,,,,https://app.hubspot.com/contacts/7423331/record/0-3/32094057335
20089357851,FLB: NAT Lung - FFPE,FLB,NO NUMBER,,,,no MT number in the deal name,,,,,,,https://app.hubspot.com/contacts/7423331/record/0-3/20089357851
4578574440,FLD: COVID - NPS & saliva,FLD,NO NUMBER,,,,no MT number in the deal name,,,,,,,https://app.hubspot.com/contacts/7423331/record/0-3/4578574440
2811226801,"FLD: Respiratory - NP, saliva",FLD,NO NUMBER,,,,no MT number in the deal name,,,,,,,https://app.hubspot.com/contacts/7423331/record/0-3/2811226801
14270477861,FLG: NSCLC & panc - tissue,FLG,NO NUMBER,,,,no MT number in the deal name,,,,,,,https://app.hubspot.com/contacts/7423331/record/0-3/14270477861
13355882050,"FLG: NSCLC, melanoma, RCC - fresh or cryopreserved tissue",FLG,NO NUMBER,,,,no MT number in the deal name,,,,,,,https://app.hubspot.com/contacts/7423331/record/0-3/13355882050
43542890858,FLM: MCED cancer & same-site healthy - plasma,FLM,NO NUMBER,,,,no MT number in the deal name,,,,,,,https://app.hubspot.com/contacts/7423331/record/0-3/43542890858
12974246474,FND: H&N SCC & NSCLC - fresh tumor,FND,NO NUMBER,,,,no MT number in the deal name,,,,,,,https://app.hubspot.com/contacts/7423331/record/0-3/12974246474
7986860978,"FON: Breast, lung, CRC targeted therapy - tissue & longitudinal data",FON,NO NUMBER,,,,no MT number in the deal name,,,,,,,https://app.hubspot.com/contacts/7423331/record/0-3/7986860978
8800996978,FON: CRC - tissue & blood,FON,NO NUMBER,,,,no MT number in the deal name,,,,,,,https://app.hubspot.com/contacts/7423331/record/0-3/8800996978
7986867853,"FON: Gastric, esophageal, sarcoma - tissue",FON,NO NUMBER,,,,no MT number in the deal name,,,,,,,https://app.hubspot.com/contacts/7423331/record/0-3/7986867853
8430195827,FON: IO (NSCLC preference) - pre-therapy blood & longitudinal data,FON,NO NUMBER,,,,no MT number in the deal name,,,,,,,https://app.hubspot.com/contacts/7423331/record/0-3/8430195827
7986772833,"FON: Lung, breast, colon w/ outcome data - frozen tissue",FON,NO NUMBER,,,,no MT number in the deal name,,,,,,,https://app.hubspot.com/contacts/7423331/record/0-3/7986772833
11230709596,FON: NSCLC and ovarian cancer - ascites,FON,NO NUMBER,,,,no MT number in the deal name,,,,,,,https://app.hubspot.com/contacts/7423331/record/0-3/11230709596
8801117764,FON: Stage III or IV NSCLC - blood,FON,NO NUMBER,,,,no MT number in the deal name,,,,,,,https://app.hubspot.com/contacts/7423331/record/0-3/8801117764
22369886066,FRN: 35 pack - years smokers - plasma,FRN,NO NUMBER,,,,no MT number in the deal name,,,,,,,https://app.hubspot.com/contacts/7423331/record/0-3/22369886066
43524640877,FRN: Any lung cancer (including NSCLC) - whole blood,FRN,NO NUMBER,,,,no MT number in the deal name,,,,,,,https://app.hubspot.com/contacts/7423331/record/0-3/43524640877
63739930035,FRN: Aqueous humor - frozen,FRN,NO NUMBER,,,,no MT number in the deal name,,,,,,,https://app.hubspot.com/contacts/7423331/record/0-3/63739930035
20717604424,FRN: CRC & adenoma - plasma & buffy coat,FRN,NO NUMBER,,,,no MT number in the deal name,,,,,,,https://app.hubspot.com/contacts/7423331/record/0-3/20717604424
10773361520,FRN: CRC - blood,FRN,NO NUMBER,,,,no MT number in the deal name,,,,,,,https://app.hubspot.com/contacts/7423331/record/0-3/10773361520
20717987588,"FRN: CRC - FFPE, plasma & buffy coat",FRN,NO NUMBER,,,,no MT number in the deal name,,,,,,,https://app.hubspot.com/contacts/7423331/record/0-3/20717987588
43530930086,FRN: CRC - whole blood,FRN,NO NUMBER,,,,no MT number in the deal name,,,,,,,https://app.hubspot.com/contacts/7423331/record/0-3/43530930086
21592889885,"FRN: CRC, AA, normal - slides, plasma, buffy",FRN,NO NUMBER,,,,no MT number in the deal name,,,,,,,https://app.hubspot.com/contacts/7423331/record/0-3/21592889885
64175546714,FRN: HCC and benign liver diseases - serum,FRN,NO NUMBER,,,,no MT number in the deal name,,,,,,,https://app.hubspot.com/contacts/7423331/record/0-3/64175546714
63222229668,FRN: Human CSF,FRN,NO NUMBER,,,,no MT number in the deal name,,,,,,,https://app.hubspot.com/contacts/7423331/record/0-3/63222229668
10934356866,FRN: Hyperlipemic - blood,FRN,NO NUMBER,,,,no MT number in the deal name,,,,,,,https://app.hubspot.com/contacts/7423331/record/0-3/10934356866
10845255441,FRN: Jaundice - blood,FRN,NO NUMBER,,,,no MT number in the deal name,,,,,,,https://app.hubspot.com/contacts/7423331/record/0-3/10845255441
63739304883,"FRN: Normal dermal punches - tissue, FFPE",FRN,NO NUMBER,,,,no MT number in the deal name,,,,,,,https://app.hubspot.com/contacts/7423331/record/0-3/63739304883
14345184810,"FTB: Influenza, RSV - swabs",FTB,NO NUMBER,,,,no MT number in the deal name,,,,,,,https://app.hubspot.com/contacts/7423331/record/0-3/14345184810
15692569150,FTH: Normal skin - biopsy tissue,FTH,NO NUMBER,,,,no MT number in the deal name,,,,,,,https://app.hubspot.com/contacts/7423331/record/0-3/15692569150
9254306668,"FTX: Bladder cancer ""integrated study""",FTX,NO NUMBER,,,,no MT number in the deal name,,,,,,,https://app.hubspot.com/contacts/7423331/record/0-3/9254306668
6284611493,FTX: Bladder cancer - TBD,FTX,NO NUMBER,,,,no MT number in the deal name,,,,,,,https://app.hubspot.com/contacts/7423331/record/0-3/6284611493
16896483884,FTX: mCRPC - FFPE,FTX,NO NUMBER,,,,no MT number in the deal name,,,,,,,https://app.hubspot.com/contacts/7423331/record/0-3/16896483884
5343056306,"FWB: Melanoma, CRC, NSCLC, ovarian, head & neck - tumor",FWB,NO NUMBER,,,,no MT number in the deal name,,,,,,,https://app.hubspot.com/contacts/7423331/record/0-3/5343056306
35468571980,FYR: Ovarian cancer and benign - plasma,FYR,NO NUMBER,,,,no MT number in the deal name,,,,,,,https://app.hubspot.com/contacts/7423331/record/0-3/35468571980
33448267412,"FYR: Stage III-IV NSCLC - FFPE, plasma",FYR,NO NUMBER,,,,no MT number in the deal name,,,,,,,https://app.hubspot.com/contacts/7423331/record/0-3/33448267412
17780459546,"GCH: BI-RADS 1&2 mammogram, benign breast, breast cancer - whole blood or plasma",GCH,NO NUMBER,,,,no MT number in the deal name,,,,,,,https://app.hubspot.com/contacts/7423331/record/0-3/17780459546
20364046362,"GCH: BI-RADS mammogram negative, DCIS, benign breast cancer – whole blood or plasma",GCH,NO NUMBER,,,,no MT number in the deal name,,,,,,,https://app.hubspot.com/contacts/7423331/record/0-3/20364046362
12552109136,GCH: cancer and healthy - whole blood OR plasma,GCH,NO NUMBER,,,,no MT number in the deal name,,,,,,,https://app.hubspot.com/contacts/7423331/record/0-3/12552109136
12552109083,"GCH: CRC, ovarian, esophageal, liver, pancreatic - plasma",GCH,NO NUMBER,,,,no MT number in the deal name,,,,,,,https://app.hubspot.com/contacts/7423331/record/0-3/12552109083
18172296967,GCH: Healthy - whole blood,GCH,NO NUMBER,,,,no MT number in the deal name,,,,,,,https://app.hubspot.com/contacts/7423331/record/0-3/18172296967
20363915582,GCH: Lung cancer and benign nodules – whole blood,GCH,NO NUMBER,,,,no MT number in the deal name,,,,,,,https://app.hubspot.com/contacts/7423331/record/0-3/20363915582
17780791073,GCH: Lung nodule clinical trial - plasma,GCH,NO NUMBER,,,,no MT number in the deal name,,,,,,,https://app.hubspot.com/contacts/7423331/record/0-3/17780791073
23127105189,GCH: NSCLC & LDCT Negative Smokers - blood or plasma,GCH,NO NUMBER,,,,no MT number in the deal name,,,,,,,https://app.hubspot.com/contacts/7423331/record/0-3/23127105189
32392992911,GCH: NSCLC Stage I - plasma,GCH,NO NUMBER,,,,no MT number in the deal name,,,,,,,https://app.hubspot.com/contacts/7423331/record/0-3/32392992911
17780790925,GCH: Stage I NSCLC & Stage II breast - plasma,GCH,NO NUMBER,,,,no MT number in the deal name,,,,,,,https://app.hubspot.com/contacts/7423331/record/0-3/17780790925
14613886123,GDT: Solid tumors (EU delivery) - tissue,GDT,NO NUMBER,,,,no MT number in the deal name,,,,,,,https://app.hubspot.com/contacts/7423331/record/0-3/14613886123
2392245042,GEN: myeloma & normal - BMMC,GEN,NO NUMBER,,,,no MT number in the deal name,,,,,,,https://app.hubspot.com/contacts/7423331/record/0-3/2392245042
5457043868,GHI: 100 normal - plasma & buffy coat,GHI,NO NUMBER,,,,no MT number in the deal name,,,,,,,https://app.hubspot.com/contacts/7423331/record/0-3/5457043868
57651075889,GHI: 4 x 5 healthy - blood,GHI,NO NUMBER,,,,no MT number in the deal name,,,,,,,https://app.hubspot.com/contacts/7423331/record/0-3/57651075889
14063973649,GHI: 6 x 100 cancer - FFPE & plasma,GHI,NO NUMBER,,,,no MT number in the deal name,,,,,,,https://app.hubspot.com/contacts/7423331/record/0-3/14063973649
4358783869,GHI: Bladder & melanoma - plasma & buffy coat,GHI,NO NUMBER,,,,no MT number in the deal name,,,,,,,https://app.hubspot.com/contacts/7423331/record/0-3/4358783869
5055351939,GHI: Breast cancer - blood,GHI,NO NUMBER,,,,no MT number in the deal name,,,,,,,https://app.hubspot.com/contacts/7423331/record/0-3/5055351939
4054663377,"GHI: Breast, prostate, lung, bladder, melanoma, healthy - plasma",GHI,NO NUMBER,,,,no MT number in the deal name,,,,,,,https://app.hubspot.com/contacts/7423331/record/0-3/4054663377
3423636738,"GHI: Brst, lung, blad - pre-op plasma, FFPE, NAT, post-op plasma",GHI,NO NUMBER,,,,no MT number in the deal name,,,,,,,https://app.hubspot.com/contacts/7423331/record/0-3/3423636738
10756247670,GHI: Cancer disease controls - plasma,GHI,NO NUMBER,,,,no MT number in the deal name,,,,,,,https://app.hubspot.com/contacts/7423331/record/0-3/10756247670
9852524147,"GHI: Cancer, biopsy/surgery, healthy MCED study - plasma",GHI,NO NUMBER,,,,no MT number in the deal name,,,,,,,https://app.hubspot.com/contacts/7423331/record/0-3/9852524147
7848927318,GHI: Controls - 500 mL processed blood,GHI,NO NUMBER,,,,no MT number in the deal name,,,,,,,https://app.hubspot.com/contacts/7423331/record/0-3/7848927318
11934464346,GHI: CRC - plasma,GHI,NO NUMBER,,,,no MT number in the deal name,,,,,,,https://app.hubspot.com/contacts/7423331/record/0-3/11934464346
4125897524,GHI: CRC - plasma,GHI,NO NUMBER,,,,no MT number in the deal name,,,,,,,https://app.hubspot.com/contacts/7423331/record/0-3/4125897524
12139003698,"GHI: CRC and advance adenoma- plasma, buffy coat, primary FFPE, NAT FFPE",GHI,NO NUMBER,,,,no MT number in the deal name,,,,,,,https://app.hubspot.com/contacts/7423331/record/0-3/12139003698
33398078591,GHI: CRC MSH-H - FFPE (retro),GHI,NO NUMBER,,,,no MT number in the deal name,,,,,,,https://app.hubspot.com/contacts/7423331/record/0-3/33398078591
33428430664,GHI: CRC MSI-H - FFPE,GHI,NO NUMBER,,,,no MT number in the deal name,,,,,,,https://app.hubspot.com/contacts/7423331/record/0-3/33428430664
10756169591,"GHI: Endometrial, Esophageal, HCC, ovarian, RCC - plasma",GHI,NO NUMBER,,,,no MT number in the deal name,,,,,,,https://app.hubspot.com/contacts/7423331/record/0-3/10756169591
28226408453,GHI: GIST - whole blood,GHI,NO NUMBER,,,,no MT number in the deal name,,,,,,,https://app.hubspot.com/contacts/7423331/record/0-3/28226408453
4040814978,GHI: Healthies (Navdeep 100) - plasma,GHI,NO NUMBER,,,,no MT number in the deal name,,,,,,,https://app.hubspot.com/contacts/7423331/record/0-3/4040814978
63083884172,GHI: Healthy - blood (12 subjects),GHI,NO NUMBER,,,,no MT number in the deal name,,,,,,,https://app.hubspot.com/contacts/7423331/record/0-3/63083884172
21955981398,GHI: Healthy EDTA - plasma and buffy coat,GHI,NO NUMBER,,,,no MT number in the deal name,,,,,,,https://app.hubspot.com/contacts/7423331/record/0-3/21955981398
62448754758,GHI: Healthy incomplete tube fills - blood & plasma,GHI,NO NUMBER,,,,no MT number in the deal name,,,,,,,https://app.hubspot.com/contacts/7423331/record/0-3/62448754758
21955981583,GHI: Healthy Streck - plasma and buffy coat,GHI,NO NUMBER,,,,no MT number in the deal name,,,,,,,https://app.hubspot.com/contacts/7423331/record/0-3/21955981583
22365798038,GHI: Healthy subjects - whole blood,GHI,NO NUMBER,,,,no MT number in the deal name,,,,,,,https://app.hubspot.com/contacts/7423331/record/0-3/22365798038
32736410037,"GHI: Longitudinal breast, CRC, NSCLC - slides & plasma / buffy",GHI,NO NUMBER,,,,no MT number in the deal name,,,,,,,https://app.hubspot.com/contacts/7423331/record/0-3/32736410037
16591254700,GHI: Longitudinal NSCLC bank - plasma,GHI,NO NUMBER,,,,no MT number in the deal name,,,,,,,https://app.hubspot.com/contacts/7423331/record/0-3/16591254700
14455097207,GHI: Longitudinal ORACLE - plasma,GHI,NO NUMBER,,,,no MT number in the deal name,,,,,,,https://app.hubspot.com/contacts/7423331/record/0-3/14455097207
14063973890,GHI: Longitudinal post-surgery breast cancer - blood,GHI,NO NUMBER,,,,no MT number in the deal name,,,,,,,https://app.hubspot.com/contacts/7423331/record/0-3/14063973890
20634802039,GHI: Lymphoma - streck plasma,GHI,NO NUMBER,,,,no MT number in the deal name,,,,,,,https://app.hubspot.com/contacts/7423331/record/0-3/20634802039
64133543467,GHI: Neoadjuvant stage I-IIIa CRC pilot - blood,GHI,NO NUMBER,,,,no MT number in the deal name,,,,,,,https://app.hubspot.com/contacts/7423331/record/0-3/64133543467
64133543492,"GHI: Non-advanced & advanced adenoma - plasma, & buffy",GHI,NO NUMBER,,,,no MT number in the deal name,,,,,,,https://app.hubspot.com/contacts/7423331/record/0-3/64133543492
5026850852,GHI: NSCLC - FFPE & plasma,GHI,NO NUMBER,,,,no MT number in the deal name,,,,,,,https://app.hubspot.com/contacts/7423331/record/0-3/5026850852
7848975750,"GHI: Post non-cancer surgery (colon, lung, breast, gastric) - blood",GHI,NO NUMBER,,,,no MT number in the deal name,,,,,,,https://app.hubspot.com/contacts/7423331/record/0-3/7848975750
8714357842,GHI: Pre & 2 post non cancerous surgery - blood,GHI,NO NUMBER,,,,no MT number in the deal name,,,,,,,https://app.hubspot.com/contacts/7423331/record/0-3/8714357842
6068763723,GHI: Prostate - tissue & plasma,GHI,NO NUMBER,,,,no MT number in the deal name,,,,,,,https://app.hubspot.com/contacts/7423331/record/0-3/6068763723
36810643487,GHI: Prostate cancer - whole blood,GHI,NO NUMBER,,,,no MT number in the deal name,,,,,,,https://app.hubspot.com/contacts/7423331/record/0-3/36810643487
5832944241,GHI: Stability Study #2 - 30 x 80 mL blood & plasma,GHI,NO NUMBER,,,,no MT number in the deal name,,,,,,,https://app.hubspot.com/contacts/7423331/record/0-3/5832944241
14520455224,"GHI: Stage I-III Pre-therapy RCC, ovarian, esophageal, endometrial, HCC, breast, lung, CRC, melanoma - plasma",GHI,NO NUMBER,,,,no MT number in the deal name,,,,,,,https://app.hubspot.com/contacts/7423331/record/0-3/14520455224
10756247452,GHI: Stage I/II TNBC or HR+ and NSCLC adjuvant - plasma,GHI,NO NUMBER,,,,no MT number in the deal name,,,,,,,https://app.hubspot.com/contacts/7423331/record/0-3/10756247452
21678537824,GHI: Stage III-IV CRC - FFPE & plasma,GHI,NO NUMBER,,,,no MT number in the deal name,,,,,,,https://app.hubspot.com/contacts/7423331/record/0-3/21678537824
8722809689,"GIL: ACLE, SCLE, DLE - FFPE",GIL,NO NUMBER,,,,no MT number in the deal name,,,,,,,https://app.hubspot.com/contacts/7423331/record/0-3/8722809689
2441535776,GIL: AML - BMMC (BSR-00397),GIL,NO NUMBER,,,,no MT number in the deal name,,,,,,,https://app.hubspot.com/contacts/7423331/record/0-3/2441535776
2818278805,GIL: AML - fresh & frozen BM (BSR-00417),GIL,NO NUMBER,,,,no MT number in the deal name,,,,,,,https://app.hubspot.com/contacts/7423331/record/0-3/2818278805
8667873848,"GIL: AML, MDS, normal - marrow FFPE",GIL,NO NUMBER,,,,no MT number in the deal name,,,,,,,https://app.hubspot.com/contacts/7423331/record/0-3/8667873848
17220365142,GIL: Atopic dermatitis - blood,GIL,NO NUMBER,,,,no MT number in the deal name,,,,,,,https://app.hubspot.com/contacts/7423331/record/0-3/17220365142
20823407949,"GIL: Breast, Endometrial, Ovarian, Pancreatic, Prostate - fresh tissue",GIL,NO NUMBER,,,,no MT number in the deal name,,,,,,,https://app.hubspot.com/contacts/7423331/record/0-3/20823407949
20838284557,"GIL: Breast, Endometrial, Ovarian, Pancreatic, Prostate - frozen tissue",GIL,NO NUMBER,,,,no MT number in the deal name,,,,,,,https://app.hubspot.com/contacts/7423331/record/0-3/20838284557
10477007458,"GIL: Breast, H&N, NSCLC, panc - tumor & NAT",GIL,NO NUMBER,,,,no MT number in the deal name,,,,,,,https://app.hubspot.com/contacts/7423331/record/0-3/10477007458
2382127539,GIL: CD and UC - whole blood,GIL,NO NUMBER,,,,no MT number in the deal name,,,,,,,https://app.hubspot.com/contacts/7423331/record/0-3/2382127539
4054675204,GIL: Chronic Spontaneous Urticaria - serum,GIL,NO NUMBER,,,,no MT number in the deal name,,,,,,,https://app.hubspot.com/contacts/7423331/record/0-3/4054675204
9691064967,GIL: COVID - 19 - nasopharyngeal swabs,GIL,NO NUMBER,,,,no MT number in the deal name,,,,,,,https://app.hubspot.com/contacts/7423331/record/0-3/9691064967
1979376053,GIL: COVID - urine,GIL,NO NUMBER,,,,no MT number in the deal name,,,,,,,https://app.hubspot.com/contacts/7423331/record/0-3/1979376053
10290742303,GIL: CRC liver mets - FFPE,GIL,NO NUMBER,,,,no MT number in the deal name,,,,,,,https://app.hubspot.com/contacts/7423331/record/0-3/10290742303
10593112612,GIL: F4 NASH - FFPE,GIL,NO NUMBER,,,,no MT number in the deal name,,,,,,,https://app.hubspot.com/contacts/7423331/record/0-3/10593112612
29147634704,GIL: Glioblastoma - FFPE,GIL,NO NUMBER,,,,no MT number in the deal name,,,,,,,https://app.hubspot.com/contacts/7423331/record/0-3/29147634704
57093665363,GIL: HBV HCC NAT - FFPE,GIL,NO NUMBER,,,,no MT number in the deal name,,,,,,,https://app.hubspot.com/contacts/7423331/record/0-3/57093665363
29044528543,GIL: HDV - FFPE/frozen tissue & plasma/serum,GIL,NO NUMBER,,,,no MT number in the deal name,,,,,,,https://app.hubspot.com/contacts/7423331/record/0-3/29044528543
14998368660,GIL: Healthy tonsil - fresh tissue,GIL,NO NUMBER,,,,no MT number in the deal name,,,,,,,https://app.hubspot.com/contacts/7423331/record/0-3/14998368660
4374567893,GIL: Hepatitis B - FFPE,GIL,NO NUMBER,,,,no MT number in the deal name,,,,,,,https://app.hubspot.com/contacts/7423331/record/0-3/4374567893
10592631425,GIL: Hepatitis D - plasma,GIL,NO NUMBER,,,,no MT number in the deal name,,,,,,,https://app.hubspot.com/contacts/7423331/record/0-3/10592631425
2016976059,"GIL: Ideo Pulm Fib - serum, RNA, WB, BALF fluid, tissue",GIL,NO NUMBER,,,,no MT number in the deal name,,,,,,,https://app.hubspot.com/contacts/7423331/record/0-3/2016976059
5284754457,GIL: Idiopathic Pulmonary Fibrosis - frozen tissue,GIL,NO NUMBER,,,,no MT number in the deal name,,,,,,,https://app.hubspot.com/contacts/7423331/record/0-3/5284754457
12166533156,GIL: IO bank - plasma,GIL,NO NUMBER,,,,no MT number in the deal name,,,,,,,https://app.hubspot.com/contacts/7423331/record/0-3/12166533156
15654720567,GIL: IPF - fixed and frozen transplant tissue,GIL,NO NUMBER,,,,no MT number in the deal name,,,,,,,https://app.hubspot.com/contacts/7423331/record/0-3/15654720567
10876138097,"GIL: Lupus nephritis - FFPE, plasma, urine",GIL,NO NUMBER,,,,no MT number in the deal name,,,,,,,https://app.hubspot.com/contacts/7423331/record/0-3/10876138097
6224446011,"GIL: Lupus nephritis - tissue, plasma, urine (if possible)",GIL,NO NUMBER,,,,no MT number in the deal name,,,,,,,https://app.hubspot.com/contacts/7423331/record/0-3/6224446011
9011617815,GIL: MDS & AML - BMMC & PBMC,GIL,NO NUMBER,,,,no MT number in the deal name,,,,,,,https://app.hubspot.com/contacts/7423331/record/0-3/9011617815
2441091092,GIL: Multiple myeloma - BMMC,GIL,NO NUMBER,,,,no MT number in the deal name,,,,,,,https://app.hubspot.com/contacts/7423331/record/0-3/2441091092
4044968269,GIL: Myeloma - serum,GIL,NO NUMBER,,,,no MT number in the deal name,,,,,,,https://app.hubspot.com/contacts/7423331/record/0-3/4044968269
14635630355,GIL: NASH and normal - frozen transplant tissue,GIL,NO NUMBER,,,,no MT number in the deal name,,,,,,,https://app.hubspot.com/contacts/7423331/record/0-3/14635630355
18369210018,GIL: NASH F3/F4 liver biopsies - FFPE,GIL,NO NUMBER,,,,no MT number in the deal name,,,,,,,https://app.hubspot.com/contacts/7423331/record/0-3/18369210018
8658947604,GIL: Normal tonsil - fresh tissue,GIL,NO NUMBER,,,,no MT number in the deal name,,,,,,,https://app.hubspot.com/contacts/7423331/record/0-3/8658947604
2956505149,GIL: NSCLC - frozen tumor and FFPE,GIL,NO NUMBER,,,,no MT number in the deal name,,,,,,,https://app.hubspot.com/contacts/7423331/record/0-3/2956505149
1943680849,"GIL: NSCLC - serum, plasma & FFPE",GIL,NO NUMBER,,,,no MT number in the deal name,,,,,,,https://app.hubspot.com/contacts/7423331/record/0-3/1943680849
38741619491,GIL: NSCLC and Breast - fresh tissue,GIL,NO NUMBER,,,,no MT number in the deal name,,,,,,,https://app.hubspot.com/contacts/7423331/record/0-3/38741619491
64333754422,GIL: Panc & CRC - tissue,GIL,NO NUMBER,,,,no MT number in the deal name,,,,,,,https://app.hubspot.com/contacts/7423331/record/0-3/64333754422
5309968526,GIL: Pediatric AML - marrow or high blast PBMCs,GIL,NO NUMBER,,,,no MT number in the deal name,,,,,,,https://app.hubspot.com/contacts/7423331/record/0-3/5309968526
60964805772,GIL: Post CAR-T or TCE multiple myeloma - blood,GIL,NO NUMBER,,,,no MT number in the deal name,,,,,,,https://app.hubspot.com/contacts/7423331/record/0-3/60964805772
17244859700,GIL: Psoriasis - serum (longitudinal),GIL,NO NUMBER,,,,no MT number in the deal name,,,,,,,https://app.hubspot.com/contacts/7423331/record/0-3/17244859700
17244863596,"GIL: Psoriasis and Healthy - serum, fresh frozen skin, FFPE",GIL,NO NUMBER,,,,no MT number in the deal name,,,,,,,https://app.hubspot.com/contacts/7423331/record/0-3/17244863596
2658552043,"GIL: RA + smokers - WB, serum, plasma",GIL,NO NUMBER,,,,no MT number in the deal name,,,,,,,https://app.hubspot.com/contacts/7423331/record/0-3/2658552043
9819836535,GIL: SCLC - FFPE,GIL,NO NUMBER,,,,no MT number in the deal name,,,,,,,https://app.hubspot.com/contacts/7423331/record/0-3/9819836535
28420379414,GIL: SCLC - FNA FFPE,GIL,NO NUMBER,,,,no MT number in the deal name,,,,,,,https://app.hubspot.com/contacts/7423331/record/0-3/28420379414
19251575579,GIL: TNBC - FFPE and plasma,GIL,NO NUMBER,,,,no MT number in the deal name,,,,,,,https://app.hubspot.com/contacts/7423331/record/0-3/19251575579
11228393905,GIL: Treated Crohn's and ulcerative colitis - 6 biopsies,GIL,NO NUMBER,,,,no MT number in the deal name,,,,,,,https://app.hubspot.com/contacts/7423331/record/0-3/11228393905
10857128970,GIL: Ulcerative colitis - biopsies w/ 4 timed fixations,GIL,NO NUMBER,,,,no MT number in the deal name,,,,,,,https://app.hubspot.com/contacts/7423331/record/0-3/10857128970
21515084114,GIL: Ulcerative colitis - whole blood,GIL,NO NUMBER,,,,no MT number in the deal name,,,,,,,https://app.hubspot.com/contacts/7423331/record/0-3/21515084114
9819582231,GIL: Unvaccinated / no previous infection COVID - serum,GIL,NO NUMBER,,,,no MT number in the deal name,,,,,,,https://app.hubspot.com/contacts/7423331/record/0-3/9819582231
8724265768,GLP: NASH - Matched FFPE and Serum,GLP,NO NUMBER,,,,no MT number in the deal name,,,,,,,https://app.hubspot.com/contacts/7423331/record/0-3/8724265768
2260458507,GNK: COVID - saliva / NP swabs,GNK,NO NUMBER,,,,no MT number in the deal name,,,,,,,https://app.hubspot.com/contacts/7423331/record/0-3/2260458507
3063078340,GNK: COVID all comers - swabs & saliva,GNK,NO NUMBER,,,,no MT number in the deal name,,,,,,,https://app.hubspot.com/contacts/7423331/record/0-3/3063078340
31603475719,GNT:  Normal and infarcted myocardium - FFPE,GNT,NO NUMBER,,,,no MT number in the deal name,,,,,,,https://app.hubspot.com/contacts/7423331/record/0-3/31603475719
17277947455,"GNT: Acute Lung Injury and ARDS - Cryopreserved cells, endotracheal aspirate, serum, plasma",GNT,NO NUMBER,,,,no MT number in the deal name,,,,,,,https://app.hubspot.com/contacts/7423331/record/0-3/17277947455
22200269745,GNT: Additional controls - blood,GNT,NO NUMBER,,,,no MT number in the deal name,,,,,,,https://app.hubspot.com/contacts/7423331/record/0-3/22200269745
28462601576,GNT: Adenomas - FFPE,GNT,NO NUMBER,,,,no MT number in the deal name,,,,,,,https://app.hubspot.com/contacts/7423331/record/0-3/28462601576
19048219778,GNT: AML - fresh / frozen BMA BMMC,GNT,NO NUMBER,,,,no MT number in the deal name,,,,,,,https://app.hubspot.com/contacts/7423331/record/0-3/19048219778
2950525730,GNT: AML - marrow,GNT,NO NUMBER,,,,no MT number in the deal name,,,,,,,https://app.hubspot.com/contacts/7423331/record/0-3/2950525730
5925529484,"GNT: Bladder, RCC, NSCLC - tumor, NAT, blood",GNT,NO NUMBER,,,,no MT number in the deal name,,,,,,,https://app.hubspot.com/contacts/7423331/record/0-3/5925529484
33935016258,GNT: Cardio-metabolic diseases and/ or obesity - longitudinal blood,GNT,NO NUMBER,,,,no MT number in the deal name,,,,,,,https://app.hubspot.com/contacts/7423331/record/0-3/33935016258
3246714374,"GNT: Chronic kidney disease - plasma, serum, urine",GNT,NO NUMBER,,,,no MT number in the deal name,,,,,,,https://app.hubspot.com/contacts/7423331/record/0-3/3246714374
6611970316,GNT: CRC KRAS - OCT frozen tissue,GNT,NO NUMBER,,,,no MT number in the deal name,,,,,,,https://app.hubspot.com/contacts/7423331/record/0-3/6611970316
5286193695,GNT: CRC wild type & KRAS mutation - frozen tissue,GNT,NO NUMBER,,,,no MT number in the deal name,,,,,,,https://app.hubspot.com/contacts/7423331/record/0-3/5286193695
8444921213,"GNT: CRC, NSCLC - plasma with optional buffy coat, serum, FFPE, FF",GNT,NO NUMBER,,,,no MT number in the deal name,,,,,,,https://app.hubspot.com/contacts/7423331/record/0-3/8444921213
4374946662,GNT: Crohn's - FFPE,GNT,NO NUMBER,,,,no MT number in the deal name,,,,,,,https://app.hubspot.com/contacts/7423331/record/0-3/4374946662
4375004790,GNT: Crohn's - FFPE & plasma,GNT,NO NUMBER,,,,no MT number in the deal name,,,,,,,https://app.hubspot.com/contacts/7423331/record/0-3/4375004790
2401447469,"GNT: DLBCL - plasma, serum, PBMCs",GNT,NO NUMBER,,,,no MT number in the deal name,,,,,,,https://app.hubspot.com/contacts/7423331/record/0-3/2401447469
15690868843,GNT: Healthy - Fresh Frozen Skin Punch Biopsies,GNT,NO NUMBER,,,,no MT number in the deal name,,,,,,,https://app.hubspot.com/contacts/7423331/record/0-3/15690868843
8128300175,GNT: Healthy - urine,GNT,NO NUMBER,,,,no MT number in the deal name,,,,,,,https://app.hubspot.com/contacts/7423331/record/0-3/8128300175
12549527878,GNT: Healthy and IBD - tissue,GNT,NO NUMBER,,,,no MT number in the deal name,,,,,,,https://app.hubspot.com/contacts/7423331/record/0-3/12549527878
10321329080,GNT: Healthy skin - tissue,GNT,NO NUMBER,,,,no MT number in the deal name,,,,,,,https://app.hubspot.com/contacts/7423331/record/0-3/10321329080
11953259446,GNT: Healthy/IBD - fresh tissue,GNT,NO NUMBER,,,,no MT number in the deal name,,,,,,,https://app.hubspot.com/contacts/7423331/record/0-3/11953259446
13820694392,GNT: HER2+ Breast & Gastric Cancer - 5 blocks,GNT,NO NUMBER,,,,no MT number in the deal name,,,,,,,https://app.hubspot.com/contacts/7423331/record/0-3/13820694392
17550369286,GNT: HER2+ Breast Cancer - FFPE,GNT,NO NUMBER,,,,no MT number in the deal name,,,,,,,https://app.hubspot.com/contacts/7423331/record/0-3/17550369286
19904097708,GNT: IBD - pinch biopsies,GNT,NO NUMBER,,,,no MT number in the deal name,,,,,,,https://app.hubspot.com/contacts/7423331/record/0-3/19904097708
13245594454,GNT: IBS - tissue,GNT,NO NUMBER,,,,no MT number in the deal name,,,,,,,https://app.hubspot.com/contacts/7423331/record/0-3/13245594454
19711025444,GNT: Interstitial Lung Disease - BAL,GNT,NO NUMBER,,,,no MT number in the deal name,,,,,,,https://app.hubspot.com/contacts/7423331/record/0-3/19711025444
13902143102,GNT: Keloid & HV - skin tissue,GNT,NO NUMBER,,,,no MT number in the deal name,,,,,,,https://app.hubspot.com/contacts/7423331/record/0-3/13902143102
10773886039,GNT: Keloid - tissue,GNT,NO NUMBER,,,,no MT number in the deal name,,,,,,,https://app.hubspot.com/contacts/7423331/record/0-3/10773886039
9626441553,GNT: Late stage HR+/HER2- breast & prostate and matched healthies - plasma and serum,GNT,NO NUMBER,,,,no MT number in the deal name,,,,,,,https://app.hubspot.com/contacts/7423331/record/0-3/9626441553
5170478148,GNT: Melanoma mutants - frozen tissue,GNT,NO NUMBER,,,,no MT number in the deal name,,,,,,,https://app.hubspot.com/contacts/7423331/record/0-3/5170478148
18407275044,GNT: Multiple Myeloma - Bone marrow aspirate and whole blood,GNT,NO NUMBER,,,,no MT number in the deal name,,,,,,,https://app.hubspot.com/contacts/7423331/record/0-3/18407275044
20552648849,GNT: Multiple sclerosis and healthy - PBMC multiple collections,GNT,NO NUMBER,,,,no MT number in the deal name,,,,,,,https://app.hubspot.com/contacts/7423331/record/0-3/20552648849
3455121089,GNT: Myeloma - blood,GNT,NO NUMBER,,,,no MT number in the deal name,,,,,,,https://app.hubspot.com/contacts/7423331/record/0-3/3455121089
3988359339,GNT: Myeloma - fresh marrow aspirate or frozen BMMC,GNT,NO NUMBER,,,,no MT number in the deal name,,,,,,,https://app.hubspot.com/contacts/7423331/record/0-3/3988359339
4635304556,GNT: NAFLD - FFPE & plasma,GNT,NO NUMBER,,,,no MT number in the deal name,,,,,,,https://app.hubspot.com/contacts/7423331/record/0-3/4635304556
18899479149,GNT: NSCLC & smokers - serum,GNT,NO NUMBER,,,,no MT number in the deal name,,,,,,,https://app.hubspot.com/contacts/7423331/record/0-3/18899479149
4890603047,GNT: NSCLC ALK Fusion - FFPE,GNT,NO NUMBER,,,,no MT number in the deal name,,,,,,,https://app.hubspot.com/contacts/7423331/record/0-3/4890603047
5578695040,GNT: NSCLC or UBC (Bladder) - FFPE & OCT frozen,GNT,NO NUMBER,,,,no MT number in the deal name,,,,,,,https://app.hubspot.com/contacts/7423331/record/0-3/5578695040
4889856946,"GNT: NSCLC, TNBC, CRC Radiation - FFPE",GNT,NO NUMBER,,,,no MT number in the deal name,,,,,,,https://app.hubspot.com/contacts/7423331/record/0-3/4889856946
10490073857,GNT: PDAC & HCC - FFPE & plasma,GNT,NO NUMBER,,,,no MT number in the deal name,,,,,,,https://app.hubspot.com/contacts/7423331/record/0-3/10490073857
5670801753,GNT: Pediatric tumors - FFPE,GNT,NO NUMBER,,,,no MT number in the deal name,,,,,,,https://app.hubspot.com/contacts/7423331/record/0-3/5670801753
13606251888,"GNT: primary and met NSCLC, Urothelial carcinoma, Ovarian, HNSCC, Esophageal carcinoma - FFPE",GNT,NO NUMBER,,,,no MT number in the deal name,,,,,,,https://app.hubspot.com/contacts/7423331/record/0-3/13606251888
13607408491,"GNT: sqNSCLC, ovarian, HNSCC, urothelial, and esophageal - frozen tissue and FFPE",GNT,NO NUMBER,,,,no MT number in the deal name,,,,,,,https://app.hubspot.com/contacts/7423331/record/0-3/13607408491
5000928525,GNT: Thyroid cancer & NSCLC RET mutations - FFPE & plasma,GNT,NO NUMBER,,,,no MT number in the deal name,,,,,,,https://app.hubspot.com/contacts/7423331/record/0-3/5000928525
7276820253,GNT: Thyroid cancer - plasma,GNT,NO NUMBER,,,,no MT number in the deal name,,,,,,,https://app.hubspot.com/contacts/7423331/record/0-3/7276820253
20329691405,GRL: Cancer and no cancer with dyspepsia - blood,GRL,NO NUMBER,,,,no MT number in the deal name,,,,,,,https://app.hubspot.com/contacts/7423331/record/0-3/20329691405
21259258708,GRL: Expired tubes healthy - blood,GRL,NO NUMBER,,,,no MT number in the deal name,,,,,,,https://app.hubspot.com/contacts/7423331/record/0-3/21259258708
20839626895,GRL: Healthy - blood,GRL,NO NUMBER,,,,no MT number in the deal name,,,,,,,https://app.hubspot.com/contacts/7423331/record/0-3/20839626895
20061537710,GRL: Healthy - whole blood,GRL,NO NUMBER,,,,no MT number in the deal name,,,,,,,https://app.hubspot.com/contacts/7423331/record/0-3/20061537710
17761369158,GRL: Longitudinal CRC,GRL,NO NUMBER,,,,no MT number in the deal name,,,,,,,https://app.hubspot.com/contacts/7423331/record/0-3/17761369158
17761369255,GRL: Longitudinal TNBC,GRL,NO NUMBER,,,,no MT number in the deal name,,,,,,,https://app.hubspot.com/contacts/7423331/record/0-3/17761369255
20838286353,GRL: Multicancer - plasma,GRL,NO NUMBER,,,,no MT number in the deal name,,,,,,,https://app.hubspot.com/contacts/7423331/record/0-3/20838286353
10552255264,GSK: Cancer - tissue,GSK,NO NUMBER,,,,no MT number in the deal name,,,,,,,https://app.hubspot.com/contacts/7423331/record/0-3/10552255264
10684939810,GSK: Celiac disease - biopsy tissue,GSK,NO NUMBER,,,,no MT number in the deal name,,,,,,,https://app.hubspot.com/contacts/7423331/record/0-3/10684939810
9545798170,GSK: Endometrial implants - fresh tissue,GSK,NO NUMBER,,,,no MT number in the deal name,,,,,,,https://app.hubspot.com/contacts/7423331/record/0-3/9545798170
12346367365,"GSK: Endometrial, H&N, NSCLC, ovarian, RCC - fresh tissue",GSK,NO NUMBER,,,,no MT number in the deal name,,,,,,,https://app.hubspot.com/contacts/7423331/record/0-3/12346367365
8987755415,"GSK: NSCLC, H&N, breast, gastric, panc - tissue",GSK,NO NUMBER,,,,no MT number in the deal name,,,,,,,https://app.hubspot.com/contacts/7423331/record/0-3/8987755415
4470256750,GSK: Synovial sarcoma & myxoid/round cell liposarcoma - FFPE,GSK,NO NUMBER,,,,no MT number in the deal name,,,,,,,https://app.hubspot.com/contacts/7423331/record/0-3/4470256750
62660909108,GSK: Systemic sclerosis - PBMCs and plasma,GSK,NO NUMBER,,,,no MT number in the deal name,,,,,,,https://app.hubspot.com/contacts/7423331/record/0-3/62660909108
7415862624,GSK: Uterus and liver - fresh tissue,GSK,NO NUMBER,,,,no MT number in the deal name,,,,,,,https://app.hubspot.com/contacts/7423331/record/0-3/7415862624
3042295740,GSY: AML - blood and marrow,GSY,NO NUMBER,,,,no MT number in the deal name,,,,,,,https://app.hubspot.com/contacts/7423331/record/0-3/3042295740
62985377338,GTX: IBD - Biopsies + PBMCs,GTX,NO NUMBER,,,,no MT number in the deal name,,,,,,,https://app.hubspot.com/contacts/7423331/record/0-3/62985377338
4131483577,H3B: At diagnosis RCC - tissue & blood,H3B,NO NUMBER,,,,no MT number in the deal name,,,,,,,https://app.hubspot.com/contacts/7423331/record/0-3/4131483577
4317586433,H3B: At relapse RCC - blood,H3B,NO NUMBER,,,,no MT number in the deal name,,,,,,,https://app.hubspot.com/contacts/7423331/record/0-3/4317586433
4911813972,H3B: Metastatic Bladder - FFPE,H3B,NO NUMBER,,,,no MT number in the deal name,,,,,,,https://app.hubspot.com/contacts/7423331/record/0-3/4911813972
2899601641,H3B: Primary & met bladder cancer - FFPE,H3B,NO NUMBER,,,,no MT number in the deal name,,,,,,,https://app.hubspot.com/contacts/7423331/record/0-3/2899601641
10710206738,HBI: Cord blood,HBI,NO NUMBER,,,,no MT number in the deal name,,,,,,,https://app.hubspot.com/contacts/7423331/record/0-3/10710206738
6085966662,HBM: Cancer - serum,HBM,NO NUMBER,,,,no MT number in the deal name,,,,,,,https://app.hubspot.com/contacts/7423331/record/0-3/6085966662
2337745673,HDB: Amyloidosis - whole blood,HDB,NO NUMBER,,,,no MT number in the deal name,,,,,,,https://app.hubspot.com/contacts/7423331/record/0-3/2337745673
18000234262,"HDB: CRC, Breast, Lung - fresh tissue",HDB,NO NUMBER,,,,no MT number in the deal name,,,,,,,https://app.hubspot.com/contacts/7423331/record/0-3/18000234262
1861802762,"HDB: NSCLC - tumor, NAT & blood",HDB,NO NUMBER,,,,no MT number in the deal name,,,,,,,https://app.hubspot.com/contacts/7423331/record/0-3/1861802762
17731700917,HDB: Post ADC Treatment - fresh tumor,HDB,NO NUMBER,,,,no MT number in the deal name,,,,,,,https://app.hubspot.com/contacts/7423331/record/0-3/17731700917
33658922378,"HDB: TNBC, H&N , CRC - fresh tissue",HDB,NO NUMBER,,,,no MT number in the deal name,,,,,,,https://app.hubspot.com/contacts/7423331/record/0-3/33658922378
58295650594,HDL: mCRC - Core Needle Biopsies,HDL,NO NUMBER,,,,no MT number in the deal name,,,,,,,https://app.hubspot.com/contacts/7423331/record/0-3/58295650594
40670317497,HFB: Ankylosing spondylitis & PsA - synovial fluid & blood,HFB,NO NUMBER,,,,no MT number in the deal name,,,,,,,https://app.hubspot.com/contacts/7423331/record/0-3/40670317497
18092837133,HFB: Cancer - tissue,HFB,NO NUMBER,,,,no MT number in the deal name,,,,,,,https://app.hubspot.com/contacts/7423331/record/0-3/18092837133
4719687567,"HFB: Lung, kidney, H&N - DTC",HFB,NO NUMBER,,,,no MT number in the deal name,,,,,,,https://app.hubspot.com/contacts/7423331/record/0-3/4719687567
4908154894,HFB: Lupus - PBMCs,HFB,NO NUMBER,,,,no MT number in the deal name,,,,,,,https://app.hubspot.com/contacts/7423331/record/0-3/4908154894
4719687768,HFB: MS & healthy - CSF,HFB,NO NUMBER,,,,no MT number in the deal name,,,,,,,https://app.hubspot.com/contacts/7423331/record/0-3/4719687768
4722449588,HFB: SjS - blood,HFB,NO NUMBER,,,,no MT number in the deal name,,,,,,,https://app.hubspot.com/contacts/7423331/record/0-3/4722449588
42830914160,HHT: Advanced Adenoma - Plasma,HHT,NO NUMBER,,,,no MT number in the deal name,,,,,,,https://app.hubspot.com/contacts/7423331/record/0-3/42830914160
16041468441,HHT: Colonoscopy for advanced adenoma - plasma,HHT,NO NUMBER,,,,no MT number in the deal name,,,,,,,https://app.hubspot.com/contacts/7423331/record/0-3/16041468441
51514421641,"HHT: CRC, NAT, AA - FFPE + Plasma",HHT,NO NUMBER,,,,no MT number in the deal name,,,,,,,https://app.hubspot.com/contacts/7423331/record/0-3/51514421641
14047172964,HHT: Esophageal pre-cancer - FFPE & plasma,HHT,NO NUMBER,,,,no MT number in the deal name,,,,,,,https://app.hubspot.com/contacts/7423331/record/0-3/14047172964
59963571839,HHT: Healthy - Whole Blood,HHT,NO NUMBER,,,,no MT number in the deal name,,,,,,,https://app.hubspot.com/contacts/7423331/record/0-3/59963571839
14012781879,HHT: Longitudinal pre-treatment cancer - plasma & buffy coat,HHT,NO NUMBER,,,,no MT number in the deal name,,,,,,,https://app.hubspot.com/contacts/7423331/record/0-3/14012781879
14086659636,"HHT: Longitudinal pre-treatment, pre-cancer - plasma & buffy coat",HHT,NO NUMBER,,,,no MT number in the deal name,,,,,,,https://app.hubspot.com/contacts/7423331/record/0-3/14086659636
19571270250,HIB: lung NAT - fresh tissue,HIB,NO NUMBER,,,,no MT number in the deal name,,,,,,,https://app.hubspot.com/contacts/7423331/record/0-3/19571270250
55478344576,HMS: Normal Bladder - Tissue,HMS,NO NUMBER,,,,no MT number in the deal name,,,,,,,https://app.hubspot.com/contacts/7423331/record/0-3/55478344576
34585815712,HOL: Breast cancer - FFPE,HOL,NO NUMBER,,,,no MT number in the deal name,,,,,,,https://app.hubspot.com/contacts/7423331/record/0-3/34585815712
28990173719,"HSG: Bladder, breast, lung, ovarian - FFPE, plasma, buffy with 24 month outcome",HSG,NO NUMBER,,,,no MT number in the deal name,,,,,,,https://app.hubspot.com/contacts/7423331/record/0-3/28990173719
13607295094,HSO: Breast & NSCLC - slides + longitudinal plasma,HSO,NO NUMBER,,,,no MT number in the deal name,,,,,,,https://app.hubspot.com/contacts/7423331/record/0-3/13607295094
14135760488,HSO: Longitudinal pre/on/post cancer - FFPE & plasma,HSO,NO NUMBER,,,,no MT number in the deal name,,,,,,,https://app.hubspot.com/contacts/7423331/record/0-3/14135760488
6893004672,HSO: Pan cancer Stage III/IV - FFPE & plasma,HSO,NO NUMBER,,,,no MT number in the deal name,,,,,,,https://app.hubspot.com/contacts/7423331/record/0-3/6893004672
6893041505,HSO: Pan cancer Stage IV - plasma only,HSO,NO NUMBER,,,,no MT number in the deal name,,,,,,,https://app.hubspot.com/contacts/7423331/record/0-3/6893041505
12974063757,HSP: RA - plasma & PBMC,HSP,NO NUMBER,,,,no MT number in the deal name,,,,,,,https://app.hubspot.com/contacts/7423331/record/0-3/12974063757
7866115638,"HTG: HNSCC, NSCLC - FFPE",HTG,NO NUMBER,,,,no MT number in the deal name,,,,,,,https://app.hubspot.com/contacts/7423331/record/0-3/7866115638
4279939189,HTL: Influenza & RSV - swabs,HTL,NO NUMBER,,,,no MT number in the deal name,,,,,,,https://app.hubspot.com/contacts/7423331/record/0-3/4279939189
15992805497,"HXG: Breast, Lung, Thyroid - Matched FFPE (tumor and NAT)",HXG,NO NUMBER,,,,no MT number in the deal name,,,,,,,https://app.hubspot.com/contacts/7423331/record/0-3/15992805497
13957787825,HXG: HBV history cancer - FFPE or frozen,HXG,NO NUMBER,,,,no MT number in the deal name,,,,,,,https://app.hubspot.com/contacts/7423331/record/0-3/13957787825
3312305752,"ICV: Breast, H&N, blad, mela - tumor, blood, serum",ICV,NO NUMBER,,,,no MT number in the deal name,,,,,,,https://app.hubspot.com/contacts/7423331/record/0-3/3312305752
2956484544,"ICY:  Myelofibrosis or essential thrombocythemia - marrow, plasma",ICY,NO NUMBER,,,,no MT number in the deal name,,,,,,,https://app.hubspot.com/contacts/7423331/record/0-3/2956484544
33359080334,ICY: Pancreatic cancer - FFPE,ICY,NO NUMBER,,,,no MT number in the deal name,,,,,,,https://app.hubspot.com/contacts/7423331/record/0-3/33359080334
9922978316,ILM: 10 cancers - plasma,ILM,NO NUMBER,,,,no MT number in the deal name,,,,,,,https://app.hubspot.com/contacts/7423331/record/0-3/9922978316
10488703009,ILM: 500 healthies - plasma,ILM,NO NUMBER,,,,no MT number in the deal name,,,,,,,https://app.hubspot.com/contacts/7423331/record/0-3/10488703009
12011406413,ILM: Aged 60+ healthies - blood,ILM,NO NUMBER,,,,no MT number in the deal name,,,,,,,https://app.hubspot.com/contacts/7423331/record/0-3/12011406413
14829833862,"ILM: CDx MRD assay validation breast, CRC, NSCLC - FFPE, plasma, buffy coat",ILM,NO NUMBER,,,,no MT number in the deal name,,,,,,,https://app.hubspot.com/contacts/7423331/record/0-3/14829833862
12179748678,ILM: healthy MRD - blood,ILM,NO NUMBER,,,,no MT number in the deal name,,,,,,,https://app.hubspot.com/contacts/7423331/record/0-3/12179748678
2866903523,"ILM: NSCLC, mela, blad - FFPE or frozen tis & plasma",ILM,NO NUMBER,,,,no MT number in the deal name,,,,,,,https://app.hubspot.com/contacts/7423331/record/0-3/2866903523
12179752991,"ILM: Stage I-III Breast, CRC, lung, melanoma - FFPE tumor and NAT, frozen tissue, plasma, and buffy coat",ILM,NO NUMBER,,,,no MT number in the deal name,,,,,,,https://app.hubspot.com/contacts/7423331/record/0-3/12179752991
12179752714,"ILM: Stage I-III Breast, CRC, lung, melanoma - FFPE, plasma and buffy coat",ILM,NO NUMBER,,,,no MT number in the deal name,,,,,,,https://app.hubspot.com/contacts/7423331/record/0-3/12179752714
13059356809,"ILM: Stage III-IV breast, CRC, ovarian, prostate - plasma",ILM,NO NUMBER,,,,no MT number in the deal name,,,,,,,https://app.hubspot.com/contacts/7423331/record/0-3/13059356809
10784196400,ILM: Stage IIIB-IV CRC & endometrial - FFPE,ILM,NO NUMBER,,,,no MT number in the deal name,,,,,,,https://app.hubspot.com/contacts/7423331/record/0-3/10784196400
60327808297,IMC: Esophageal - Fresh Tissue,IMC,NO NUMBER,,,,no MT number in the deal name,,,,,,,https://app.hubspot.com/contacts/7423331/record/0-3/60327808297
15547003458,IMC: Esophageal cancer and normal esophagus - FFPE,IMC,NO NUMBER,,,,no MT number in the deal name,,,,,,,https://app.hubspot.com/contacts/7423331/record/0-3/15547003458
14531740421,"IMC: Lung cancer - FFPE, frozen tissue",IMC,NO NUMBER,,,,no MT number in the deal name,,,,,,,https://app.hubspot.com/contacts/7423331/record/0-3/14531740421
42656967546,IMN: CRC - whole blood,IMN,NO NUMBER,,,,no MT number in the deal name,,,,,,,https://app.hubspot.com/contacts/7423331/record/0-3/42656967546
53466482216,IMN: CRC and RCC - fresh tissue and whole blood,IMN,NO NUMBER,,,,no MT number in the deal name,,,,,,,https://app.hubspot.com/contacts/7423331/record/0-3/53466482216
62455765379,IMN: NSCLC and CRC post-standard of care Tx FFPE ,IMN,NO NUMBER,,,,no MT number in the deal name,,,,,,,https://app.hubspot.com/contacts/7423331/record/0-3/62455765379
42656970424,"IMN: NSCLC, Gastric, RCC, HCC - Fresh tissue and whole blood ",IMN,NO NUMBER,,,,no MT number in the deal name,,,,,,,https://app.hubspot.com/contacts/7423331/record/0-3/42656970424
63027944330,IMN: TNBC - Fresh or Frozen Tissue,IMN,NO NUMBER,,,,no MT number in the deal name,,,,,,,https://app.hubspot.com/contacts/7423331/record/0-3/63027944330
10433763727,"IMS: Breast, CRC, NSCLC, RCC - tissue & blood",IMS,NO NUMBER,,,,no MT number in the deal name,,,,,,,https://app.hubspot.com/contacts/7423331/record/0-3/10433763727
1929109518,INB: COVID 1,INB,NO NUMBER,,,,no MT number in the deal name,,,,,,,https://app.hubspot.com/contacts/7423331/record/0-3/1929109518
7801320331,INB: Healthy - leukopak,INB,NO NUMBER,,,,no MT number in the deal name,,,,,,,https://app.hubspot.com/contacts/7423331/record/0-3/7801320331
9605143141,IOS: NASH vs. normal liver - fresh biopsies,IOS,NO NUMBER,,,,no MT number in the deal name,,,,,,,https://app.hubspot.com/contacts/7423331/record/0-3/9605143141
6708399414,IOV: Academic cancer collaboration - tissue & blood,IOV,NO NUMBER,,,,no MT number in the deal name,,,,,,,https://app.hubspot.com/contacts/7423331/record/0-3/6708399414
8894954628,"IOV: International melanoma, cervical, lung, H&N and breast - fresh tissue",IOV,NO NUMBER,,,,no MT number in the deal name,,,,,,,https://app.hubspot.com/contacts/7423331/record/0-3/8894954628
64338541896,"IQV - Myasthenia Gravis, Sjogren’s Syndrome - serum",IQV,NO NUMBER,,,,no MT number in the deal name,,,,,,,https://app.hubspot.com/contacts/7423331/record/0-3/64338541896
63717429545,"IQV: Graves', Thyroid Eye Disease (TED) - Serum",IQV,NO NUMBER,,,,no MT number in the deal name,,,,,,,https://app.hubspot.com/contacts/7423331/record/0-3/63717429545
6312656429,ITV: Disease bank - serum,ITV,NO NUMBER,,,,no MT number in the deal name,,,,,,,https://app.hubspot.com/contacts/7423331/record/0-3/6312656429
6267655081,ITV: IO bank - plasma,ITV,NO NUMBER,,,,no MT number in the deal name,,,,,,,https://app.hubspot.com/contacts/7423331/record/0-3/6267655081
6600560644,IVA: NSCLC - FFPE & plasma,IVA,NO NUMBER,,,,no MT number in the deal name,,,,,,,https://app.hubspot.com/contacts/7423331/record/0-3/6600560644
10161644064,"IVR: Healthy pilot - blood, plasma, serum, urine",IVR,NO NUMBER,,,,no MT number in the deal name,,,,,,,https://app.hubspot.com/contacts/7423331/record/0-3/10161644064
9343541428,"IVT: Breast, H&N, NSCLC - FFPE, plasma, buffy coat",IVT,NO NUMBER,,,,no MT number in the deal name,,,,,,,https://app.hubspot.com/contacts/7423331/record/0-3/9343541428
30143076946,IVX: Glioblastoma - tissue,IVX,NO NUMBER,,,,no MT number in the deal name,,,,,,,https://app.hubspot.com/contacts/7423331/record/0-3/30143076946
7466054164,"IVX: Ovarian, endometrial, GBM - large tumor",IVX,NO NUMBER,,,,no MT number in the deal name,,,,,,,https://app.hubspot.com/contacts/7423331/record/0-3/7466054164
64338479440,"JNJ - Prostate cancer, metastatic - tissue",JNJ,NO NUMBER,,,,no MT number in the deal name,,,,,,,https://app.hubspot.com/contacts/7423331/record/0-3/64338479440
8006061937,JNJ: 1000 healthy females child-bearing age - serum & plasma,JNJ,NO NUMBER,,,,no MT number in the deal name,,,,,,,https://app.hubspot.com/contacts/7423331/record/0-3/8006061937
8006085262,JNJ: 1000 longitudinal healthy pregnant - serum & plasma,JNJ,NO NUMBER,,,,no MT number in the deal name,,,,,,,https://app.hubspot.com/contacts/7423331/record/0-3/8006085262
54744572732,"JNJ: Asthma, COPD, and healthies - nasal swabs",JNJ,NO NUMBER,,,,no MT number in the deal name,,,,,,,https://app.hubspot.com/contacts/7423331/record/0-3/54744572732
37116318321,JNJ: Atopic derm - same day skin biopsies & blood,JNJ,NO NUMBER,,,,no MT number in the deal name,,,,,,,https://app.hubspot.com/contacts/7423331/record/0-3/37116318321
54359309694,JNJ: Atopic derm on Dupi and not-on-Dupi - tissue & serum,JNJ,NO NUMBER,,,,no MT number in the deal name,,,,,,,https://app.hubspot.com/contacts/7423331/record/0-3/54359309694
33422760853,JNJ: Atopic dermatitis - treated biopsies,JNJ,NO NUMBER,,,,no MT number in the deal name,,,,,,,https://app.hubspot.com/contacts/7423331/record/0-3/33422760853
20906367659,JNJ: Atopic dermatitis - whole blood and serum,JNJ,NO NUMBER,,,,no MT number in the deal name,,,,,,,https://app.hubspot.com/contacts/7423331/record/0-3/20906367659
21194792002,"JNJ: Atopic Dermatitis - whole blood, serum, skin punch biopsies",JNJ,NO NUMBER,,,,no MT number in the deal name,,,,,,,https://app.hubspot.com/contacts/7423331/record/0-3/21194792002
15061540748,JNJ: Atopic dermatitis and healthy - blood,JNJ,NO NUMBER,,,,no MT number in the deal name,,,,,,,https://app.hubspot.com/contacts/7423331/record/0-3/15061540748
2956458485,JNJ: Autoimmune - FFPE & frozen tissue,JNJ,NO NUMBER,,,,no MT number in the deal name,,,,,,,https://app.hubspot.com/contacts/7423331/record/0-3/2956458485
2363710114,JNJ: Autoimmune 2 - biopsies,JNJ,NO NUMBER,,,,no MT number in the deal name,,,,,,,https://app.hubspot.com/contacts/7423331/record/0-3/2363710114
35852512882,JNJ: Cataract - aqueous humor,JNJ,NO NUMBER,,,,no MT number in the deal name,,,,,,,https://app.hubspot.com/contacts/7423331/record/0-3/35852512882
15799035276,JNJ: Cryopreserved UC & normal - tissue,JNJ,NO NUMBER,,,,no MT number in the deal name,,,,,,,https://app.hubspot.com/contacts/7423331/record/0-3/15799035276
64338356258,JNJ: Gastric Cancer and Normal Adjacent - tissue,JNJ,NO NUMBER,,,,no MT number in the deal name,,,,,,,https://app.hubspot.com/contacts/7423331/record/0-3/64338356258
35852512520,JNJ: Geographic atrophy - whole eyes,JNJ,NO NUMBER,,,,no MT number in the deal name,,,,,,,https://app.hubspot.com/contacts/7423331/record/0-3/35852512520
38741679987,JNJ: Geography atrophy - aqueous humor,JNJ,NO NUMBER,,,,no MT number in the deal name,,,,,,,https://app.hubspot.com/contacts/7423331/record/0-3/38741679987
60231837308,"JNJ: IBD & normal - frozen tissue, serum, PBMCs",JNJ,NO NUMBER,,,,no MT number in the deal name,,,,,,,https://app.hubspot.com/contacts/7423331/record/0-3/60231837308
4433754239,JNJ: IBD & skin disease - tissue,JNJ,NO NUMBER,,,,no MT number in the deal name,,,,,,,https://app.hubspot.com/contacts/7423331/record/0-3/4433754239
35852512607,JNJ: Longitudinal geographic atrophy - aqueous humor,JNJ,NO NUMBER,,,,no MT number in the deal name,,,,,,,https://app.hubspot.com/contacts/7423331/record/0-3/35852512607
39620939178,"JNJ: Longitudinal multiple myeloma - marrow, buccal, plasma",JNJ,NO NUMBER,,,,no MT number in the deal name,,,,,,,https://app.hubspot.com/contacts/7423331/record/0-3/39620939178
14758041683,JNJ: Lymphoma - frozen tissue,JNJ,NO NUMBER,,,,no MT number in the deal name,,,,,,,https://app.hubspot.com/contacts/7423331/record/0-3/14758041683
3450778434,JNJ: mCRPC - blood,JNJ,NO NUMBER,,,,no MT number in the deal name,,,,,,,https://app.hubspot.com/contacts/7423331/record/0-3/3450778434
14757928814,JNJ: Multiple myeloma (retro) - BMMC & PBMC,JNJ,NO NUMBER,,,,no MT number in the deal name,,,,,,,https://app.hubspot.com/contacts/7423331/record/0-3/14757928814
28425693084,"JNJ: Multiple myeloma, healthy - BMMCs",JNJ,NO NUMBER,,,,no MT number in the deal name,,,,,,,https://app.hubspot.com/contacts/7423331/record/0-3/28425693084
63433835332,JNJ: Naive CAR-T with outcome - PBMCs and serum,JNJ,NO NUMBER,,,,no MT number in the deal name,,,,,,,https://app.hubspot.com/contacts/7423331/record/0-3/63433835332
6045931323,"JNJ: Normal brain, FTD brain, ALS - Frozen tissue",JNJ,NO NUMBER,,,,no MT number in the deal name,,,,,,,https://app.hubspot.com/contacts/7423331/record/0-3/6045931323
57830756694,JNJ: Normal colon biopsies - tissue,JNJ,NO NUMBER,,,,no MT number in the deal name,,,,,,,https://app.hubspot.com/contacts/7423331/record/0-3/57830756694
58135911211,JNJ: Oncology - plasma,JNJ,NO NUMBER,,,,no MT number in the deal name,,,,,,,https://app.hubspot.com/contacts/7423331/record/0-3/58135911211
3035347977,JNJ: Osteoarthritis - synovial fluid,JNJ,NO NUMBER,,,,no MT number in the deal name,,,,,,,https://app.hubspot.com/contacts/7423331/record/0-3/3035347977
6212245669,JNJ: PAH lung and liver with fibrosis - Frozen tissue,JNJ,NO NUMBER,,,,no MT number in the deal name,,,,,,,https://app.hubspot.com/contacts/7423331/record/0-3/6212245669
16330765457,JNJ: Pre and post treatment mCRPC - blood,JNJ,NO NUMBER,,,,no MT number in the deal name,,,,,,,https://app.hubspot.com/contacts/7423331/record/0-3/16330765457
3450682649,JNJ: Prostate - primary + NAT,JNJ,NO NUMBER,,,,no MT number in the deal name,,,,,,,https://app.hubspot.com/contacts/7423331/record/0-3/3450682649
5131089810,JNJ: Prostate cancer - FFPE & serum,JNJ,NO NUMBER,,,,no MT number in the deal name,,,,,,,https://app.hubspot.com/contacts/7423331/record/0-3/5131089810
5515445401,JNJ: Prostate cancer 200 ng / mL - serum,JNJ,NO NUMBER,,,,no MT number in the deal name,,,,,,,https://app.hubspot.com/contacts/7423331/record/0-3/5515445401
31663135306,JNJ: Prostate to liver mets - FFPE,JNJ,NO NUMBER,,,,no MT number in the deal name,,,,,,,https://app.hubspot.com/contacts/7423331/record/0-3/31663135306
46557586532,JNJ: RA & controls - synovial fluid & serum,JNJ,NO NUMBER,,,,no MT number in the deal name,,,,,,,https://app.hubspot.com/contacts/7423331/record/0-3/46557586532
5701182844,"JNJ: RA - plasma, serum, PAXgene",JNJ,NO NUMBER,,,,no MT number in the deal name,,,,,,,https://app.hubspot.com/contacts/7423331/record/0-3/5701182844
21453377806,"JNJ: RA - whole blood same day (Spring House, PA)",JNJ,NO NUMBER,,,,no MT number in the deal name,,,,,,,https://app.hubspot.com/contacts/7423331/record/0-3/21453377806
60846343509,"JNJ: Rheumatoid arthritis - synovial tissue & fluid, serum, PBMCs",JNJ,NO NUMBER,,,,no MT number in the deal name,,,,,,,https://app.hubspot.com/contacts/7423331/record/0-3/60846343509
51083977481,JNJ: Same day atopic derm biopsies - tissue,JNJ,NO NUMBER,,,,no MT number in the deal name,,,,,,,https://app.hubspot.com/contacts/7423331/record/0-3/51083977481
60182334018,JNJ: SCLC - FFPE,JNJ,NO NUMBER,,,,no MT number in the deal name,,,,,,,https://app.hubspot.com/contacts/7423331/record/0-3/60182334018
2018367167,JNJ: SLE - leukopaks,JNJ,NO NUMBER,,,,no MT number in the deal name,,,,,,,https://app.hubspot.com/contacts/7423331/record/0-3/2018367167
2987342659,JNJ: UC - 4 biopsies,JNJ,NO NUMBER,,,,no MT number in the deal name,,,,,,,https://app.hubspot.com/contacts/7423331/record/0-3/2987342659
15315651087,JNJ: UC and healthy - tissue,JNJ,NO NUMBER,,,,no MT number in the deal name,,,,,,,https://app.hubspot.com/contacts/7423331/record/0-3/15315651087
10530043952,KLA: Pre-eclampsia / eclampsia & healthy pregnant - urine,KLA,NO NUMBER,,,,no MT number in the deal name,,,,,,,https://app.hubspot.com/contacts/7423331/record/0-3/10530043952
54259864899,KMT:  Alopecia Areata - Punch Biopsies + Blood,KMT,NO NUMBER,,,,no MT number in the deal name,,,,,,,https://app.hubspot.com/contacts/7423331/record/0-3/54259864899
53443962671,KMT: Vitiligo - Punch Biopsies + Blood,KMT,NO NUMBER,,,,no MT number in the deal name,,,,,,,https://app.hubspot.com/contacts/7423331/record/0-3/53443962671
6089172520,KRS: COPD and normal - plasma,KRS,NO NUMBER,,,,no MT number in the deal name,,,,,,,https://app.hubspot.com/contacts/7423331/record/0-3/6089172520
6330815488,KRS: GI infection - plasma & stool,KRS,NO NUMBER,,,,no MT number in the deal name,,,,,,,https://app.hubspot.com/contacts/7423331/record/0-3/6330815488
6089195838,KRS: High risk IBD/CRC colonoscopy - plasma,KRS,NO NUMBER,,,,no MT number in the deal name,,,,,,,https://app.hubspot.com/contacts/7423331/record/0-3/6089195838
6936685369,KRS: Infectious disease - various biofluids,KRS,NO NUMBER,,,,no MT number in the deal name,,,,,,,https://app.hubspot.com/contacts/7423331/record/0-3/6936685369
6222399365,KRS: Respiratory infection - plasma & NPS,KRS,NO NUMBER,,,,no MT number in the deal name,,,,,,,https://app.hubspot.com/contacts/7423331/record/0-3/6222399365
5773631789,KRS: Suspected bacterial infection - plasma,KRS,NO NUMBER,,,,no MT number in the deal name,,,,,,,https://app.hubspot.com/contacts/7423331/record/0-3/5773631789
6089125995,KRS: Transplant and normal - plasma,KRS,NO NUMBER,,,,no MT number in the deal name,,,,,,,https://app.hubspot.com/contacts/7423331/record/0-3/6089125995
29384434799,KSQ: Cervical cancer - frozen tissue,KSQ,NO NUMBER,,,,no MT number in the deal name,,,,,,,https://app.hubspot.com/contacts/7423331/record/0-3/29384434799
5840785064,KSQ: Melanoma mets - tissue,KSQ,NO NUMBER,,,,no MT number in the deal name,,,,,,,https://app.hubspot.com/contacts/7423331/record/0-3/5840785064
3958685240,KTE: AML & MDS - FFPE,KTE,NO NUMBER,,,,no MT number in the deal name,,,,,,,https://app.hubspot.com/contacts/7423331/record/0-3/3958685240
1972921326,KTE: BrCa / endom / PrCa / melan / NSCLC / gastr / RCC / CRC / ovar - tumor & NAT,KTE,NO NUMBER,,,,no MT number in the deal name,,,,,,,https://app.hubspot.com/contacts/7423331/record/0-3/1972921326
1872963644,"KTE: CRC - tumor, NAT & blood",KTE,NO NUMBER,,,,no MT number in the deal name,,,,,,,https://app.hubspot.com/contacts/7423331/record/0-3/1872963644
5910617139,KTE: DLBCL  - FFPE,KTE,NO NUMBER,,,,no MT number in the deal name,,,,,,,https://app.hubspot.com/contacts/7423331/record/0-3/5910617139
2917468708,KTE: DLBCL pre/post Rituximab - FFPE,KTE,NO NUMBER,,,,no MT number in the deal name,,,,,,,https://app.hubspot.com/contacts/7423331/record/0-3/2917468708
2418802384,KTE: Melanoma - blood,KTE,NO NUMBER,,,,no MT number in the deal name,,,,,,,https://app.hubspot.com/contacts/7423331/record/0-3/2418802384
2881775321,KTE: Melanoma Caucasian - blood,KTE,NO NUMBER,,,,no MT number in the deal name,,,,,,,https://app.hubspot.com/contacts/7423331/record/0-3/2881775321
20286809968,KTE: Multiple myeloma - BMMC & PBMC,KTE,NO NUMBER,,,,no MT number in the deal name,,,,,,,https://app.hubspot.com/contacts/7423331/record/0-3/20286809968
4618065295,KTE: Normal lymph node - FFPE,KTE,NO NUMBER,,,,no MT number in the deal name,,,,,,,https://app.hubspot.com/contacts/7423331/record/0-3/4618065295
34733120612,"LBT: RA - synovial tissue, synovial fluid, PBMCs",LBT,NO NUMBER,,,,no MT number in the deal name,,,,,,,https://app.hubspot.com/contacts/7423331/record/0-3/34733120612
34733120342,"LBT: SLE - frozen tissue, PBMCs",LBT,NO NUMBER,,,,no MT number in the deal name,,,,,,,https://app.hubspot.com/contacts/7423331/record/0-3/34733120342
7855750248,LCH: Device COVID trial - NPS,LCH,NO NUMBER,,,,no MT number in the deal name,,,,,,,https://app.hubspot.com/contacts/7423331/record/0-3/7855750248
7518932824,LCH: Respiratory - NPS,LCH,NO NUMBER,,,,no MT number in the deal name,,,,,,,https://app.hubspot.com/contacts/7423331/record/0-3/7518932824
21801920539,LCP: Normal same day - blood,LCP,NO NUMBER,,,,no MT number in the deal name,,,,,,,https://app.hubspot.com/contacts/7423331/record/0-3/21801920539
13543377956,LCP: Specific mutants from any solid tumor - plasma,LCP,NO NUMBER,,,,no MT number in the deal name,,,,,,,https://app.hubspot.com/contacts/7423331/record/0-3/13543377956
51446620758,LCT: CRC - tissue,LCT,NO NUMBER,,,,no MT number in the deal name,,,,,,,https://app.hubspot.com/contacts/7423331/record/0-3/51446620758
51446620809,LCT: HR+ breast cancer - tissue,LCT,NO NUMBER,,,,no MT number in the deal name,,,,,,,https://app.hubspot.com/contacts/7423331/record/0-3/51446620809
31407704628,LDO: NSCLC & lung NAT - FFPE,LDO,NO NUMBER,,,,no MT number in the deal name,,,,,,,https://app.hubspot.com/contacts/7423331/record/0-3/31407704628
32783533894,LGB: CRC & NSCLC NAT - tissue,LGB,NO NUMBER,,,,no MT number in the deal name,,,,,,,https://app.hubspot.com/contacts/7423331/record/0-3/32783533894
32783530251,LGB: Neuroendocrine prostate cancer - FFPE,LGB,NO NUMBER,,,,no MT number in the deal name,,,,,,,https://app.hubspot.com/contacts/7423331/record/0-3/32783530251
32781412183,LGB: SCLC - FFPE,LGB,NO NUMBER,,,,no MT number in the deal name,,,,,,,https://app.hubspot.com/contacts/7423331/record/0-3/32781412183
38815312945,LIL: Neurodegenerative disease - CSF and plasma,LIL,NO NUMBER,,,,no MT number in the deal name,,,,,,,https://app.hubspot.com/contacts/7423331/record/0-3/38815312945
2013663641,LIP: TNBC & NSCLC - FFPE,LIP,NO NUMBER,,,,no MT number in the deal name,,,,,,,https://app.hubspot.com/contacts/7423331/record/0-3/2013663641
3071307650,LLY: Alzheimers - plasma,LLY,NO NUMBER,,,,no MT number in the deal name,,,,,,,https://app.hubspot.com/contacts/7423331/record/0-3/3071307650
6222079857,LLY: Diabetes w/o neuropathy - serum,LLY,NO NUMBER,,,,no MT number in the deal name,,,,,,,https://app.hubspot.com/contacts/7423331/record/0-3/6222079857
1909224915,LLY: IBD - plasma,LLY,NO NUMBER,,,,no MT number in the deal name,,,,,,,https://app.hubspot.com/contacts/7423331/record/0-3/1909224915
46041112385,"LLY: Lupus, RA, and normal - lymph node biopsy FFPE",LLY,NO NUMBER,,,,no MT number in the deal name,,,,,,,https://app.hubspot.com/contacts/7423331/record/0-3/46041112385
56987583854,LLY: MSS+ CRC - frozen tissue,LLY,NO NUMBER,,,,no MT number in the deal name,,,,,,,https://app.hubspot.com/contacts/7423331/record/0-3/56987583854
40982030887,LLY: Neurodegenerative disease - CSF and plasma,LLY,NO NUMBER,,,,no MT number in the deal name,,,,,,,https://app.hubspot.com/contacts/7423331/record/0-3/40982030887
9505680446,LLY: Psoriasis - frozen tissue,LLY,NO NUMBER,,,,no MT number in the deal name,,,,,,,https://app.hubspot.com/contacts/7423331/record/0-3/9505680446
2409846020,LLY: UC - FFPE & CPT supernatant,LLY,NO NUMBER,,,,no MT number in the deal name,,,,,,,https://app.hubspot.com/contacts/7423331/record/0-3/2409846020
1899882998,LMS: COVID - serum,LMS,NO NUMBER,,,,no MT number in the deal name,,,,,,,https://app.hubspot.com/contacts/7423331/record/0-3/1899882998
6767387203,LMX: Pathogens - various banked,LMX,NO NUMBER,,,,no MT number in the deal name,,,,,,,https://app.hubspot.com/contacts/7423331/record/0-3/6767387203
17695159083,LUV: Various cancers - urine (SEE NOTE),LUV,NO NUMBER,,,,no MT number in the deal name,,,,,,,https://app.hubspot.com/contacts/7423331/record/0-3/17695159083
15770570373,LYL: cancers - tissue,LYL,NO NUMBER,,,,no MT number in the deal name,,,,,,,https://app.hubspot.com/contacts/7423331/record/0-3/15770570373
12839935807,LYL: Met cancer - tissue,LYL,NO NUMBER,,,,no MT number in the deal name,,,,,,,https://app.hubspot.com/contacts/7423331/record/0-3/12839935807
12839929868,LYL: TNBC - FFPE,LYL,NO NUMBER,,,,no MT number in the deal name,,,,,,,https://app.hubspot.com/contacts/7423331/record/0-3/12839929868
7212942967,MBP: AATD - serum or plasma,MBP,NO NUMBER,,,,no MT number in the deal name,,,,,,,https://app.hubspot.com/contacts/7423331/record/0-3/7212942967
2777453808,MCG: Recovered COVID - serum & PBMC,MCG,NO NUMBER,,,,no MT number in the deal name,,,,,,,https://app.hubspot.com/contacts/7423331/record/0-3/2777453808
15343712111,"MCR: Breast, CRC, NSCLC, pancreatic - plasma",MCR,NO NUMBER,,,,no MT number in the deal name,,,,,,,https://app.hubspot.com/contacts/7423331/record/0-3/15343712111
15344114987,MCR: Respiratory - swabs,MCR,NO NUMBER,,,,no MT number in the deal name,,,,,,,https://app.hubspot.com/contacts/7423331/record/0-3/15344114987
44452640867,MCY: Normal - Matched Streck/EDTA Plasma,MCY,NO NUMBER,,,,no MT number in the deal name,,,,,,,https://app.hubspot.com/contacts/7423331/record/0-3/44452640867
60866090674,MCY: NSCLC (Stage I/II) - Plasma,MCY,NO NUMBER,,,,no MT number in the deal name,,,,,,,https://app.hubspot.com/contacts/7423331/record/0-3/60866090674
40335095861,MCY: NSCLC - FFPE and plasma,MCY,NO NUMBER,,,,no MT number in the deal name,,,,,,,https://app.hubspot.com/contacts/7423331/record/0-3/40335095861
14135762489,MCY: NSCLC - matched EDTA & Streck plasma,MCY,NO NUMBER,,,,no MT number in the deal name,,,,,,,https://app.hubspot.com/contacts/7423331/record/0-3/14135762489
15319886697,"MCY: NSCLC, healthy, benign pulmonary nodules - plasma",MCY,NO NUMBER,,,,no MT number in the deal name,,,,,,,https://app.hubspot.com/contacts/7423331/record/0-3/15319886697
13620669971,MDX: UTI and STI - urine,MDX,NO NUMBER,,,,no MT number in the deal name,,,,,,,https://app.hubspot.com/contacts/7423331/record/0-3/13620669971
41338622261,MGT: Atopic dermatitis - skin punch biopsies,MGT,NO NUMBER,,,,no MT number in the deal name,,,,,,,https://app.hubspot.com/contacts/7423331/record/0-3/41338622261
34921915443,MIR: Rheumatoid Arthritis and normal - synovial tissue and synovial fluid,MIR,NO NUMBER,,,,no MT number in the deal name,,,,,,,https://app.hubspot.com/contacts/7423331/record/0-3/34921915443
35461934881,MIR: UC and Crohn's - pinch biopsies,MIR,NO NUMBER,,,,no MT number in the deal name,,,,,,,https://app.hubspot.com/contacts/7423331/record/0-3/35461934881
2925473870,MIT: symptomatic COVID - banked blood,MIT,NO NUMBER,,,,no MT number in the deal name,,,,,,,https://app.hubspot.com/contacts/7423331/record/0-3/2925473870
13307598116,MKG: systemic sclerosis - serum,MKG,NO NUMBER,,,,no MT number in the deal name,,,,,,,https://app.hubspot.com/contacts/7423331/record/0-3/13307598116
36816109911,MMA: MSI-H & MSS CRC - frozen tissue,MMA,NO NUMBER,,,,no MT number in the deal name,,,,,,,https://app.hubspot.com/contacts/7423331/record/0-3/36816109911
2869065384,"MMT: MDS, MDS-RS - marrow",MMT,NO NUMBER,,,,no MT number in the deal name,,,,,,,https://app.hubspot.com/contacts/7423331/record/0-3/2869065384
12668337678,MNA: Lung cancer & lung nodules - plasma,MNA,NO NUMBER,,,,no MT number in the deal name,,,,,,,https://app.hubspot.com/contacts/7423331/record/0-3/12668337678
12668337337,MNA: Lung cancer - plasma,MNA,NO NUMBER,,,,no MT number in the deal name,,,,,,,https://app.hubspot.com/contacts/7423331/record/0-3/12668337337
5504059828,MOD: Convalescent COVID - sera,MOD,NO NUMBER,,,,no MT number in the deal name,,,,,,,https://app.hubspot.com/contacts/7423331/record/0-3/5504059828
13636412758,MPS: Liver (normal & diseased) - cryopreserved tissue,MPS,NO NUMBER,,,,no MT number in the deal name,,,,,,,https://app.hubspot.com/contacts/7423331/record/0-3/13636412758
7214307000,MRB: Cervical cancer (check point inhibitor naïve and check point inhibitor experienced) - FFPE,MRB,NO NUMBER,,,,no MT number in the deal name,,,,,,,https://app.hubspot.com/contacts/7423331/record/0-3/7214307000
10034541581,MRK : Mesothelioma - FFPE,MRK,NO NUMBER,,,,no MT number in the deal name,,,,,,,https://app.hubspot.com/contacts/7423331/record/0-3/10034541581
9522973441,MRK: Alzheimer's & healthy - frozen cortex tissue,MRK,NO NUMBER,,,,no MT number in the deal name,,,,,,,https://app.hubspot.com/contacts/7423331/record/0-3/9522973441
28261494046,MRK: Alzheimer's disease - frozen tissue,MRK,NO NUMBER,,,,no MT number in the deal name,,,,,,,https://app.hubspot.com/contacts/7423331/record/0-3/28261494046
22340721155,MRK: AML - whole blood,MRK,NO NUMBER,,,,no MT number in the deal name,,,,,,,https://app.hubspot.com/contacts/7423331/record/0-3/22340721155
20715023032,"MRK: ankylosing spondylitis and/or non-radiographic AxSpA forms - flash frozen synovial fluid, flash frozen synovium biopsy, bone biopsy FFPE, soft tissue FFPE, serum, buffy coat",MRK,NO NUMBER,,,,no MT number in the deal name,,,,,,,https://app.hubspot.com/contacts/7423331/record/0-3/20715023032
16976684591,"MRK: asthma - sputum, blood",MRK,NO NUMBER,,,,no MT number in the deal name,,,,,,,https://app.hubspot.com/contacts/7423331/record/0-3/16976684591
62657754758,MRK: Atopic derm - frozen tissues & serum,MRK,NO NUMBER,,,,no MT number in the deal name,,,,,,,https://app.hubspot.com/contacts/7423331/record/0-3/62657754758
34357604145,"MRK: Atopic dermatitis & healthy - FFPE, serum, blood",MRK,NO NUMBER,,,,no MT number in the deal name,,,,,,,https://app.hubspot.com/contacts/7423331/record/0-3/34357604145
9502585487,MRK: Atopic dermatitis & normal - tissue & blood,MRK,NO NUMBER,,,,no MT number in the deal name,,,,,,,https://app.hubspot.com/contacts/7423331/record/0-3/9502585487
38284520589,MRK: Atopic dermatitis - skin punch biopsies and serum,MRK,NO NUMBER,,,,no MT number in the deal name,,,,,,,https://app.hubspot.com/contacts/7423331/record/0-3/38284520589
63765423278,MRK: Atopic dermatitis - tissue,MRK,NO NUMBER,,,,no MT number in the deal name,,,,,,,https://app.hubspot.com/contacts/7423331/record/0-3/63765423278
34357627464,"MRK: Atopic dermatitis and healthy - FFPE, serum, whole blood",MRK,NO NUMBER,,,,no MT number in the deal name,,,,,,,https://app.hubspot.com/contacts/7423331/record/0-3/34357627464
13307792640,MRK: biliary cancer - FFPE,MRK,NO NUMBER,,,,no MT number in the deal name,,,,,,,https://app.hubspot.com/contacts/7423331/record/0-3/13307792640
8821492519,MRK: Blood typed - saliva,MRK,NO NUMBER,,,,no MT number in the deal name,,,,,,,https://app.hubspot.com/contacts/7423331/record/0-3/8821492519
11337364742,MRK: Breast cancer (non-TNBC) - ascites,MRK,NO NUMBER,,,,no MT number in the deal name,,,,,,,https://app.hubspot.com/contacts/7423331/record/0-3/11337364742
17277945644,MRK: Breast Cancer ER+PR-HER2- - FFPE,MRK,NO NUMBER,,,,no MT number in the deal name,,,,,,,https://app.hubspot.com/contacts/7423331/record/0-3/17277945644
17277938608,MRK: Breast Cancer ER-PR-HER2+ - FFPE,MRK,NO NUMBER,,,,no MT number in the deal name,,,,,,,https://app.hubspot.com/contacts/7423331/record/0-3/17277938608
15240356444,MRK: Cadaver - tissue,MRK,NO NUMBER,,,,no MT number in the deal name,,,,,,,https://app.hubspot.com/contacts/7423331/record/0-3/15240356444
57506725045,MRK: Chronic urticaria - blood & tissue,MRK,NO NUMBER,,,,no MT number in the deal name,,,,,,,https://app.hubspot.com/contacts/7423331/record/0-3/57506725045
4050386717,MRK: CKD pruritus - skin biopsies,MRK,NO NUMBER,,,,no MT number in the deal name,,,,,,,https://app.hubspot.com/contacts/7423331/record/0-3/4050386717
9975537784,MRK: CLL & MCL - blood,MRK,NO NUMBER,,,,no MT number in the deal name,,,,,,,https://app.hubspot.com/contacts/7423331/record/0-3/9975537784
9186748825,"MRK: Coeliac disease (CD), Ulcerative colitis (UC), Rheumatoid Arthritis (RA) and/or Systemic Lupus Erythematosus (SLE) - Frozen tissue",MRK,NO NUMBER,,,,no MT number in the deal name,,,,,,,https://app.hubspot.com/contacts/7423331/record/0-3/9186748825
7530750639,MRK: Convalescent COVID - banked serum,MRK,NO NUMBER,,,,no MT number in the deal name,,,,,,,https://app.hubspot.com/contacts/7423331/record/0-3/7530750639
20931085906,"MRK: COPD, IPF, normal - plasma",MRK,NO NUMBER,,,,no MT number in the deal name,,,,,,,https://app.hubspot.com/contacts/7423331/record/0-3/20931085906
1994986490,MRK: COVID free - leukopacks & PBMCs,MRK,NO NUMBER,,,,no MT number in the deal name,,,,,,,https://app.hubspot.com/contacts/7423331/record/0-3/1994986490
14424780803,"MRK: CRC - frozen tissue, plasma",MRK,NO NUMBER,,,,no MT number in the deal name,,,,,,,https://app.hubspot.com/contacts/7423331/record/0-3/14424780803
6931449186,MRK: CRC or panc - whole blood,MRK,NO NUMBER,,,,no MT number in the deal name,,,,,,,https://app.hubspot.com/contacts/7423331/record/0-3/6931449186
2811008012,"MRK: CRC, panc, gastric S1,2,3,4 - frozen serum",MRK,NO NUMBER,,,,no MT number in the deal name,,,,,,,https://app.hubspot.com/contacts/7423331/record/0-3/2811008012
11415241883,MRK: Crohn's disease and ulcerative colitis - blood,MRK,NO NUMBER,,,,no MT number in the deal name,,,,,,,https://app.hubspot.com/contacts/7423331/record/0-3/11415241883
10491154322,MRK: Crohn's disease and ulcerative colitis - fresh biopsies & blood,MRK,NO NUMBER,,,,no MT number in the deal name,,,,,,,https://app.hubspot.com/contacts/7423331/record/0-3/10491154322
19104230026,MRK: Crohn's Disease Terminal Ileum - tissue biopsy,MRK,NO NUMBER,,,,no MT number in the deal name,,,,,,,https://app.hubspot.com/contacts/7423331/record/0-3/19104230026
57610387215,MRK: Dermatomyositis - blood & tissue,MRK,NO NUMBER,,,,no MT number in the deal name,,,,,,,https://app.hubspot.com/contacts/7423331/record/0-3/57610387215
3220521815,MRK: Diabetes w/ & w/o retinopathy - plasma,MRK,NO NUMBER,,,,no MT number in the deal name,,,,,,,https://app.hubspot.com/contacts/7423331/record/0-3/3220521815
7197918309,MRK: DLBCL & MCL - lymph node or BMMC,MRK,NO NUMBER,,,,no MT number in the deal name,,,,,,,https://app.hubspot.com/contacts/7423331/record/0-3/7197918309
3950765918,MRK: DLBCL - matched FFPE + frozen tissue,MRK,NO NUMBER,,,,no MT number in the deal name,,,,,,,https://app.hubspot.com/contacts/7423331/record/0-3/3950765918
10985119612,MRK: Fresh tonsil - tissue,MRK,NO NUMBER,,,,no MT number in the deal name,,,,,,,https://app.hubspot.com/contacts/7423331/record/0-3/10985119612
9186749024,MRK: gamma/delta T-cell lymphoma - FFPE,MRK,NO NUMBER,,,,no MT number in the deal name,,,,,,,https://app.hubspot.com/contacts/7423331/record/0-3/9186749024
35074521630,MRK: Gastrointestinal biopsies - fresh tissue pinch biopsies,MRK,NO NUMBER,,,,no MT number in the deal name,,,,,,,https://app.hubspot.com/contacts/7423331/record/0-3/35074521630
20980267310,"MRK: GI- tract, liver, kidney, lung- fresh tissue",MRK,NO NUMBER,,,,no MT number in the deal name,,,,,,,https://app.hubspot.com/contacts/7423331/record/0-3/20980267310
14089924448,"MRK: HCC, NSCLC, melanoma, Lymphoma, pancreatic - frozen tissue & FFPE",MRK,NO NUMBER,,,,no MT number in the deal name,,,,,,,https://app.hubspot.com/contacts/7423331/record/0-3/14089924448
4814758507,MRK: Healthy - marrow & blood,MRK,NO NUMBER,,,,no MT number in the deal name,,,,,,,https://app.hubspot.com/contacts/7423331/record/0-3/4814758507
19860419420,"MRK: Healthy - tissue, skin tapes",MRK,NO NUMBER,,,,no MT number in the deal name,,,,,,,https://app.hubspot.com/contacts/7423331/record/0-3/19860419420
36530843547,MRK: Healthy tonsil - fresh tissue,MRK,NO NUMBER,,,,no MT number in the deal name,,,,,,,https://app.hubspot.com/contacts/7423331/record/0-3/36530843547
6543067831,MRK: Healthy typed blood - saliva,MRK,NO NUMBER,,,,no MT number in the deal name,,,,,,,https://app.hubspot.com/contacts/7423331/record/0-3/6543067831
5257519422,MRK: Heart failure biopsies - FFPE,MRK,NO NUMBER,,,,no MT number in the deal name,,,,,,,https://app.hubspot.com/contacts/7423331/record/0-3/5257519422
33359116350,MRK: HER2+ breast cancer - FFPE,MRK,NO NUMBER,,,,no MT number in the deal name,,,,,,,https://app.hubspot.com/contacts/7423331/record/0-3/33359116350
60525052466,"MRK: Hidradenitis suppurativa - FFPE, serum, PBMCs",MRK,NO NUMBER,,,,no MT number in the deal name,,,,,,,https://app.hubspot.com/contacts/7423331/record/0-3/60525052466
60335109546,MRK: Hidradenitis suppurativa - fresh tissue,MRK,NO NUMBER,,,,no MT number in the deal name,,,,,,,https://app.hubspot.com/contacts/7423331/record/0-3/60335109546
21784008337,"MRK: Hidradenitis suppurativa - tissue, serum, PBMC, blood",MRK,NO NUMBER,,,,no MT number in the deal name,,,,,,,https://app.hubspot.com/contacts/7423331/record/0-3/21784008337
10542896689,MRK: IBD 3 subject pilot - blood,MRK,NO NUMBER,,,,no MT number in the deal name,,,,,,,https://app.hubspot.com/contacts/7423331/record/0-3/10542896689
8820829442,MRK: Idiopathic pulmonary fibrosis - FFPE,MRK,NO NUMBER,,,,no MT number in the deal name,,,,,,,https://app.hubspot.com/contacts/7423331/record/0-3/8820829442
11983611946,MRK: Idiopathic Pulmonary Fibrosis - tissue,MRK,NO NUMBER,,,,no MT number in the deal name,,,,,,,https://app.hubspot.com/contacts/7423331/record/0-3/11983611946
46794586003,MRK: Longitudinal atopic derm going onto Nemolizumab - tapes & serum,MRK,NO NUMBER,,,,no MT number in the deal name,,,,,,,https://app.hubspot.com/contacts/7423331/record/0-3/46794586003
54105461144,MRK: Longitudinal psoriasis-UC-CD going onto Tremfya - serum + biopsies,MRK,NO NUMBER,,,,no MT number in the deal name,,,,,,,https://app.hubspot.com/contacts/7423331/record/0-3/54105461144
21785256525,"MRK: Master derm - tissue, blood, synovial fluid, sputum",MRK,NO NUMBER,,,,no MT number in the deal name,,,,,,,https://app.hubspot.com/contacts/7423331/record/0-3/21785256525
32155280172,MRK: Matched primary CRC & liver met - FFPE,MRK,NO NUMBER,,,,no MT number in the deal name,,,,,,,https://app.hubspot.com/contacts/7423331/record/0-3/32155280172
13316890116,MRK: mCRC - FFPE,MRK,NO NUMBER,,,,no MT number in the deal name,,,,,,,https://app.hubspot.com/contacts/7423331/record/0-3/13316890116
63222908225,MRK: MMR Negative - Serum,MRK,NO NUMBER,,,,no MT number in the deal name,,,,,,,https://app.hubspot.com/contacts/7423331/record/0-3/63222908225
33007775263,MRK: Multicancer - FFPE & serum (or plasma),MRK,NO NUMBER,,,,no MT number in the deal name,,,,,,,https://app.hubspot.com/contacts/7423331/record/0-3/33007775263
7435765068,MRK: NASH & normal liver - FFPE or slides,MRK,NO NUMBER,,,,no MT number in the deal name,,,,,,,https://app.hubspot.com/contacts/7423331/record/0-3/7435765068
14577009739,MRK: NASH - FFPE,MRK,NO NUMBER,,,,no MT number in the deal name,,,,,,,https://app.hubspot.com/contacts/7423331/record/0-3/14577009739
10290742637,MRK: NASH - FFPE,MRK,NO NUMBER,,,,no MT number in the deal name,,,,,,,https://app.hubspot.com/contacts/7423331/record/0-3/10290742637
10687259044,MRK: Neoadjuvant CRC - FFPE,MRK,NO NUMBER,,,,no MT number in the deal name,,,,,,,https://app.hubspot.com/contacts/7423331/record/0-3/10687259044
8948972086,"MRK: Normal (non NAT) uterus, lung, ovarian, and pancreatic - tissue",MRK,NO NUMBER,,,,no MT number in the deal name,,,,,,,https://app.hubspot.com/contacts/7423331/record/0-3/8948972086
13904526466,MRK: normal - FFPE,MRK,NO NUMBER,,,,no MT number in the deal name,,,,,,,https://app.hubspot.com/contacts/7423331/record/0-3/13904526466
4166406415,MRK: Normal - fresh colon tissue & PBMC,MRK,NO NUMBER,,,,no MT number in the deal name,,,,,,,https://app.hubspot.com/contacts/7423331/record/0-3/4166406415
12259540613,MRK: Normal - serum,MRK,NO NUMBER,,,,no MT number in the deal name,,,,,,,https://app.hubspot.com/contacts/7423331/record/0-3/12259540613
38160133721,MRK: Normal - skin resection,MRK,NO NUMBER,,,,no MT number in the deal name,,,,,,,https://app.hubspot.com/contacts/7423331/record/0-3/38160133721
9558154763,MRK: Normal bladder & esophagus - tissue,MRK,NO NUMBER,,,,no MT number in the deal name,,,,,,,https://app.hubspot.com/contacts/7423331/record/0-3/9558154763
8759979550,MRK: Normal cornea - FFPE,MRK,NO NUMBER,,,,no MT number in the deal name,,,,,,,https://app.hubspot.com/contacts/7423331/record/0-3/8759979550
63513974532,MRK: Normal Donor - CSF,MRK,NO NUMBER,,,,no MT number in the deal name,,,,,,,https://app.hubspot.com/contacts/7423331/record/0-3/63513974532
9026840366,MRK: Normal kidney - FFPE,MRK,NO NUMBER,,,,no MT number in the deal name,,,,,,,https://app.hubspot.com/contacts/7423331/record/0-3/9026840366
13460806988,MRK: normal kidney and CKD - tissue,MRK,NO NUMBER,,,,no MT number in the deal name,,,,,,,https://app.hubspot.com/contacts/7423331/record/0-3/13460806988
19882435236,MRK: Normal kidney biopsy - FFPE,MRK,NO NUMBER,,,,no MT number in the deal name,,,,,,,https://app.hubspot.com/contacts/7423331/record/0-3/19882435236
3953508187,MRK: Normal liver - tissue + plasma or blood,MRK,NO NUMBER,,,,no MT number in the deal name,,,,,,,https://app.hubspot.com/contacts/7423331/record/0-3/3953508187
6485368948,MRK: Normal liver -FFPE,MRK,NO NUMBER,,,,no MT number in the deal name,,,,,,,https://app.hubspot.com/contacts/7423331/record/0-3/6485368948
13164550270,MRK: Normal liver and normal ovary - frozen tissue,MRK,NO NUMBER,,,,no MT number in the deal name,,,,,,,https://app.hubspot.com/contacts/7423331/record/0-3/13164550270
5285163887,MRK: Normal marrow - FFPE,MRK,NO NUMBER,,,,no MT number in the deal name,,,,,,,https://app.hubspot.com/contacts/7423331/record/0-3/5285163887
3562061175,MRK: Normal mesothelium - FFPE,MRK,NO NUMBER,,,,no MT number in the deal name,,,,,,,https://app.hubspot.com/contacts/7423331/record/0-3/3562061175
13980427299,MRK: Normal pooled - serum,MRK,NO NUMBER,,,,no MT number in the deal name,,,,,,,https://app.hubspot.com/contacts/7423331/record/0-3/13980427299
14420929818,MRK: Normal skin - tape strips,MRK,NO NUMBER,,,,no MT number in the deal name,,,,,,,https://app.hubspot.com/contacts/7423331/record/0-3/14420929818
63765423154,MRK: Normal skin resections - tissue,MRK,NO NUMBER,,,,no MT number in the deal name,,,,,,,https://app.hubspot.com/contacts/7423331/record/0-3/63765423154
13304552218,MRK: Normal tonsil - tissue,MRK,NO NUMBER,,,,no MT number in the deal name,,,,,,,https://app.hubspot.com/contacts/7423331/record/0-3/13304552218
22388989210,"MRK: OA and healthy - synovial fluid, synovium tissue, plasma",MRK,NO NUMBER,,,,no MT number in the deal name,,,,,,,https://app.hubspot.com/contacts/7423331/record/0-3/22388989210
14111870009,MRK: Osteoarthritis & normal - synovial fluid,MRK,NO NUMBER,,,,no MT number in the deal name,,,,,,,https://app.hubspot.com/contacts/7423331/record/0-3/14111870009
20825153706,MRK: Parkinson's - CSF,MRK,NO NUMBER,,,,no MT number in the deal name,,,,,,,https://app.hubspot.com/contacts/7423331/record/0-3/20825153706
12972434355,MRK: PDAC - FFPE,MRK,NO NUMBER,,,,no MT number in the deal name,,,,,,,https://app.hubspot.com/contacts/7423331/record/0-3/12972434355
7937824652,MRK: PDAC - FFPE,MRK,NO NUMBER,,,,no MT number in the deal name,,,,,,,https://app.hubspot.com/contacts/7423331/record/0-3/7937824652
17030897974,MRK: Plaque psoriasis - tissue and blood,MRK,NO NUMBER,,,,no MT number in the deal name,,,,,,,https://app.hubspot.com/contacts/7423331/record/0-3/17030897974
10253467158,"MRK: Post therapy cervical, esophageal, panc - FFPE",MRK,NO NUMBER,,,,no MT number in the deal name,,,,,,,https://app.hubspot.com/contacts/7423331/record/0-3/10253467158
59545536334,MRK: Psoriatic arthritis & psoriasis - frozen tissue,MRK,NO NUMBER,,,,no MT number in the deal name,,,,,,,https://app.hubspot.com/contacts/7423331/record/0-3/59545536334
20714144889,"MRK: Psoriatic arthritis - skin punch biopsies, synovial fluid, synovial biopsy, serum, buffy coat",MRK,NO NUMBER,,,,no MT number in the deal name,,,,,,,https://app.hubspot.com/contacts/7423331/record/0-3/20714144889
45968864309,"MRK: RA - synovial tissue, fluid, serum, PBMCs",MRK,NO NUMBER,,,,no MT number in the deal name,,,,,,,https://app.hubspot.com/contacts/7423331/record/0-3/45968864309
2777392744,MRK: RA TNF refractory & responders / naive and HV - plasma,MRK,NO NUMBER,,,,no MT number in the deal name,,,,,,,https://app.hubspot.com/contacts/7423331/record/0-3/2777392744
29354331740,"MRK: RCC, lymph node - tissue",MRK,NO NUMBER,,,,no MT number in the deal name,,,,,,,https://app.hubspot.com/contacts/7423331/record/0-3/29354331740
8870544548,MRK: rheumatoid arthritis - FFPE,MRK,NO NUMBER,,,,no MT number in the deal name,,,,,,,https://app.hubspot.com/contacts/7423331/record/0-3/8870544548
55307857483,MRK: Rheumatoid arthritis - PBMCs & synovial tissue (optional),MRK,NO NUMBER,,,,no MT number in the deal name,,,,,,,https://app.hubspot.com/contacts/7423331/record/0-3/55307857483
23123891084,MRK: Rheumatoid arthritis - serum or whole blood,MRK,NO NUMBER,,,,no MT number in the deal name,,,,,,,https://app.hubspot.com/contacts/7423331/record/0-3/23123891084
7645554555,MRK: Rheumatoid arthritis - synovial fluid,MRK,NO NUMBER,,,,no MT number in the deal name,,,,,,,https://app.hubspot.com/contacts/7423331/record/0-3/7645554555
20714894950,MRK: Rheumatoid arthritis and osteoarthritis - tissue and blood,MRK,NO NUMBER,,,,no MT number in the deal name,,,,,,,https://app.hubspot.com/contacts/7423331/record/0-3/20714894950
29310304338,MRK: Rheumatoid arthritis pilot - synovial fluid,MRK,NO NUMBER,,,,no MT number in the deal name,,,,,,,https://app.hubspot.com/contacts/7423331/record/0-3/29310304338
12782881816,MRK: SCLC - FFPE,MRK,NO NUMBER,,,,no MT number in the deal name,,,,,,,https://app.hubspot.com/contacts/7423331/record/0-3/12782881816
32123825185,MRK: Solid tumors - fresh tissue,MRK,NO NUMBER,,,,no MT number in the deal name,,,,,,,https://app.hubspot.com/contacts/7423331/record/0-3/32123825185
13174977312,MRK: stage II melanoma - FFPE,MRK,NO NUMBER,,,,no MT number in the deal name,,,,,,,https://app.hubspot.com/contacts/7423331/record/0-3/13174977312
11875394611,MRK: stage II melanoma - FFPE,MRK,NO NUMBER,,,,no MT number in the deal name,,,,,,,https://app.hubspot.com/contacts/7423331/record/0-3/11875394611
34527040127,MRK: Systemic sclerosis & prurigo nodularis - tissue,MRK,NO NUMBER,,,,no MT number in the deal name,,,,,,,https://app.hubspot.com/contacts/7423331/record/0-3/34527040127
9993236822,MRK: UC - FF,MRK,NO NUMBER,,,,no MT number in the deal name,,,,,,,https://app.hubspot.com/contacts/7423331/record/0-3/9993236822
36313446244,MRK: Ulcerative colitis and Crohn's disease - fresh tissue biopsies,MRK,NO NUMBER,,,,no MT number in the deal name,,,,,,,https://app.hubspot.com/contacts/7423331/record/0-3/36313446244
8749033554,MRK: Ulcerative colitis biopsy - tissue,MRK,NO NUMBER,,,,no MT number in the deal name,,,,,,,https://app.hubspot.com/contacts/7423331/record/0-3/8749033554
20384130117,MRK: Various cancers - snap frozen tissue,MRK,NO NUMBER,,,,no MT number in the deal name,,,,,,,https://app.hubspot.com/contacts/7423331/record/0-3/20384130117
12388458004,MRT: mCRC - FFPE,MRT,NO NUMBER,,,,no MT number in the deal name,,,,,,,https://app.hubspot.com/contacts/7423331/record/0-3/12388458004
12194334560,MRT: mCRC - FFPE & plasma,MRT,NO NUMBER,,,,no MT number in the deal name,,,,,,,https://app.hubspot.com/contacts/7423331/record/0-3/12194334560
1942947680,MSB: COVID - swabs,MSB,NO NUMBER,,,,no MT number in the deal name,,,,,,,https://app.hubspot.com/contacts/7423331/record/0-3/1942947680
17856695344,MSD: Chronic kidney disease and normal kidney - tissue,MSD,NO NUMBER,,,,no MT number in the deal name,,,,,,,https://app.hubspot.com/contacts/7423331/record/0-3/17856695344
40288011648,MSR: Advanced adenoma & colonoscopy confirmed healthies - plasma,MSR,NO NUMBER,,,,no MT number in the deal name,,,,,,,https://app.hubspot.com/contacts/7423331/record/0-3/40288011648
4142926340,"MTG: SCLC, HRprostate, EGFR lung - FFPE",MTG,NO NUMBER,,,,no MT number in the deal name,,,,,,,https://app.hubspot.com/contacts/7423331/record/0-3/4142926340
6592499861,MTP: Darier & Hailey-Hailey - tissue,MTP,NO NUMBER,,,,no MT number in the deal name,,,,,,,https://app.hubspot.com/contacts/7423331/record/0-3/6592499861
6748038220,"MTX: H&N, RCC, Ovarian with biomarkers - FFPE",MTX,NO NUMBER,,,,no MT number in the deal name,,,,,,,https://app.hubspot.com/contacts/7423331/record/0-3/6748038220
7656912542,"MTX: HNSCC, Ovarian cancer - FFPE",MTX,NO NUMBER,,,,no MT number in the deal name,,,,,,,https://app.hubspot.com/contacts/7423331/record/0-3/7656912542
8390878350,MTX: Pulmonary arterial hypertension - Plasma,MTX,NO NUMBER,,,,no MT number in the deal name,,,,,,,https://app.hubspot.com/contacts/7423331/record/0-3/8390878350
9462904954,NCX: Lung cancer & suspicion lung - plasma,NCX,NO NUMBER,,,,no MT number in the deal name,,,,,,,https://app.hubspot.com/contacts/7423331/record/0-3/9462904954
2723613254,NGM: Endometriosis - tissue,NGM,NO NUMBER,,,,no MT number in the deal name,,,,,,,https://app.hubspot.com/contacts/7423331/record/0-3/2723613254
2310368599,NGM: NASH - matched plasma & tissue,NGM,NO NUMBER,,,,no MT number in the deal name,,,,,,,https://app.hubspot.com/contacts/7423331/record/0-3/2310368599
29905465677,NGN: CRC MSI-H CRC - FFPE and plasma,NGN,NO NUMBER,,,,no MT number in the deal name,,,,,,,https://app.hubspot.com/contacts/7423331/record/0-3/29905465677
12835207301,"NGN: Multicancer - FFPE, plasma, buffy coat",NGN,NO NUMBER,,,,no MT number in the deal name,,,,,,,https://app.hubspot.com/contacts/7423331/record/0-3/12835207301
17926059304,NHH: CRC & colonoscopy - plasma,NHH,NO NUMBER,,,,no MT number in the deal name,,,,,,,https://app.hubspot.com/contacts/7423331/record/0-3/17926059304
23256250672,"NKB: Heme malignancies - matched BMMC, PBMC, serum",NKB,NO NUMBER,,,,no MT number in the deal name,,,,,,,https://app.hubspot.com/contacts/7423331/record/0-3/23256250672
51075811363,NKT: H&N & Cervical HPV16+ & HPV18+ FFPE,NKT,NO NUMBER,,,,no MT number in the deal name,,,,,,,https://app.hubspot.com/contacts/7423331/record/0-3/51075811363
3258768788,"NLB: MDS, MM, AML - marrow & blood",NLB,NO NUMBER,,,,no MT number in the deal name,,,,,,,https://app.hubspot.com/contacts/7423331/record/0-3/3258768788
41442110876,NLG: Multiple myeloma - BMMCs,NLG,NO NUMBER,,,,no MT number in the deal name,,,,,,,https://app.hubspot.com/contacts/7423331/record/0-3/41442110876
20487515693,NLG: NSCLC treatment naive - fresh tissue,NLG,NO NUMBER,,,,no MT number in the deal name,,,,,,,https://app.hubspot.com/contacts/7423331/record/0-3/20487515693
20289575685,NLG: Tx Naive NSCLC - Fresh Tissue,NLG,NO NUMBER,,,,no MT number in the deal name,,,,,,,https://app.hubspot.com/contacts/7423331/record/0-3/20289575685
28311945240,NNB: Normal tonsil - tissue,NNB,NO NUMBER,,,,no MT number in the deal name,,,,,,,https://app.hubspot.com/contacts/7423331/record/0-3/28311945240
12070699891,NPD: HER2 - FFPE,NPD,NO NUMBER,,,,no MT number in the deal name,,,,,,,https://app.hubspot.com/contacts/7423331/record/0-3/12070699891
5719066471,NRX: Additional biologics - blood,NRX,NO NUMBER,,,,no MT number in the deal name,,,,,,,https://app.hubspot.com/contacts/7423331/record/0-3/5719066471
60019875182,NTA: 500 healthies - blood,NTA,NO NUMBER,,,,no MT number in the deal name,,,,,,,https://app.hubspot.com/contacts/7423331/record/0-3/60019875182
21799603851,"NTA: AA, CRC, control - serum",NTA,NO NUMBER,,,,no MT number in the deal name,,,,,,,https://app.hubspot.com/contacts/7423331/record/0-3/21799603851
60694971475,NTA: Adenoma & colonoscopy-confirmed negatives - plasma,NTA,NO NUMBER,,,,no MT number in the deal name,,,,,,,https://app.hubspot.com/contacts/7423331/record/0-3/60694971475
13339933104,NTA: Adenoma - FFPE,NTA,NO NUMBER,,,,no MT number in the deal name,,,,,,,https://app.hubspot.com/contacts/7423331/record/0-3/13339933104
34797992277,NTA: Adenoma - FFPE & plasma,NTA,NO NUMBER,,,,no MT number in the deal name,,,,,,,https://app.hubspot.com/contacts/7423331/record/0-3/34797992277
9616045077,"NTA: Bladder cancer - FFPE, plasma, buffy coat",NTA,NO NUMBER,,,,no MT number in the deal name,,,,,,,https://app.hubspot.com/contacts/7423331/record/0-3/9616045077
18411018515,NTA: Cancer referrals - blood,NTA,NO NUMBER,,,,no MT number in the deal name,,,,,,,https://app.hubspot.com/contacts/7423331/record/0-3/18411018515
18604760450,NTA: CRC from screening colonoscopy - blood,NTA,NO NUMBER,,,,no MT number in the deal name,,,,,,,https://app.hubspot.com/contacts/7423331/record/0-3/18604760450
19860448022,NTA: CRC without screening colonoscopy - blood,NTA,NO NUMBER,,,,no MT number in the deal name,,,,,,,https://app.hubspot.com/contacts/7423331/record/0-3/19860448022
54020273448,NTA: Germline mutants - plasma,NTA,NO NUMBER,,,,no MT number in the deal name,,,,,,,https://app.hubspot.com/contacts/7423331/record/0-3/54020273448
51760635305,"NTA: Longitudinal CRC & MIBC pilot - FFPE, plasma, buffy",NTA,NO NUMBER,,,,no MT number in the deal name,,,,,,,https://app.hubspot.com/contacts/7423331/record/0-3/51760635305
19542547499,NTA: Multi-cancer + benign diseases - whole blood,NTA,NO NUMBER,,,,no MT number in the deal name,,,,,,,https://app.hubspot.com/contacts/7423331/record/0-3/19542547499
8177115003,"NTA: Multiple myeloma - FFPE, Plasma, and PBMC",NTA,NO NUMBER,,,,no MT number in the deal name,,,,,,,https://app.hubspot.com/contacts/7423331/record/0-3/8177115003
58630575985,"NTA: SCORE longitudinal breast, lung, MIBC, H&N, panc, prostate - tissue & blood",NTA,NO NUMBER,,,,no MT number in the deal name,,,,,,,https://app.hubspot.com/contacts/7423331/record/0-3/58630575985
56987577643,NTK: Multi-cancer pilot - FFPE,NTK,NO NUMBER,,,,no MT number in the deal name,,,,,,,https://app.hubspot.com/contacts/7423331/record/0-3/56987577643
15367216056,NTK: NSCLC- IO FFPE,NTK,NO NUMBER,,,,no MT number in the deal name,,,,,,,https://app.hubspot.com/contacts/7423331/record/0-3/15367216056
15367160739,NTK: NSCLC/NAT/buffy coat -FFPE,NTK,NO NUMBER,,,,no MT number in the deal name,,,,,,,https://app.hubspot.com/contacts/7423331/record/0-3/15367160739
56896851609,NTK: Solid tumors with Tx response data - FFPE,NTK,NO NUMBER,,,,no MT number in the deal name,,,,,,,https://app.hubspot.com/contacts/7423331/record/0-3/56896851609
14557523988,NUH: NSCLC/SCLC - stool,NUH,NO NUMBER,,,,no MT number in the deal name,,,,,,,https://app.hubspot.com/contacts/7423331/record/0-3/14557523988
14557524509,"NUH: Oncology , Obesity, Inflammatory Disease, Metabolic Disease - stool",NUH,NO NUMBER,,,,no MT number in the deal name,,,,,,,https://app.hubspot.com/contacts/7423331/record/0-3/14557524509
15416739081,"NVG: Longitudinal metastatic NSCLC, melanoma, RCC IO - frozen Paxgene",NVG,NO NUMBER,,,,no MT number in the deal name,,,,,,,https://app.hubspot.com/contacts/7423331/record/0-3/15416739081
14653032515,NVG: Longitudinal metastatic urothelial IO and chemo - frozen Paxgene (see NOTE),NVG,NO NUMBER,,,,no MT number in the deal name,,,,,,,https://app.hubspot.com/contacts/7423331/record/0-3/14653032515
62853166448,NVS: Gynecological Cancers - Plasma,NVS,NO NUMBER,,,,no MT number in the deal name,,,,,,,https://app.hubspot.com/contacts/7423331/record/0-3/62853166448
2228861983,NVT - Mesothelioma FFPE blocks,NVT,NO NUMBER,,,,no MT number in the deal name,,,,,,,https://app.hubspot.com/contacts/7423331/record/0-3/2228861983
29371076503,NVT:  Liver mets - FFPE,NVT,NO NUMBER,,,,no MT number in the deal name,,,,,,,https://app.hubspot.com/contacts/7423331/record/0-3/29371076503
22813102461,NVT: Alzheimer's and cognitive unimpaired - FFPE,NVT,NO NUMBER,,,,no MT number in the deal name,,,,,,,https://app.hubspot.com/contacts/7423331/record/0-3/22813102461
12676752295,NVT: AML - blood,NVT,NO NUMBER,,,,no MT number in the deal name,,,,,,,https://app.hubspot.com/contacts/7423331/record/0-3/12676752295
55819293520,NVT: AML w/ MR-MDS - BMMCs,NVT,NO NUMBER,,,,no MT number in the deal name,,,,,,,https://app.hubspot.com/contacts/7423331/record/0-3/55819293520
6017484105,NVT: Atherosclerosis - blood,NVT,NO NUMBER,,,,no MT number in the deal name,,,,,,,https://app.hubspot.com/contacts/7423331/record/0-3/6017484105
29371076009,NVT: autopsy normal tissue - FFPE,NVT,NO NUMBER,,,,no MT number in the deal name,,,,,,,https://app.hubspot.com/contacts/7423331/record/0-3/29371076009
7688195627,NVT: BRAF V600 - FFPE,NVT,NO NUMBER,,,,no MT number in the deal name,,,,,,,https://app.hubspot.com/contacts/7423331/record/0-3/7688195627
55827385942,NVT: Breast Cancer - Fresh Tissue,NVT,NO NUMBER,,,,no MT number in the deal name,,,,,,,https://app.hubspot.com/contacts/7423331/record/0-3/55827385942
12464992378,"NVT: Breast, CRC, NSCLC - tissue",NVT,NO NUMBER,,,,no MT number in the deal name,,,,,,,https://app.hubspot.com/contacts/7423331/record/0-3/12464992378
13308446242,NVT: Castration resistant prostate cancer - FFPE,NVT,NO NUMBER,,,,no MT number in the deal name,,,,,,,https://app.hubspot.com/contacts/7423331/record/0-3/13308446242
28939958158,NVT: Chronic spontaneous urticaria - serum,NVT,NO NUMBER,,,,no MT number in the deal name,,,,,,,https://app.hubspot.com/contacts/7423331/record/0-3/28939958158
41880262666,"NVT: CKD - FFPE, Frozen Tissue, Serum, Urine",NVT,NO NUMBER,,,,no MT number in the deal name,,,,,,,https://app.hubspot.com/contacts/7423331/record/0-3/41880262666
44491137414,"NVT: CKD - Serum, Urine",NVT,NO NUMBER,,,,no MT number in the deal name,,,,,,,https://app.hubspot.com/contacts/7423331/record/0-3/44491137414
59168636255,NVT: CKD FFPE,NVT,NO NUMBER,,,,no MT number in the deal name,,,,,,,https://app.hubspot.com/contacts/7423331/record/0-3/59168636255
9429370728,NVT: CKI and AKI - urine,NVT,NO NUMBER,,,,no MT number in the deal name,,,,,,,https://app.hubspot.com/contacts/7423331/record/0-3/9429370728
29895206026,NVT: CRC and pancreatic cancer - FFPE,NVT,NO NUMBER,,,,no MT number in the deal name,,,,,,,https://app.hubspot.com/contacts/7423331/record/0-3/29895206026
41155780533,"NVT: Diffuse Scleroderma - FFPE, Serum (See Note)",NVT,NO NUMBER,,,,no MT number in the deal name,,,,,,,https://app.hubspot.com/contacts/7423331/record/0-3/41155780533
44539299417,"NVT: Diffuse Scleroderma - Serum, Urine",NVT,NO NUMBER,,,,no MT number in the deal name,,,,,,,https://app.hubspot.com/contacts/7423331/record/0-3/44539299417
59168636319,NVT: Diffuse Scleroderma FFPE,NVT,NO NUMBER,,,,no MT number in the deal name,,,,,,,https://app.hubspot.com/contacts/7423331/record/0-3/59168636319
13303498339,NVT: ER+ breast progression on CDK4/6 inhibitors - FFPE,NVT,NO NUMBER,,,,no MT number in the deal name,,,,,,,https://app.hubspot.com/contacts/7423331/record/0-3/13303498339
49646780464,NVT: H&N HPV +/- - FFPE,NVT,NO NUMBER,,,,no MT number in the deal name,,,,,,,https://app.hubspot.com/contacts/7423331/record/0-3/49646780464
34309597714,NVT: HR+ breast & NSCLC - tissue,NVT,NO NUMBER,,,,no MT number in the deal name,,,,,,,https://app.hubspot.com/contacts/7423331/record/0-3/34309597714
4443100953,NVT: Lung cancer mutants (KRAS) - serum,NVT,NO NUMBER,,,,no MT number in the deal name,,,,,,,https://app.hubspot.com/contacts/7423331/record/0-3/4443100953
44570589998,NVT: MASH/NAFLD - FFPE,NVT,NO NUMBER,,,,no MT number in the deal name,,,,,,,https://app.hubspot.com/contacts/7423331/record/0-3/44570589998
41880262828,"NVT: MASH/NAFLD - FFPE, Frozen Tissue, Serum, Urine",NVT,NO NUMBER,,,,no MT number in the deal name,,,,,,,https://app.hubspot.com/contacts/7423331/record/0-3/41880262828
2459949566,NVT: MDS - BMMC,NVT,NO NUMBER,,,,no MT number in the deal name,,,,,,,https://app.hubspot.com/contacts/7423331/record/0-3/2459949566
42071563091,NVT: MDS - BMMCs,NVT,NO NUMBER,,,,no MT number in the deal name,,,,,,,https://app.hubspot.com/contacts/7423331/record/0-3/42071563091
21783439941,"NVT: Met breast, CRC, NSCLC, panc, prostate lesion - tissue",NVT,NO NUMBER,,,,no MT number in the deal name,,,,,,,https://app.hubspot.com/contacts/7423331/record/0-3/21783439941
14532484457,NVT: metastatic SCLC - FFPE,NVT,NO NUMBER,,,,no MT number in the deal name,,,,,,,https://app.hubspot.com/contacts/7423331/record/0-3/14532484457
6023828871,"NVT: MSS CRC, Endometrial, Gastric - FFPE",NVT,NO NUMBER,,,,no MT number in the deal name,,,,,,,https://app.hubspot.com/contacts/7423331/record/0-3/6023828871
42070940757,"NVT: Multiple myeloma on targeted therapies - BMMCs, PBMCs",NVT,NO NUMBER,,,,no MT number in the deal name,,,,,,,https://app.hubspot.com/contacts/7423331/record/0-3/42070940757
7464742988,NVT: NASH - OCT tissue & FFPE,NVT,NO NUMBER,,,,no MT number in the deal name,,,,,,,https://app.hubspot.com/contacts/7423331/record/0-3/7464742988
55031387161,NVT: Normal - Post-Mortem Organs - Flash Frozen Tissue,NVT,NO NUMBER,,,,no MT number in the deal name,,,,,,,https://app.hubspot.com/contacts/7423331/record/0-3/55031387161
33499268717,NVT: Normal skin biopsy - frozen tissue,NVT,NO NUMBER,,,,no MT number in the deal name,,,,,,,https://app.hubspot.com/contacts/7423331/record/0-3/33499268717
7925153573,NVT: Normal subjects over 80 - Plasma or Serum,NVT,NO NUMBER,,,,no MT number in the deal name,,,,,,,https://app.hubspot.com/contacts/7423331/record/0-3/7925153573
15056889633,NVT: Normal tonsil - tissue,NVT,NO NUMBER,,,,no MT number in the deal name,,,,,,,https://app.hubspot.com/contacts/7423331/record/0-3/15056889633
9178646630,NVT: NSCLC - blood,NVT,NO NUMBER,,,,no MT number in the deal name,,,,,,,https://app.hubspot.com/contacts/7423331/record/0-3/9178646630
4137310320,"NVT: NSCLC - tumor, blood, & lymph node",NVT,NO NUMBER,,,,no MT number in the deal name,,,,,,,https://app.hubspot.com/contacts/7423331/record/0-3/4137310320
5842598221,NVT: NSCLC mutation - FFPE + Plasma,NVT,NO NUMBER,,,,no MT number in the deal name,,,,,,,https://app.hubspot.com/contacts/7423331/record/0-3/5842598221
13308446068,NVT: NSCLC progression on TKI inhibitors - FFPE,NVT,NO NUMBER,,,,no MT number in the deal name,,,,,,,https://app.hubspot.com/contacts/7423331/record/0-3/13308446068
30181734692,NVT: Pancreatic tissue - normal FFPE or NAT,NVT,NO NUMBER,,,,no MT number in the deal name,,,,,,,https://app.hubspot.com/contacts/7423331/record/0-3/30181734692
2467112679,NVT: PBC & PSC - FFPE,NVT,NO NUMBER,,,,no MT number in the deal name,,,,,,,https://app.hubspot.com/contacts/7423331/record/0-3/2467112679
13357084716,NVT: post neoadjuvant gemcitabine pancreatic cancer - FFPE,NVT,NO NUMBER,,,,no MT number in the deal name,,,,,,,https://app.hubspot.com/contacts/7423331/record/0-3/13357084716
62448752002,NVT: Primary Prostate Cancer - Fresh Tissue,NVT,NO NUMBER,,,,no MT number in the deal name,,,,,,,https://app.hubspot.com/contacts/7423331/record/0-3/62448752002
62448754062,NVT: Primary Prostate Cancer - Fresh Tissue,NVT,NO NUMBER,,,,no MT number in the deal name,,,,,,,https://app.hubspot.com/contacts/7423331/record/0-3/62448754062
55031263301,NVT: Prostate - FF Tissue,NVT,NO NUMBER,,,,no MT number in the deal name,,,,,,,https://app.hubspot.com/contacts/7423331/record/0-3/55031263301
21900072357,NVT: Prostate - fresh tumor,NVT,NO NUMBER,,,,no MT number in the deal name,,,,,,,https://app.hubspot.com/contacts/7423331/record/0-3/21900072357
2467258506,"NVT: RA, PsA, AS - serum",NVT,NO NUMBER,,,,no MT number in the deal name,,,,,,,https://app.hubspot.com/contacts/7423331/record/0-3/2467258506
16304684204,NVT: SCLC - leukopaks,NVT,NO NUMBER,,,,no MT number in the deal name,,,,,,,https://app.hubspot.com/contacts/7423331/record/0-3/16304684204
42071563159,"NVT: SCLC - PBMCs, Plasma",NVT,NO NUMBER,,,,no MT number in the deal name,,,,,,,https://app.hubspot.com/contacts/7423331/record/0-3/42071563159
34317209651,NVT: SCLC on Tarlatamab - blood,NVT,NO NUMBER,,,,no MT number in the deal name,,,,,,,https://app.hubspot.com/contacts/7423331/record/0-3/34317209651
38851361088,NVT: Scleroderma - tissue,NVT,NO NUMBER,,,,no MT number in the deal name,,,,,,,https://app.hubspot.com/contacts/7423331/record/0-3/38851361088
43097122682,NVT: Systemic Sclerosis - GI Tissue,NVT,NO NUMBER,,,,no MT number in the deal name,,,,,,,https://app.hubspot.com/contacts/7423331/record/0-3/43097122682
10358957636,NVT: Various cancers with BRAF - FFPE,NVT,NO NUMBER,,,,no MT number in the deal name,,,,,,,https://app.hubspot.com/contacts/7423331/record/0-3/10358957636
19010903053,NXO: Longitudinal cancer - plasma,NXO,NO NUMBER,,,,no MT number in the deal name,,,,,,,https://app.hubspot.com/contacts/7423331/record/0-3/19010903053
16958067852,OCH: IO bank - plasma,OCH,NO NUMBER,,,,no MT number in the deal name,,,,,,,https://app.hubspot.com/contacts/7423331/record/0-3/16958067852
12626731835,ODY: Crohn's disease & ulcerative colitis - frozen tissue,ODY,NO NUMBER,,,,no MT number in the deal name,,,,,,,https://app.hubspot.com/contacts/7423331/record/0-3/12626731835
21094518310,"OMR: AMD, glaucoma, cataract surgery - vitreous fluid, aqueous humor",OMR,NO NUMBER,,,,no MT number in the deal name,,,,,,,https://app.hubspot.com/contacts/7423331/record/0-3/21094518310
20909107810,OMR: AML - BMMCs,OMR,NO NUMBER,,,,no MT number in the deal name,,,,,,,https://app.hubspot.com/contacts/7423331/record/0-3/20909107810
19391697505,"OMR: Asthma, COPD, healthy - plasma, serum",OMR,NO NUMBER,,,,no MT number in the deal name,,,,,,,https://app.hubspot.com/contacts/7423331/record/0-3/19391697505
18034523184,ONS: Multiple Sclerosis - longitudinal PBMC,ONS,NO NUMBER,,,,no MT number in the deal name,,,,,,,https://app.hubspot.com/contacts/7423331/record/0-3/18034523184
19093940782,"OWK: Bladder cancer, DLBCL, mesothelioma - FFPE",OWK,NO NUMBER,,,,no MT number in the deal name,,,,,,,https://app.hubspot.com/contacts/7423331/record/0-3/19093940782
17925687095,OXB: Colonoscopy - frozen blood,OXB,NO NUMBER,,,,no MT number in the deal name,,,,,,,https://app.hubspot.com/contacts/7423331/record/0-3/17925687095
63222836626,OXC - COPD/Lung Cancer Samples,OXC,NO NUMBER,,,,no MT number in the deal name,,,,,,,https://app.hubspot.com/contacts/7423331/record/0-3/63222836626
9264122702,PBD: NSCLC - blood (SEE NOTES),PBD,NO NUMBER,,,,no MT number in the deal name,,,,,,,https://app.hubspot.com/contacts/7423331/record/0-3/9264122702
33733515083,PBI: Pre-biologics ulcerative colitis - blood,PBI,NO NUMBER,,,,no MT number in the deal name,,,,,,,https://app.hubspot.com/contacts/7423331/record/0-3/33733515083
7248310868,PBL: PSA - serum,PBL,NO NUMBER,,,,no MT number in the deal name,,,,,,,https://app.hubspot.com/contacts/7423331/record/0-3/7248310868
9026841663,"PBS: HN, TNBC, CRC, NSCLC, melanoma - FFPE",PBS,NO NUMBER,,,,no MT number in the deal name,,,,,,,https://app.hubspot.com/contacts/7423331/record/0-3/9026841663
16911636130,PCD: Naive stage III & off-therapy stage IV prostate cancer - plasma,PCD,NO NUMBER,,,,no MT number in the deal name,,,,,,,https://app.hubspot.com/contacts/7423331/record/0-3/16911636130
11145815052,PCD: Naive stage III-IV breast & lung with PDL1 status - plasma,PCD,NO NUMBER,,,,no MT number in the deal name,,,,,,,https://app.hubspot.com/contacts/7423331/record/0-3/11145815052
16496372740,PCD: Stage III breast - FFPE & plasma,PCD,NO NUMBER,,,,no MT number in the deal name,,,,,,,https://app.hubspot.com/contacts/7423331/record/0-3/16496372740
15707929986,"PCD: Stage III-IV breast & lung - FFPE, plasma",PCD,NO NUMBER,,,,no MT number in the deal name,,,,,,,https://app.hubspot.com/contacts/7423331/record/0-3/15707929986
16911635894,PCD: Stage IV prostate cancer off therapy - blood,PCD,NO NUMBER,,,,no MT number in the deal name,,,,,,,https://app.hubspot.com/contacts/7423331/record/0-3/16911635894
11132650676,PCF: Bladder cancer - FFPE,PCF,NO NUMBER,,,,no MT number in the deal name,,,,,,,https://app.hubspot.com/contacts/7423331/record/0-3/11132650676
10602978090,PCF: Bladder cancer with outcome - FFPE & urine,PCF,NO NUMBER,,,,no MT number in the deal name,,,,,,,https://app.hubspot.com/contacts/7423331/record/0-3/10602978090
63436749713,PFM: AAV8/9 Tested - Serum,PFM,NO NUMBER,,,,no MT number in the deal name,,,,,,,https://app.hubspot.com/contacts/7423331/record/0-3/63436749713
8722727795,PFM: AML - Serum,PFM,NO NUMBER,,,,no MT number in the deal name,,,,,,,https://app.hubspot.com/contacts/7423331/record/0-3/8722727795
4104016313,PFM: Any solid tumor - cores,PFM,NO NUMBER,,,,no MT number in the deal name,,,,,,,https://app.hubspot.com/contacts/7423331/record/0-3/4104016313
4169971428,PFM: DLBCL & Follicular lymphoma - tumor cores,PFM,NO NUMBER,,,,no MT number in the deal name,,,,,,,https://app.hubspot.com/contacts/7423331/record/0-3/4169971428
8617404060,PFM: Hidradenitis suppurativa - fresh tissue,PFM,NO NUMBER,,,,no MT number in the deal name,,,,,,,https://app.hubspot.com/contacts/7423331/record/0-3/8617404060
8167603496,PFZ: Breast cancer (ER+) - FFPE,PFZ,NO NUMBER,,,,no MT number in the deal name,,,,,,,https://app.hubspot.com/contacts/7423331/record/0-3/8167603496
14882285422,PFZ: Breast cancer / multiple myeloma pre/post therapy - fresh frozen tissue / BMMCs,PFZ,NO NUMBER,,,,no MT number in the deal name,,,,,,,https://app.hubspot.com/contacts/7423331/record/0-3/14882285422
9286095678,PFZ: Chicken Pox - Swabs,PFZ,NO NUMBER,,,,no MT number in the deal name,,,,,,,https://app.hubspot.com/contacts/7423331/record/0-3/9286095678
6590540946,PFZ: COVID - remnant swab + serum,PFZ,NO NUMBER,,,,no MT number in the deal name,,,,,,,https://app.hubspot.com/contacts/7423331/record/0-3/6590540946
2016978707,PFZ: COVID - serum II,PFZ,NO NUMBER,,,,no MT number in the deal name,,,,,,,https://app.hubspot.com/contacts/7423331/record/0-3/2016978707
9253745283,PFZ: Covid-19 - Swabs,PFZ,NO NUMBER,,,,no MT number in the deal name,,,,,,,https://app.hubspot.com/contacts/7423331/record/0-3/9253745283
9826079892,PFZ: Flu a/b - Nasal swabs,PFZ,NO NUMBER,,,,no MT number in the deal name,,,,,,,https://app.hubspot.com/contacts/7423331/record/0-3/9826079892
51985637043,PFZ: Longitudinal IO - Blood,PFZ,NO NUMBER,,,,no MT number in the deal name,,,,,,,https://app.hubspot.com/contacts/7423331/record/0-3/51985637043
5053903397,PFZ: Lyme controls - serum,PFZ,NO NUMBER,,,,no MT number in the deal name,,,,,,,https://app.hubspot.com/contacts/7423331/record/0-3/5053903397
12550369292,PFZ: NASH - FFPE,PFZ,NO NUMBER,,,,no MT number in the deal name,,,,,,,https://app.hubspot.com/contacts/7423331/record/0-3/12550369292
60008710471,PFZ: Normal post-mortem organs to China - FFPE,PFZ,NO NUMBER,,,,no MT number in the deal name,,,,,,,https://app.hubspot.com/contacts/7423331/record/0-3/60008710471
50324386877,PFZ: Normal Tonsil - Tissue,PFZ,NO NUMBER,,,,no MT number in the deal name,,,,,,,https://app.hubspot.com/contacts/7423331/record/0-3/50324386877
15073364005,PFZ: Pre/post therapy breast cancer - frozen tissue,PFZ,NO NUMBER,,,,no MT number in the deal name,,,,,,,https://app.hubspot.com/contacts/7423331/record/0-3/15073364005
15073363847,PFZ: Pre/post therapy multiple myeloma - BMMC,PFZ,NO NUMBER,,,,no MT number in the deal name,,,,,,,https://app.hubspot.com/contacts/7423331/record/0-3/15073363847
12282639908,PFZ: respiratory - swabs,PFZ,NO NUMBER,,,,no MT number in the deal name,,,,,,,https://app.hubspot.com/contacts/7423331/record/0-3/12282639908
11243505833,PFZ: RSV A & B - swabs,PFZ,NO NUMBER,,,,no MT number in the deal name,,,,,,,https://app.hubspot.com/contacts/7423331/record/0-3/11243505833
5169425975,PFZ: Shingrix vaccinated - serum & PBMCs,PFZ,NO NUMBER,,,,no MT number in the deal name,,,,,,,https://app.hubspot.com/contacts/7423331/record/0-3/5169425975
64175294110,PFZ: Tonsil pilot - tissue,PFZ,NO NUMBER,,,,no MT number in the deal name,,,,,,,https://app.hubspot.com/contacts/7423331/record/0-3/64175294110
23226570031,PFZ: UTI positive - urine,PFZ,NO NUMBER,,,,no MT number in the deal name,,,,,,,https://app.hubspot.com/contacts/7423331/record/0-3/23226570031
4023325576,PFZ: Vaccinated flu - serum,PFZ,NO NUMBER,,,,no MT number in the deal name,,,,,,,https://app.hubspot.com/contacts/7423331/record/0-3/4023325576
7635354804,PGD: CRC NAT - FFPE,PGD,NO NUMBER,,,,no MT number in the deal name,,,,,,,https://app.hubspot.com/contacts/7423331/record/0-3/7635354804
6986565389,PGD: Non cancerous  - FFPE and buffy coat,PGD,NO NUMBER,,,,no MT number in the deal name,,,,,,,https://app.hubspot.com/contacts/7423331/record/0-3/6986565389
21672399182,"PGD: Normal - FFPE, buffy coat",PGD,NO NUMBER,,,,no MT number in the deal name,,,,,,,https://app.hubspot.com/contacts/7423331/record/0-3/21672399182
7328466027,PGD: Normals - Matched FFPE and Buffy Coat,PGD,NO NUMBER,,,,no MT number in the deal name,,,,,,,https://app.hubspot.com/contacts/7423331/record/0-3/7328466027
6526715819,PGD: NSCLC & LGSOC - plasma,PGD,NO NUMBER,,,,no MT number in the deal name,,,,,,,https://app.hubspot.com/contacts/7423331/record/0-3/6526715819
7069907889,"PGD: NSCLC or CRC - Matched FFPE, Plasma, Buffy Coat / PBMCs",PGD,NO NUMBER,,,,no MT number in the deal name,,,,,,,https://app.hubspot.com/contacts/7423331/record/0-3/7069907889
5785463189,"PGD: NSCLC, melanoma, CRC - plasma, buffy coat, FFPE",PGD,NO NUMBER,,,,no MT number in the deal name,,,,,,,https://app.hubspot.com/contacts/7423331/record/0-3/5785463189
14796711081,PGD: Stage I-II Cancers Orthogonal Assays - plasma,PGD,NO NUMBER,,,,no MT number in the deal name,,,,,,,https://app.hubspot.com/contacts/7423331/record/0-3/14796711081
14377234823,PGD: Stage I-III breast - blood + FFPE,PGD,NO NUMBER,,,,no MT number in the deal name,,,,,,,https://app.hubspot.com/contacts/7423331/record/0-3/14377234823
14047174226,"PGD: stage II-III bladder, breast, CRC, NSCLC - FFPE, plasma, buffy coat, PBMCs (see note)",PGD,NO NUMBER,,,,no MT number in the deal name,,,,,,,https://app.hubspot.com/contacts/7423331/record/0-3/14047174226
10967656862,PGD: Stage III-IV stability study - 50 mL plasma,PGD,NO NUMBER,,,,no MT number in the deal name,,,,,,,https://app.hubspot.com/contacts/7423331/record/0-3/10967656862
6015694467,PGD: TNBC - FFPE,PGD,NO NUMBER,,,,no MT number in the deal name,,,,,,,https://app.hubspot.com/contacts/7423331/record/0-3/6015694467
37855710726,"PIA: Atopic derm non-responders, partial, complete - blood & tissue",PIA,NO NUMBER,,,,no MT number in the deal name,,,,,,,https://app.hubspot.com/contacts/7423331/record/0-3/37855710726
35852685701,PIA: Longitudinal atopic derm Dupi - biopsies & blood,PIA,NO NUMBER,,,,no MT number in the deal name,,,,,,,https://app.hubspot.com/contacts/7423331/record/0-3/35852685701
29296110766,PIQ: Smokers or healthies pre-analytics study - plasma,PIQ,NO NUMBER,,,,no MT number in the deal name,,,,,,,https://app.hubspot.com/contacts/7423331/record/0-3/29296110766
62455762221,PLB: AIHA - Serum,PLB,NO NUMBER,,,,no MT number in the deal name,,,,,,,https://app.hubspot.com/contacts/7423331/record/0-3/62455762221
13701056938,"PLB: cancers - tissue, serum, PBMCs",PLB,NO NUMBER,,,,no MT number in the deal name,,,,,,,https://app.hubspot.com/contacts/7423331/record/0-3/13701056938
14894711439,PLB: CRC - plasma,PLB,NO NUMBER,,,,no MT number in the deal name,,,,,,,https://app.hubspot.com/contacts/7423331/record/0-3/14894711439
14045445190,PLB: Mesothelioma - FFPE,PLB,NO NUMBER,,,,no MT number in the deal name,,,,,,,https://app.hubspot.com/contacts/7423331/record/0-3/14045445190
9429366147,"PLS: ""hematological malignancies (leukemia, lymphoma, multiple myeloma)""- FFPE",PLS,NO NUMBER,,,,no MT number in the deal name,,,,,,,https://app.hubspot.com/contacts/7423331/record/0-3/9429366147
64133974582,PNK: Normal - vaginal swabs,PNK,NO NUMBER,,,,no MT number in the deal name,,,,,,,https://app.hubspot.com/contacts/7423331/record/0-3/64133974582
54835598594,"PNT: Healthy, high risk, ovarian cancer - plasma",PNT,NO NUMBER,,,,no MT number in the deal name,,,,,,,https://app.hubspot.com/contacts/7423331/record/0-3/54835598594
13425271908,PRB: Cancer (Boston) - tissue,PRB,NO NUMBER,,,,no MT number in the deal name,,,,,,,https://app.hubspot.com/contacts/7423331/record/0-3/13425271908
17022738791,PRD: Bladder Cancer (positive and negative) - urine,PRD,NO NUMBER,,,,no MT number in the deal name,,,,,,,https://app.hubspot.com/contacts/7423331/record/0-3/17022738791
11782053438,PRD: Healthy - Urine,PRD,NO NUMBER,,,,no MT number in the deal name,,,,,,,https://app.hubspot.com/contacts/7423331/record/0-3/11782053438
32155280486,PRD: NMIBC - Urine and FFPE slides,PRD,NO NUMBER,,,,no MT number in the deal name,,,,,,,https://app.hubspot.com/contacts/7423331/record/0-3/32155280486
20783476649,PRD: NMIBC - Urine and FFPE slides,PRD,NO NUMBER,,,,no MT number in the deal name,,,,,,,https://app.hubspot.com/contacts/7423331/record/0-3/20783476649
19597406725,"PRD: Non-muscle invasive bladder cancer and healthy - tissue, urine",PRD,NO NUMBER,,,,no MT number in the deal name,,,,,,,https://app.hubspot.com/contacts/7423331/record/0-3/19597406725
31611839795,PRD: Solid tumors - plasma,PRD,NO NUMBER,,,,no MT number in the deal name,,,,,,,https://app.hubspot.com/contacts/7423331/record/0-3/31611839795
43542894511,PRN: TNBC & panc with Tx outcomes - FFPE,PRN,NO NUMBER,,,,no MT number in the deal name,,,,,,,https://app.hubspot.com/contacts/7423331/record/0-3/43542894511
42920508182,PRN: TNBC - fresh or frozen tissue + blood or PBMC-buffy,PRN,NO NUMBER,,,,no MT number in the deal name,,,,,,,https://app.hubspot.com/contacts/7423331/record/0-3/42920508182
4137342910,PRS: CRC & breast - FFPE + plasma,PRS,NO NUMBER,,,,no MT number in the deal name,,,,,,,https://app.hubspot.com/contacts/7423331/record/0-3/4137342910
9400260496,"PRS: Leukemia, lymphoma, multiple myeloma - plasma, PBMCs, buccal swab, bone marrow",PRS,NO NUMBER,,,,no MT number in the deal name,,,,,,,https://app.hubspot.com/contacts/7423331/record/0-3/9400260496
8948298773,PRS: Longitudinal breast cancer - FFPE & plasma,PRS,NO NUMBER,,,,no MT number in the deal name,,,,,,,https://app.hubspot.com/contacts/7423331/record/0-3/8948298773
4181284738,"PRS: Lung, kidney and CRC - DTCs",PRS,NO NUMBER,,,,no MT number in the deal name,,,,,,,https://app.hubspot.com/contacts/7423331/record/0-3/4181284738
8870934673,PRS: Melanoma - FFPE & buffy coat,PRS,NO NUMBER,,,,no MT number in the deal name,,,,,,,https://app.hubspot.com/contacts/7423331/record/0-3/8870934673
4339966237,"PRS: RCC, CRC, lung - tissue cores (Phase 3)",PRS,NO NUMBER,,,,no MT number in the deal name,,,,,,,https://app.hubspot.com/contacts/7423331/record/0-3/4339966237
8829740356,PRS: Stage III/IV Melanoma - FFPE & buffy coat or blood,PRS,NO NUMBER,,,,no MT number in the deal name,,,,,,,https://app.hubspot.com/contacts/7423331/record/0-3/8829740356
5183072164,PRT: MM - BMMC,PRT,NO NUMBER,,,,no MT number in the deal name,,,,,,,https://app.hubspot.com/contacts/7423331/record/0-3/5183072164
5112587085,PSA: Oncology - leukopak,PSA,NO NUMBER,,,,no MT number in the deal name,,,,,,,https://app.hubspot.com/contacts/7423331/record/0-3/5112587085
6089600074,PSD: Prostate cancer & myeloma - apheresis,PSD,NO NUMBER,,,,no MT number in the deal name,,,,,,,https://app.hubspot.com/contacts/7423331/record/0-3/6089600074
12777565603,PTA: Ovarian cancer treated with PARPi with outcome - FFPE,PTA,NO NUMBER,,,,no MT number in the deal name,,,,,,,https://app.hubspot.com/contacts/7423331/record/0-3/12777565603
35043547034,PTG: Psoriasis - whole blood,PTG,NO NUMBER,,,,no MT number in the deal name,,,,,,,https://app.hubspot.com/contacts/7423331/record/0-3/35043547034
59814833687,PTH: Bladder Cancer - FFPE,PTH,NO NUMBER,,,,no MT number in the deal name,,,,,,,https://app.hubspot.com/contacts/7423331/record/0-3/59814833687
10952384883,PTH: Breast cancer - FFPE,PTH,NO NUMBER,,,,no MT number in the deal name,,,,,,,https://app.hubspot.com/contacts/7423331/record/0-3/10952384883
10395328566,PTH: CRPC - FFPE (see note),PTH,NO NUMBER,,,,no MT number in the deal name,,,,,,,https://app.hubspot.com/contacts/7423331/record/0-3/10395328566
10210774169,PTH: HER2 - FFPE,PTH,NO NUMBER,,,,no MT number in the deal name,,,,,,,https://app.hubspot.com/contacts/7423331/record/0-3/10210774169
7514119966,PTH: HER2 positive and negative - FFPE,PTH,NO NUMBER,,,,no MT number in the deal name,,,,,,,https://app.hubspot.com/contacts/7423331/record/0-3/7514119966
12256611853,PTH: HNSCC - FFPE,PTH,NO NUMBER,,,,no MT number in the deal name,,,,,,,https://app.hubspot.com/contacts/7423331/record/0-3/12256611853
10034589094,PTH: HNSCC pre-screened for PD-L1 status - FFPE,PTH,NO NUMBER,,,,no MT number in the deal name,,,,,,,https://app.hubspot.com/contacts/7423331/record/0-3/10034589094
9142608457,"PTH: NASH - tissue, plasma, radiology",PTH,NO NUMBER,,,,no MT number in the deal name,,,,,,,https://app.hubspot.com/contacts/7423331/record/0-3/9142608457
10162786143,PTH: NASH resections - FFPE,PTH,NO NUMBER,,,,no MT number in the deal name,,,,,,,https://app.hubspot.com/contacts/7423331/record/0-3/10162786143
10187728531,PTH: Normal liver - tissue,PTH,NO NUMBER,,,,no MT number in the deal name,,,,,,,https://app.hubspot.com/contacts/7423331/record/0-3/10187728531
7513921299,PTH: Normal placenta - FFPE,PTH,NO NUMBER,,,,no MT number in the deal name,,,,,,,https://app.hubspot.com/contacts/7423331/record/0-3/7513921299
16579608612,PTH: NSCLC - FFPE,PTH,NO NUMBER,,,,no MT number in the deal name,,,,,,,https://app.hubspot.com/contacts/7423331/record/0-3/16579608612
14899455861,PTH: NSCLC with MET status - FFPE,PTH,NO NUMBER,,,,no MT number in the deal name,,,,,,,https://app.hubspot.com/contacts/7423331/record/0-3/14899455861
10210774415,PTH: Placenta and Uterus - FFPE,PTH,NO NUMBER,,,,no MT number in the deal name,,,,,,,https://app.hubspot.com/contacts/7423331/record/0-3/10210774415
10395328920,PTH: Post-IO - FFPE,PTH,NO NUMBER,,,,no MT number in the deal name,,,,,,,https://app.hubspot.com/contacts/7423331/record/0-3/10395328920
10359338337,PTN: NSCLC from different regions - FFPE,PTN,NO NUMBER,,,,no MT number in the deal name,,,,,,,https://app.hubspot.com/contacts/7423331/record/0-3/10359338337
15287260160,Q2S: Celiac disease biopsy - tissue,Q2S,NO NUMBER,,,,no MT number in the deal name,,,,,,,https://app.hubspot.com/contacts/7423331/record/0-3/15287260160
13070124670,Q2S: Post BA-5 COVID vaccination - serum,Q2S,NO NUMBER,,,,no MT number in the deal name,,,,,,,https://app.hubspot.com/contacts/7423331/record/0-3/13070124670
55671507616,Q32: Alopecia Areata + Normal - Skin Biopsy FFPE,Q32,NO NUMBER,,,,no MT number in the deal name,,,,,,,https://app.hubspot.com/contacts/7423331/record/0-3/55671507616
20518764319,QGN: ER+HER2-breast cancer stage IV - whole blood,QGN,NO NUMBER,,,,no MT number in the deal name,,,,,,,https://app.hubspot.com/contacts/7423331/record/0-3/20518764319
64333765669,QIA: Myeloproliferative neoplasm (MPN) - frozen blood,QIA,NO NUMBER,,,,no MT number in the deal name,,,,,,,https://app.hubspot.com/contacts/7423331/record/0-3/64333765669
63290872989,"QIA: Stage IV ER+, HER2-ve Breast Cancer - Whole Blood",QIA,NO NUMBER,,,,no MT number in the deal name,,,,,,,https://app.hubspot.com/contacts/7423331/record/0-3/63290872989
7415810423,QTL: DLBCL - blood,QTL,NO NUMBER,,,,no MT number in the deal name,,,,,,,https://app.hubspot.com/contacts/7423331/record/0-3/7415810423
34327569475,"QTT: Atopic dermatitis - frozen tissue, plasma, buffy coat",QTT,NO NUMBER,,,,no MT number in the deal name,,,,,,,https://app.hubspot.com/contacts/7423331/record/0-3/34327569475
16107023721,"QTT: Bladder, H&N, kidney, liver, melanoma, NSCLC - tissue & PBMC",QTT,NO NUMBER,,,,no MT number in the deal name,,,,,,,https://app.hubspot.com/contacts/7423331/record/0-3/16107023721
20308062988,QTT: COPD Lung - frozen tissue,QTT,NO NUMBER,,,,no MT number in the deal name,,,,,,,https://app.hubspot.com/contacts/7423331/record/0-3/20308062988
20302986417,QTT: Fatty liver disease (alcohol) ARLD / PBC - frozen tissue and PBMC,QTT,NO NUMBER,,,,no MT number in the deal name,,,,,,,https://app.hubspot.com/contacts/7423331/record/0-3/20302986417
20821151805,QTT: Huntington's disease - PBMCs,QTT,NO NUMBER,,,,no MT number in the deal name,,,,,,,https://app.hubspot.com/contacts/7423331/record/0-3/20821151805
21455219504,QTT: MSI-H CRC - FFPE,QTT,NO NUMBER,,,,no MT number in the deal name,,,,,,,https://app.hubspot.com/contacts/7423331/record/0-3/21455219504
17857915702,QTT: Multi cancer (100 subjects) - tissue & buffy coat,QTT,NO NUMBER,,,,no MT number in the deal name,,,,,,,https://app.hubspot.com/contacts/7423331/record/0-3/17857915702
17857914740,QTT: Multi cancer (50 subjects) - tissue & buffy coat,QTT,NO NUMBER,,,,no MT number in the deal name,,,,,,,https://app.hubspot.com/contacts/7423331/record/0-3/17857914740
20695531193,QTT: Parkinson's Disease - PBMC & CSF,QTT,NO NUMBER,,,,no MT number in the deal name,,,,,,,https://app.hubspot.com/contacts/7423331/record/0-3/20695531193
32803266910,"QTT: RA - synovial fluid, synovial tissue, PBMCs",QTT,NO NUMBER,,,,no MT number in the deal name,,,,,,,https://app.hubspot.com/contacts/7423331/record/0-3/32803266910
28423621811,"QTT: Warm autoimmune hemolytic anemia - blood, PBMCs",QTT,NO NUMBER,,,,no MT number in the deal name,,,,,,,https://app.hubspot.com/contacts/7423331/record/0-3/28423621811
60019203614,RBS: Normal skin - blood & tissue,RBS,NO NUMBER,,,,no MT number in the deal name,,,,,,,https://app.hubspot.com/contacts/7423331/record/0-3/60019203614
29603589467,RBS: normal skin - tissue and whole blood,RBS,NO NUMBER,,,,no MT number in the deal name,,,,,,,https://app.hubspot.com/contacts/7423331/record/0-3/29603589467
4619805082,RCH: 1500 negative COVID - swabs,RCH,NO NUMBER,,,,no MT number in the deal name,,,,,,,https://app.hubspot.com/contacts/7423331/record/0-3/4619805082
17982939745,"RCH: 1800 subject cancer, inflammatory, healthy - blood",RCH,NO NUMBER,,,,no MT number in the deal name,,,,,,,https://app.hubspot.com/contacts/7423331/record/0-3/17982939745
3213068859,RCH: 250 COVID - serum & plasma,RCH,NO NUMBER,,,,no MT number in the deal name,,,,,,,https://app.hubspot.com/contacts/7423331/record/0-3/3213068859
13803412313,RCH: 3 NAT types - frozen tissue,RCH,NO NUMBER,,,,no MT number in the deal name,,,,,,,https://app.hubspot.com/contacts/7423331/record/0-3/13803412313
6037976900,"RCH: 5 therapeutics post-kidney, liver, heart transplant - blood",RCH,NO NUMBER,,,,no MT number in the deal name,,,,,,,https://app.hubspot.com/contacts/7423331/record/0-3/6037976900
3189898405,RCH: 500 COVID negatives - swabs & serum,RCH,NO NUMBER,,,,no MT number in the deal name,,,,,,,https://app.hubspot.com/contacts/7423331/record/0-3/3189898405
10210774330,RCH: Anaplastic Large Cell Lymphoma (ALCL) ALK Positive - FFPE,RCH,NO NUMBER,,,,no MT number in the deal name,,,,,,,https://app.hubspot.com/contacts/7423331/record/0-3/10210774330
3971917614,RCH: Anemia - Serum,RCH,NO NUMBER,,,,no MT number in the deal name,,,,,,,https://app.hubspot.com/contacts/7423331/record/0-3/3971917614
9263449970,"RCH: Asthma, COPD, healthy - sputum",RCH,NO NUMBER,,,,no MT number in the deal name,,,,,,,https://app.hubspot.com/contacts/7423331/record/0-3/9263449970
5027202440,"RCH: Asymptomatic & Symptomatic - NPS, saliva",RCH,NO NUMBER,,,,no MT number in the deal name,,,,,,,https://app.hubspot.com/contacts/7423331/record/0-3/5027202440
3963218495,RCH: Asymptomatic COVID - swabs,RCH,NO NUMBER,,,,no MT number in the deal name,,,,,,,https://app.hubspot.com/contacts/7423331/record/0-3/3963218495
39980485746,RCH: At risk for hepatitis (Europe) - plasma & serum,RCH,NO NUMBER,,,,no MT number in the deal name,,,,,,,https://app.hubspot.com/contacts/7423331/record/0-3/39980485746
38854563627,RCH: At Risk for Hepatitis (US) - serum,RCH,NO NUMBER,,,,no MT number in the deal name,,,,,,,https://app.hubspot.com/contacts/7423331/record/0-3/38854563627
6024305573,RCH: Autoimmune - serum or plasma,RCH,NO NUMBER,,,,no MT number in the deal name,,,,,,,https://app.hubspot.com/contacts/7423331/record/0-3/6024305573
12181457031,RCH: Bordetella - swab,RCH,NO NUMBER,,,,no MT number in the deal name,,,,,,,https://app.hubspot.com/contacts/7423331/record/0-3/12181457031
9189651127,RCH: Breast cancer (HER2+) - FFPE,RCH,NO NUMBER,,,,no MT number in the deal name,,,,,,,https://app.hubspot.com/contacts/7423331/record/0-3/9189651127
11132813179,RCH: Breast to liver mets - FFPE,RCH,NO NUMBER,,,,no MT number in the deal name,,,,,,,https://app.hubspot.com/contacts/7423331/record/0-3/11132813179
11132890233,RCH: Breast to lung mets - FFPE,RCH,NO NUMBER,,,,no MT number in the deal name,,,,,,,https://app.hubspot.com/contacts/7423331/record/0-3/11132890233
11133003018,RCH: Breast to lymph node mets - FFPE,RCH,NO NUMBER,,,,no MT number in the deal name,,,,,,,https://app.hubspot.com/contacts/7423331/record/0-3/11133003018
5900234633,"RCH: Cancer screening - plasma, buffy, serum, FFPE",RCH,NO NUMBER,,,,no MT number in the deal name,,,,,,,https://app.hubspot.com/contacts/7423331/record/0-3/5900234633
7808814137,RCH: Capstone mutations - FFPE,RCH,NO NUMBER,,,,no MT number in the deal name,,,,,,,https://app.hubspot.com/contacts/7423331/record/0-3/7808814137
62446505763,RCH: Cervical screening - swabs,RCH,NO NUMBER,,,,no MT number in the deal name,,,,,,,https://app.hubspot.com/contacts/7423331/record/0-3/62446505763
16867104842,RCH: Cholangiocarcinoma - FFPE,RCH,NO NUMBER,,,,no MT number in the deal name,,,,,,,https://app.hubspot.com/contacts/7423331/record/0-3/16867104842
14785316451,RCH: Cholangiocarcinoma - FFPE,RCH,NO NUMBER,,,,no MT number in the deal name,,,,,,,https://app.hubspot.com/contacts/7423331/record/0-3/14785316451
12270040878,RCH: Colon Cancer - FFPE,RCH,NO NUMBER,,,,no MT number in the deal name,,,,,,,https://app.hubspot.com/contacts/7423331/record/0-3/12270040878
28586766974,"RCH: Colon, lung, non-cancer - plasma",RCH,NO NUMBER,,,,no MT number in the deal name,,,,,,,https://app.hubspot.com/contacts/7423331/record/0-3/28586766974
1893267236,RCH: COVID - plasma,RCH,NO NUMBER,,,,no MT number in the deal name,,,,,,,https://app.hubspot.com/contacts/7423331/record/0-3/1893267236
2263038671,RCH: COVID - test residuals +/-,RCH,NO NUMBER,,,,no MT number in the deal name,,,,,,,https://app.hubspot.com/contacts/7423331/record/0-3/2263038671
2718334398,RCH: COVID frozen 5200,RCH,NO NUMBER,,,,no MT number in the deal name,,,,,,,https://app.hubspot.com/contacts/7423331/record/0-3/2718334398
4179767219,RCH: COVID vaccinated - serum,RCH,NO NUMBER,,,,no MT number in the deal name,,,,,,,https://app.hubspot.com/contacts/7423331/record/0-3/4179767219
8560729159,RCH: CRC (HER2+) - FFPE,RCH,NO NUMBER,,,,no MT number in the deal name,,,,,,,https://app.hubspot.com/contacts/7423331/record/0-3/8560729159
13427058789,"RCH: CRC - FFPE, plasma, buffy coat",RCH,NO NUMBER,,,,no MT number in the deal name,,,,,,,https://app.hubspot.com/contacts/7423331/record/0-3/13427058789
5842570547,RCH: CRC - plasma,RCH,NO NUMBER,,,,no MT number in the deal name,,,,,,,https://app.hubspot.com/contacts/7423331/record/0-3/5842570547
18848043065,RCH: CRC - plasma and whole blood,RCH,NO NUMBER,,,,no MT number in the deal name,,,,,,,https://app.hubspot.com/contacts/7423331/record/0-3/18848043065
7432087137,"RCH: CRC - plasma, PBMC & tissue",RCH,NO NUMBER,,,,no MT number in the deal name,,,,,,,https://app.hubspot.com/contacts/7423331/record/0-3/7432087137
22265150362,"RCH: CRC, breast, lung - fresh frozen tissue and whole blood",RCH,NO NUMBER,,,,no MT number in the deal name,,,,,,,https://app.hubspot.com/contacts/7423331/record/0-3/22265150362
10528491101,"RCH: CRC, endometrial, gastric tumor or NAT sister blocks - FFPE",RCH,NO NUMBER,,,,no MT number in the deal name,,,,,,,https://app.hubspot.com/contacts/7423331/record/0-3/10528491101
3552609402,"RCH: DLBCL - FFPE, plasma, PBMC",RCH,NO NUMBER,,,,no MT number in the deal name,,,,,,,https://app.hubspot.com/contacts/7423331/record/0-3/3552609402
33811982992,RCH: DLBCL - plasma,RCH,NO NUMBER,,,,no MT number in the deal name,,,,,,,https://app.hubspot.com/contacts/7423331/record/0-3/33811982992
29551143069,RCH: DLBCL - plasma and buffy coat,RCH,NO NUMBER,,,,no MT number in the deal name,,,,,,,https://app.hubspot.com/contacts/7423331/record/0-3/29551143069
20801428623,"RCH: DLBCL - whole blood, plasma, saliva",RCH,NO NUMBER,,,,no MT number in the deal name,,,,,,,https://app.hubspot.com/contacts/7423331/record/0-3/20801428623
9691064350,"RCH: DLBCL, Peripheral T-Cell Lymphoma  - FFPE",RCH,NO NUMBER,,,,no MT number in the deal name,,,,,,,https://app.hubspot.com/contacts/7423331/record/0-3/9691064350
6810077087,RCH: EBV remnant - serum,RCH,NO NUMBER,,,,no MT number in the deal name,,,,,,,https://app.hubspot.com/contacts/7423331/record/0-3/6810077087
11934838439,RCH: Esophagus squamous cell carcinoma - FFPE,RCH,NO NUMBER,,,,no MT number in the deal name,,,,,,,https://app.hubspot.com/contacts/7423331/record/0-3/11934838439
12765484156,RCH: Extragonadal Germ Cell Tumors - FFPE,RCH,NO NUMBER,,,,no MT number in the deal name,,,,,,,https://app.hubspot.com/contacts/7423331/record/0-3/12765484156
3489632811,RCH: Gastric cancer - serum or plasma,RCH,NO NUMBER,,,,no MT number in the deal name,,,,,,,https://app.hubspot.com/contacts/7423331/record/0-3/3489632811
7859227283,RCH: Healthies - 450 mL whole blood,RCH,NO NUMBER,,,,no MT number in the deal name,,,,,,,https://app.hubspot.com/contacts/7423331/record/0-3/7859227283
1985240816,RCH: Healthy - serum,RCH,NO NUMBER,,,,no MT number in the deal name,,,,,,,https://app.hubspot.com/contacts/7423331/record/0-3/1985240816
31735800731,RCH: Healthy - whole blood,RCH,NO NUMBER,,,,no MT number in the deal name,,,,,,,https://app.hubspot.com/contacts/7423331/record/0-3/31735800731
22547909557,RCH: Healthy - whole blood,RCH,NO NUMBER,,,,no MT number in the deal name,,,,,,,https://app.hubspot.com/contacts/7423331/record/0-3/22547909557
18713328768,RCH: Healthy cfDNA Tube Stability - blood,RCH,NO NUMBER,,,,no MT number in the deal name,,,,,,,https://app.hubspot.com/contacts/7423331/record/0-3/18713328768
11854907244,RCH: Healthy Children - serum and plasma/whole blood,RCH,NO NUMBER,,,,no MT number in the deal name,,,,,,,https://app.hubspot.com/contacts/7423331/record/0-3/11854907244
6047153303,RCH: Healthy controls - serum,RCH,NO NUMBER,,,,no MT number in the deal name,,,,,,,https://app.hubspot.com/contacts/7423331/record/0-3/6047153303
6047230261,"RCH: Healthy controls - serum, saliva, urine",RCH,NO NUMBER,,,,no MT number in the deal name,,,,,,,https://app.hubspot.com/contacts/7423331/record/0-3/6047230261
61117232311,RCH: Healthy with results (Orchid) - serum,RCH,NO NUMBER,,,,no MT number in the deal name,,,,,,,https://app.hubspot.com/contacts/7423331/record/0-3/61117232311
29418414135,"RCH: Herpes, syphilis, symptomatic negatives - swabs",RCH,NO NUMBER,,,,no MT number in the deal name,,,,,,,https://app.hubspot.com/contacts/7423331/record/0-3/29418414135
46902534227,RCH: High grade serous carcinoma fallopian & peritoneum CNB & resections - FFPE,RCH,NO NUMBER,,,,no MT number in the deal name,,,,,,,https://app.hubspot.com/contacts/7423331/record/0-3/46902534227
53821953924,RCH: Home collection STI or healthy female (to be replaced) -  swabs and urine,RCH,NO NUMBER,,,,no MT number in the deal name,,,,,,,https://app.hubspot.com/contacts/7423331/record/0-3/53821953924
43491565116,RCH: HPV - swabs,RCH,NO NUMBER,,,,no MT number in the deal name,,,,,,,https://app.hubspot.com/contacts/7423331/record/0-3/43491565116
7531103528,RCH: IBD & tumor (Europe) - tissue & blood,RCH,NO NUMBER,,,,no MT number in the deal name,,,,,,,https://app.hubspot.com/contacts/7423331/record/0-3/7531103528
13508882846,RCH: IBD - tissue,RCH,NO NUMBER,,,,no MT number in the deal name,,,,,,,https://app.hubspot.com/contacts/7423331/record/0-3/13508882846
4937791621,RCH: Incidental positive COVID - swabs,RCH,NO NUMBER,,,,no MT number in the deal name,,,,,,,https://app.hubspot.com/contacts/7423331/record/0-3/4937791621
7510019842,RCH: Influenza - NPS,RCH,NO NUMBER,,,,no MT number in the deal name,,,,,,,https://app.hubspot.com/contacts/7423331/record/0-3/7510019842
3591688458,RCH: Influenza A/B - swabs,RCH,NO NUMBER,,,,no MT number in the deal name,,,,,,,https://app.hubspot.com/contacts/7423331/record/0-3/3591688458
9565868190,RCH: Influenza banked - swabs,RCH,NO NUMBER,,,,no MT number in the deal name,,,,,,,https://app.hubspot.com/contacts/7423331/record/0-3/9565868190
9565950027,RCH: Influenza prospective - swabs,RCH,NO NUMBER,,,,no MT number in the deal name,,,,,,,https://app.hubspot.com/contacts/7423331/record/0-3/9565950027
12293062454,RCH: Kidney/Ureter Medullary Carcinoma - FFPE,RCH,NO NUMBER,,,,no MT number in the deal name,,,,,,,https://app.hubspot.com/contacts/7423331/record/0-3/12293062454
6133504082,"RCH: Liver, Gallbladder, GEJ, Esophagus - Matched FFPE (Primary and Met)",RCH,NO NUMBER,,,,no MT number in the deal name,,,,,,,https://app.hubspot.com/contacts/7423331/record/0-3/6133504082
55478584345,RCH: Longitudinal DLCBL - plasma & PBMCs,RCH,NO NUMBER,,,,no MT number in the deal name,,,,,,,https://app.hubspot.com/contacts/7423331/record/0-3/55478584345
1893788505,"RCH: Lung cancer - tumor, healthy tissue, blood",RCH,NO NUMBER,,,,no MT number in the deal name,,,,,,,https://app.hubspot.com/contacts/7423331/record/0-3/1893788505
11994577968,"RCH: Lung Cancer, Breast Cancer, CRC - plasma",RCH,NO NUMBER,,,,no MT number in the deal name,,,,,,,https://app.hubspot.com/contacts/7423331/record/0-3/11994577968
2838691173,"RCH: Lung, breast, colon, prostate - FFPE",RCH,NO NUMBER,,,,no MT number in the deal name,,,,,,,https://app.hubspot.com/contacts/7423331/record/0-3/2838691173
6884937878,RCH: Lupus - skin & kidney tissue,RCH,NO NUMBER,,,,no MT number in the deal name,,,,,,,https://app.hubspot.com/contacts/7423331/record/0-3/6884937878
6275253870,RCH: Malaria & other ID - plasma or blood,RCH,NO NUMBER,,,,no MT number in the deal name,,,,,,,https://app.hubspot.com/contacts/7423331/record/0-3/6275253870
12293063283,RCH: Malignant metastatic mesothelioma - FFPE,RCH,NO NUMBER,,,,no MT number in the deal name,,,,,,,https://app.hubspot.com/contacts/7423331/record/0-3/12293063283
33741902405,"RCH: mCRPC, mPC, and healthy - plasma",RCH,NO NUMBER,,,,no MT number in the deal name,,,,,,,https://app.hubspot.com/contacts/7423331/record/0-3/33741902405
7743384911,RCH: melanoma metastatic to the lung - FFPE,RCH,NO NUMBER,,,,no MT number in the deal name,,,,,,,https://app.hubspot.com/contacts/7423331/record/0-3/7743384911
6747874142,RCH: Melanoma mets to the lung,RCH,NO NUMBER,,,,no MT number in the deal name,,,,,,,https://app.hubspot.com/contacts/7423331/record/0-3/6747874142
8597407918,RCH: Mesothelioma - FFPE,RCH,NO NUMBER,,,,no MT number in the deal name,,,,,,,https://app.hubspot.com/contacts/7423331/record/0-3/8597407918
10858219856,RCH: Metastatic NSCLC adeno & SCC met biopsies - FFPE,RCH,NO NUMBER,,,,no MT number in the deal name,,,,,,,https://app.hubspot.com/contacts/7423331/record/0-3/10858219856
6527095925,RCH: Mutation study #3 - FFPE,RCH,NO NUMBER,,,,no MT number in the deal name,,,,,,,https://app.hubspot.com/contacts/7423331/record/0-3/6527095925
8872723206,RCH: Naive DLBCL - plasma & PDB,RCH,NO NUMBER,,,,no MT number in the deal name,,,,,,,https://app.hubspot.com/contacts/7423331/record/0-3/8872723206
9026841163,RCH: NASH - Banked plasma & PBMCs,RCH,NO NUMBER,,,,no MT number in the deal name,,,,,,,https://app.hubspot.com/contacts/7423331/record/0-3/9026841163
12563667740,RCH: NASH - plasma,RCH,NO NUMBER,,,,no MT number in the deal name,,,,,,,https://app.hubspot.com/contacts/7423331/record/0-3/12563667740
9142608770,RCH: NASH - plasma,RCH,NO NUMBER,,,,no MT number in the deal name,,,,,,,https://app.hubspot.com/contacts/7423331/record/0-3/9142608770
12764997129,RCH: Neuroblastoma and Medulloblastoma - FFPE,RCH,NO NUMBER,,,,no MT number in the deal name,,,,,,,https://app.hubspot.com/contacts/7423331/record/0-3/12764997129
10034541860,RCH: Neuroendocrine Carcinoma FFPE samples primary or metastatic - FFPE,RCH,NO NUMBER,,,,no MT number in the deal name,,,,,,,https://app.hubspot.com/contacts/7423331/record/0-3/10034541860
13823395711,RCH: Normal - blood & saliva,RCH,NO NUMBER,,,,no MT number in the deal name,,,,,,,https://app.hubspot.com/contacts/7423331/record/0-3/13823395711
12930845273,RCH: normal pancreas - FFPE,RCH,NO NUMBER,,,,no MT number in the deal name,,,,,,,https://app.hubspot.com/contacts/7423331/record/0-3/12930845273
10290742553,RCH: NSCLC - adeno - FFPE,RCH,NO NUMBER,,,,no MT number in the deal name,,,,,,,https://app.hubspot.com/contacts/7423331/record/0-3/10290742553
6087865606,RCH: NSCLC adeno mutations - FFPE,RCH,NO NUMBER,,,,no MT number in the deal name,,,,,,,https://app.hubspot.com/contacts/7423331/record/0-3/6087865606
19103723862,RCH: NSCLC Late Stage EGFR mutations - FFPE,RCH,NO NUMBER,,,,no MT number in the deal name,,,,,,,https://app.hubspot.com/contacts/7423331/record/0-3/19103723862
9081897137,"RCH: NSCLC-SCC (Stage IIIB-C, IV)- FFPE",RCH,NO NUMBER,,,,no MT number in the deal name,,,,,,,https://app.hubspot.com/contacts/7423331/record/0-3/9081897137
9321983525,RCH: NSCLC-SCC - FNA FFPE,RCH,NO NUMBER,,,,no MT number in the deal name,,,,,,,https://app.hubspot.com/contacts/7423331/record/0-3/9321983525
10858451001,RCH: Pancreatic FNA & biopsies - FFPE,RCH,NO NUMBER,,,,no MT number in the deal name,,,,,,,https://app.hubspot.com/contacts/7423331/record/0-3/10858451001
33043379754,RCH: Pregnant + testing - swabs,RCH,NO NUMBER,,,,no MT number in the deal name,,,,,,,https://app.hubspot.com/contacts/7423331/record/0-3/33043379754
33820619332,RCH: Pregnant cell culture tested GBS swabs - vaginal / rectal swabs,RCH,NO NUMBER,,,,no MT number in the deal name,,,,,,,https://app.hubspot.com/contacts/7423331/record/0-3/33820619332
21900072833,RCH: Pregnant donors - whole blood or plasma,RCH,NO NUMBER,,,,no MT number in the deal name,,,,,,,https://app.hubspot.com/contacts/7423331/record/0-3/21900072833
29772698162,RCH: Pregnant female - vaginal / rectal swabs,RCH,NO NUMBER,,,,no MT number in the deal name,,,,,,,https://app.hubspot.com/contacts/7423331/record/0-3/29772698162
11647972445,RCH: Pregnant healthy - blood,RCH,NO NUMBER,,,,no MT number in the deal name,,,,,,,https://app.hubspot.com/contacts/7423331/record/0-3/11647972445
14442227749,RCH: primary pancreatic ductal adenocarcinoma biopsies - FFPE,RCH,NO NUMBER,,,,no MT number in the deal name,,,,,,,https://app.hubspot.com/contacts/7423331/record/0-3/14442227749
10185841697,RCH: Prospective mSCLC neuroendocrine carcinoma - effusion FFPE,RCH,NO NUMBER,,,,no MT number in the deal name,,,,,,,https://app.hubspot.com/contacts/7423331/record/0-3/10185841697
15364200074,"RCH: Prostate, Breast, Ovarian, NSCLC, other cancer - FFPE FROM BIOPSY",RCH,NO NUMBER,,,,no MT number in the deal name,,,,,,,https://app.hubspot.com/contacts/7423331/record/0-3/15364200074
5518117711,"RCH: Rare mutations (GFR-T790M, BRAF-V600E, and KRAS-G12CEGFR and BRAF) - FFPE",RCH,NO NUMBER,,,,no MT number in the deal name,,,,,,,https://app.hubspot.com/contacts/7423331/record/0-3/5518117711
13427236247,RCH: Remnants - serum,RCH,NO NUMBER,,,,no MT number in the deal name,,,,,,,https://app.hubspot.com/contacts/7423331/record/0-3/13427236247
13806293932,RCH: Same day healthy - blood,RCH,NO NUMBER,,,,no MT number in the deal name,,,,,,,https://app.hubspot.com/contacts/7423331/record/0-3/13806293932
10544008557,RCH: SCLC - FFPE,RCH,NO NUMBER,,,,no MT number in the deal name,,,,,,,https://app.hubspot.com/contacts/7423331/record/0-3/10544008557
11606157936,RCH: Small cell neuroendocrine carcinoma and large cell neuroendocrine carcinoma - FFPE,RCH,NO NUMBER,,,,no MT number in the deal name,,,,,,,https://app.hubspot.com/contacts/7423331/record/0-3/11606157936
11132891437,RCH: Small Cell Neuroendocrine Urothelial Carcinoma FNA Cell pellet - FFPE,RCH,NO NUMBER,,,,no MT number in the deal name,,,,,,,https://app.hubspot.com/contacts/7423331/record/0-3/11132891437
11132891180,RCH: Stage 2+ bladder cancer - FFPE,RCH,NO NUMBER,,,,no MT number in the deal name,,,,,,,https://app.hubspot.com/contacts/7423331/record/0-3/11132891180
14345083819,RCH: Stage III-IV esophageal squamous cell carcinoma - FFPE,RCH,NO NUMBER,,,,no MT number in the deal name,,,,,,,https://app.hubspot.com/contacts/7423331/record/0-3/14345083819
14442106653,RCH: stage III-IV primary cervix adenocarcinoma - FFPE,RCH,NO NUMBER,,,,no MT number in the deal name,,,,,,,https://app.hubspot.com/contacts/7423331/record/0-3/14442106653
14442106727,RCH: Stage III-IV uterus endometrioid adenocarcinoma -FFPE,RCH,NO NUMBER,,,,no MT number in the deal name,,,,,,,https://app.hubspot.com/contacts/7423331/record/0-3/14442106727
11856265217,RCH: Stage IIIB and IV Malignant Metastatic Urothelial Carcinoma and Primary/Metastatic matched Urothelial Carcinoma - FFPE,RCH,NO NUMBER,,,,no MT number in the deal name,,,,,,,https://app.hubspot.com/contacts/7423331/record/0-3/11856265217
13872431133,RCH: Stage IV lung and CRC - plasma,RCH,NO NUMBER,,,,no MT number in the deal name,,,,,,,https://app.hubspot.com/contacts/7423331/record/0-3/13872431133
14342486621,RCH: Stage IV primary liver cholangiocarcinoma - FFPE (See note),RCH,NO NUMBER,,,,no MT number in the deal name,,,,,,,https://app.hubspot.com/contacts/7423331/record/0-3/14342486621
13367823119,RCH: Standing order - FFPE,RCH,NO NUMBER,,,,no MT number in the deal name,,,,,,,https://app.hubspot.com/contacts/7423331/record/0-3/13367823119
11817478417,RCH: Stomach Adenocarcinoma and Gastro-Esophageal Junction Adenocarcinoma Stage IIIC/IV - FFPE,RCH,NO NUMBER,,,,no MT number in the deal name,,,,,,,https://app.hubspot.com/contacts/7423331/record/0-3/11817478417
13619537417,RCH: Urothelial carcinoma - FFPE,RCH,NO NUMBER,,,,no MT number in the deal name,,,,,,,https://app.hubspot.com/contacts/7423331/record/0-3/13619537417
12181456520,RCH: Vaginitis - swab,RCH,NO NUMBER,,,,no MT number in the deal name,,,,,,,https://app.hubspot.com/contacts/7423331/record/0-3/12181456520
13806293791,RCH: Vaginitis - swabs,RCH,NO NUMBER,,,,no MT number in the deal name,,,,,,,https://app.hubspot.com/contacts/7423331/record/0-3/13806293791
3543982542,RCH: Various diseases - blood,RCH,NO NUMBER,,,,no MT number in the deal name,,,,,,,https://app.hubspot.com/contacts/7423331/record/0-3/3543982542
2989385106,"RCT: Bladder, ovarian, SCLC - blood",RCT,NO NUMBER,,,,no MT number in the deal name,,,,,,,https://app.hubspot.com/contacts/7423331/record/0-3/2989385106
2335212390,RCT: Maternal - blood,RCT,NO NUMBER,,,,no MT number in the deal name,,,,,,,https://app.hubspot.com/contacts/7423331/record/0-3/2335212390
12140911944,RCT: Metastatic castration resistant prostate cancer (mCRPC) - blood,RCT,NO NUMBER,,,,no MT number in the deal name,,,,,,,https://app.hubspot.com/contacts/7423331/record/0-3/12140911944
63578785922,RCT: Progressing stage IV RCC - blood,RCT,NO NUMBER,,,,no MT number in the deal name,,,,,,,https://app.hubspot.com/contacts/7423331/record/0-3/63578785922
10101570479,RCT: Stage IV CRC - blood,RCT,NO NUMBER,,,,no MT number in the deal name,,,,,,,https://app.hubspot.com/contacts/7423331/record/0-3/10101570479
42566863005,RCT: Stage IV gastric cancer - whole blood,RCT,NO NUMBER,,,,no MT number in the deal name,,,,,,,https://app.hubspot.com/contacts/7423331/record/0-3/42566863005
13981815714,REB: Alzheimer's - tissue,REB,NO NUMBER,,,,no MT number in the deal name,,,,,,,https://app.hubspot.com/contacts/7423331/record/0-3/13981815714
1838224254,RGN - COVID 1,RGN,NO NUMBER,,,,no MT number in the deal name,,,,,,,https://app.hubspot.com/contacts/7423331/record/0-3/1838224254
1947475581,RGN - COVID 2,RGN,NO NUMBER,,,,no MT number in the deal name,,,,,,,https://app.hubspot.com/contacts/7423331/record/0-3/1947475581
14342488838,"RGN: 80 YO, 80 mL healthy - blood",RGN,NO NUMBER,,,,no MT number in the deal name,,,,,,,https://app.hubspot.com/contacts/7423331/record/0-3/14342488838
22868589682,RGN: Advanced adenoma - frozen tissue,RGN,NO NUMBER,,,,no MT number in the deal name,,,,,,,https://app.hubspot.com/contacts/7423331/record/0-3/22868589682
3976863475,RGN: AML - fresh BMMC & blood,RGN,NO NUMBER,,,,no MT number in the deal name,,,,,,,https://app.hubspot.com/contacts/7423331/record/0-3/3976863475
4306838927,RGN: AML - frozen BMMC,RGN,NO NUMBER,,,,no MT number in the deal name,,,,,,,https://app.hubspot.com/contacts/7423331/record/0-3/4306838927
60177599273,RGN: BPH - Fresh Tissue,RGN,NO NUMBER,,,,no MT number in the deal name,,,,,,,https://app.hubspot.com/contacts/7423331/record/0-3/60177599273
58295152162,RGN: CAVD + Control -  Aortic Valve Tissue (FFPE),RGN,NO NUMBER,,,,no MT number in the deal name,,,,,,,https://app.hubspot.com/contacts/7423331/record/0-3/58295152162
36604745515,"RGN: CCUS, MDS, MF, CLL, ALL - plasma, buffy, marrow aspirate",RGN,NO NUMBER,,,,no MT number in the deal name,,,,,,,https://app.hubspot.com/contacts/7423331/record/0-3/36604745515
22866460955,RGN: Celiac disease - tissue,RGN,NO NUMBER,,,,no MT number in the deal name,,,,,,,https://app.hubspot.com/contacts/7423331/record/0-3/22866460955
5774218295,RGN: CLL - PBMC,RGN,NO NUMBER,,,,no MT number in the deal name,,,,,,,https://app.hubspot.com/contacts/7423331/record/0-3/5774218295
12272475950,RGN: CMV - blood,RGN,NO NUMBER,,,,no MT number in the deal name,,,,,,,https://app.hubspot.com/contacts/7423331/record/0-3/12272475950
6156035079,RGN: Convalescent COVID-19 - serum & plasma,RGN,NO NUMBER,,,,no MT number in the deal name,,,,,,,https://app.hubspot.com/contacts/7423331/record/0-3/6156035079
3212866219,RGN: COVID autopsy - FFPE,RGN,NO NUMBER,,,,no MT number in the deal name,,,,,,,https://app.hubspot.com/contacts/7423331/record/0-3/3212866219
10565735077,RGN: CRC & RCC Post-IO - FFPE,RGN,NO NUMBER,,,,no MT number in the deal name,,,,,,,https://app.hubspot.com/contacts/7423331/record/0-3/10565735077
38706701883,RGN: CRC or pancreatic cancer - tissue,RGN,NO NUMBER,,,,no MT number in the deal name,,,,,,,https://app.hubspot.com/contacts/7423331/record/0-3/38706701883
3583182136,RGN: DLBCL & follicular lymphoma - blood & tissue,RGN,NO NUMBER,,,,no MT number in the deal name,,,,,,,https://app.hubspot.com/contacts/7423331/record/0-3/3583182136
2353671290,RGN: EBV cancers - FFPE,RGN,NO NUMBER,,,,no MT number in the deal name,,,,,,,https://app.hubspot.com/contacts/7423331/record/0-3/2353671290
19073279011,"RGN: Glioblastoma - frozen tissue, blood, FFPE",RGN,NO NUMBER,,,,no MT number in the deal name,,,,,,,https://app.hubspot.com/contacts/7423331/record/0-3/19073279011
18017124141,"RGN: Grave's disease with thyroid eye disease, healthy - blood, serum",RGN,NO NUMBER,,,,no MT number in the deal name,,,,,,,https://app.hubspot.com/contacts/7423331/record/0-3/18017124141
15362351652,RGN: Healthy - sputum,RGN,NO NUMBER,,,,no MT number in the deal name,,,,,,,https://app.hubspot.com/contacts/7423331/record/0-3/15362351652
16914334288,RGN: Healthy female - blood,RGN,NO NUMBER,,,,no MT number in the deal name,,,,,,,https://app.hubspot.com/contacts/7423331/record/0-3/16914334288
22868589966,"RGN: HPV+ cervical, H&N - frozen tissue",RGN,NO NUMBER,,,,no MT number in the deal name,,,,,,,https://app.hubspot.com/contacts/7423331/record/0-3/22868589966
18225935891,RGN: IBD - tissue,RGN,NO NUMBER,,,,no MT number in the deal name,,,,,,,https://app.hubspot.com/contacts/7423331/record/0-3/18225935891
16579029177,RGN: Influenza - blood,RGN,NO NUMBER,,,,no MT number in the deal name,,,,,,,https://app.hubspot.com/contacts/7423331/record/0-3/16579029177
13512859649,RGN: IO RCC - FFPE,RGN,NO NUMBER,,,,no MT number in the deal name,,,,,,,https://app.hubspot.com/contacts/7423331/record/0-3/13512859649
21799604357,RGN: Keloid - tissue,RGN,NO NUMBER,,,,no MT number in the deal name,,,,,,,https://app.hubspot.com/contacts/7423331/record/0-3/21799604357
2295549695,RGN: Longitudinal hospitalized COVID - EDTA + red top,RGN,NO NUMBER,,,,no MT number in the deal name,,,,,,,https://app.hubspot.com/contacts/7423331/record/0-3/2295549695
5133898658,"RGN: Low, med, high titer COVID - serum",RGN,NO NUMBER,,,,no MT number in the deal name,,,,,,,https://app.hubspot.com/contacts/7423331/record/0-3/5133898658
5773963957,RGN: Mantle cell lymphoma (MCL) - blood,RGN,NO NUMBER,,,,no MT number in the deal name,,,,,,,https://app.hubspot.com/contacts/7423331/record/0-3/5773963957
22866461978,RGN: MDS - BMMCs,RGN,NO NUMBER,,,,no MT number in the deal name,,,,,,,https://app.hubspot.com/contacts/7423331/record/0-3/22866461978
9488140954,RGN: Monkeypox - blood,RGN,NO NUMBER,,,,no MT number in the deal name,,,,,,,https://app.hubspot.com/contacts/7423331/record/0-3/9488140954
18366047556,"RGN: Mononucleosis - blood, PBMCs",RGN,NO NUMBER,,,,no MT number in the deal name,,,,,,,https://app.hubspot.com/contacts/7423331/record/0-3/18366047556
10530093154,RGN: Post IO - tissue & blood,RGN,NO NUMBER,,,,no MT number in the deal name,,,,,,,https://app.hubspot.com/contacts/7423331/record/0-3/10530093154
48987584078,RGN: Post mortem 12 organs-tissues - frozen tissue,RGN,NO NUMBER,,,,no MT number in the deal name,,,,,,,https://app.hubspot.com/contacts/7423331/record/0-3/48987584078
10952582419,RGN: Post VEGF - FFPE,RGN,NO NUMBER,,,,no MT number in the deal name,,,,,,,https://app.hubspot.com/contacts/7423331/record/0-3/10952582419
8344580446,RGN: Pregnant with CMV - blood,RGN,NO NUMBER,,,,no MT number in the deal name,,,,,,,https://app.hubspot.com/contacts/7423331/record/0-3/8344580446
20781520801,"RGN: Primary biliary cholangitis - blood, tissue",RGN,NO NUMBER,,,,no MT number in the deal name,,,,,,,https://app.hubspot.com/contacts/7423331/record/0-3/20781520801
42446413744,RGN: Prostate cancer - FFPE,RGN,NO NUMBER,,,,no MT number in the deal name,,,,,,,https://app.hubspot.com/contacts/7423331/record/0-3/42446413744
22866461811,RGN: Prostate cancer ex-vivo biopsy - frozen tissue,RGN,NO NUMBER,,,,no MT number in the deal name,,,,,,,https://app.hubspot.com/contacts/7423331/record/0-3/22866461811
18366047255,"RGN: Scleroderma - FFPE, serum, PBMCs",RGN,NO NUMBER,,,,no MT number in the deal name,,,,,,,https://app.hubspot.com/contacts/7423331/record/0-3/18366047255
22868590693,RGN: Scleroderma - frozen tissue,RGN,NO NUMBER,,,,no MT number in the deal name,,,,,,,https://app.hubspot.com/contacts/7423331/record/0-3/22868590693
64133531026,RGN: Self-reported healthy - serum,RGN,NO NUMBER,,,,no MT number in the deal name,,,,,,,https://app.hubspot.com/contacts/7423331/record/0-3/64133531026
22866462299,RGN: Sjogren’s - frozen tissue,RGN,NO NUMBER,,,,no MT number in the deal name,,,,,,,https://app.hubspot.com/contacts/7423331/record/0-3/22866462299
3961236938,"RGN: Thyroid cancer, Hashi, Graves, NP carcinoma - frozen tissue",RGN,NO NUMBER,,,,no MT number in the deal name,,,,,,,https://app.hubspot.com/contacts/7423331/record/0-3/3961236938
2353532158,"RGN: TNB breast, panc, lung, mela, CRC, blad / uro, gliob - frozen tissue",RGN,NO NUMBER,,,,no MT number in the deal name,,,,,,,https://app.hubspot.com/contacts/7423331/record/0-3/2353532158
19073457014,"RGN: True normal - frozen tissue, blood, FFPE",RGN,NO NUMBER,,,,no MT number in the deal name,,,,,,,https://app.hubspot.com/contacts/7423331/record/0-3/19073457014
16506735907,RGN: Type I diabetes - blood,RGN,NO NUMBER,,,,no MT number in the deal name,,,,,,,https://app.hubspot.com/contacts/7423331/record/0-3/16506735907
22866462086,RGN: Uveitis - humor,RGN,NO NUMBER,,,,no MT number in the deal name,,,,,,,https://app.hubspot.com/contacts/7423331/record/0-3/22866462086
51515369579,RIM: Metastatic Prostate Cancer (Stage IV) - FFPE,RIM,NO NUMBER,,,,no MT number in the deal name,,,,,,,https://app.hubspot.com/contacts/7423331/record/0-3/51515369579
51633548152,RIM: Various Cancer + Healthy - Fresh Frozen Tissue,RIM,NO NUMBER,,,,no MT number in the deal name,,,,,,,https://app.hubspot.com/contacts/7423331/record/0-3/51633548152
13809027371,RSB: CRPC - plasma,RSB,NO NUMBER,,,,no MT number in the deal name,,,,,,,https://app.hubspot.com/contacts/7423331/record/0-3/13809027371
14061003309,RSB: Urothelial carcinoma - plasma,RSB,NO NUMBER,,,,no MT number in the deal name,,,,,,,https://app.hubspot.com/contacts/7423331/record/0-3/14061003309
63837163024,RSH: Healthy - blood,RSH,NO NUMBER,,,,no MT number in the deal name,,,,,,,https://app.hubspot.com/contacts/7423331/record/0-3/63837163024
13061567279,"RZB: CRC, HCC, H&N, RCC - FFPE & serum",RZB,NO NUMBER,,,,no MT number in the deal name,,,,,,,https://app.hubspot.com/contacts/7423331/record/0-3/13061567279
8560519587,SAB: Autoimmune - tissue & blood,SAB,NO NUMBER,,,,no MT number in the deal name,,,,,,,https://app.hubspot.com/contacts/7423331/record/0-3/8560519587
64286326059,"SBS: Multiple Myeloma and Normal - bone marrow aspirate, plasma",SBS,NO NUMBER,,,,no MT number in the deal name,,,,,,,https://app.hubspot.com/contacts/7423331/record/0-3/64286326059
13711980982,SBT: IBD - tissue and blood,SBT,NO NUMBER,,,,no MT number in the deal name,,,,,,,https://app.hubspot.com/contacts/7423331/record/0-3/13711980982
5650152759,SBT: Large RA study - plasma,SBT,NO NUMBER,,,,no MT number in the deal name,,,,,,,https://app.hubspot.com/contacts/7423331/record/0-3/5650152759
5499569052,"SBT: RA and PsA - plasma, PBMC, synovial fluid",SBT,NO NUMBER,,,,no MT number in the deal name,,,,,,,https://app.hubspot.com/contacts/7423331/record/0-3/5499569052
22645670955,SCL: Healthy smoker - plasma,SCL,NO NUMBER,,,,no MT number in the deal name,,,,,,,https://app.hubspot.com/contacts/7423331/record/0-3/22645670955
22643696497,SCL: Nodal T-follicular helper cell lymphoma - FFPE,SCL,NO NUMBER,,,,no MT number in the deal name,,,,,,,https://app.hubspot.com/contacts/7423331/record/0-3/22643696497
22645671232,SCL: Nodule-forming fungal infections - plasma,SCL,NO NUMBER,,,,no MT number in the deal name,,,,,,,https://app.hubspot.com/contacts/7423331/record/0-3/22645671232
22643136181,SCL: NSCLC & healthy - plasma,SCL,NO NUMBER,,,,no MT number in the deal name,,,,,,,https://app.hubspot.com/contacts/7423331/record/0-3/22643136181
6564734015,SCR: Santa Ana Bio support - tissue & blood,SCR,NO NUMBER,,,,no MT number in the deal name,,,,,,,https://app.hubspot.com/contacts/7423331/record/0-3/6564734015
6756504322,SDT: Early lung and naive lung - plasma & buffy coat,SDT,NO NUMBER,,,,no MT number in the deal name,,,,,,,https://app.hubspot.com/contacts/7423331/record/0-3/6756504322
6321741977,"SDT: Pre-lung & NSCLC - tissue, plasma, buffy coat",SDT,NO NUMBER,,,,no MT number in the deal name,,,,,,,https://app.hubspot.com/contacts/7423331/record/0-3/6321741977
57618912177,SDX: Atopic Derm + Normal Skin Biopsies - FFPE,SDX,NO NUMBER,,,,no MT number in the deal name,,,,,,,https://app.hubspot.com/contacts/7423331/record/0-3/57618912177
47453865592,SFI: Healthy - Aqueous Humor,SFI,NO NUMBER,,,,no MT number in the deal name,,,,,,,https://app.hubspot.com/contacts/7423331/record/0-3/47453865592
63222960022,SFI: IBD - Biopsies + Blood,SFI,NO NUMBER,,,,no MT number in the deal name,,,,,,,https://app.hubspot.com/contacts/7423331/record/0-3/63222960022
16041270309,SFI: NSCLC - FFPE & cytology,SFI,NO NUMBER,,,,no MT number in the deal name,,,,,,,https://app.hubspot.com/contacts/7423331/record/0-3/16041270309
8005484389,SGC: Influenza - TBD,SGC,NO NUMBER,,,,no MT number in the deal name,,,,,,,https://app.hubspot.com/contacts/7423331/record/0-3/8005484389
11870993536,SGC: Influenza A - swabs,SGC,NO NUMBER,,,,no MT number in the deal name,,,,,,,https://app.hubspot.com/contacts/7423331/record/0-3/11870993536
10290742950,SGM: Flu b - swabs,SGM,NO NUMBER,,,,no MT number in the deal name,,,,,,,https://app.hubspot.com/contacts/7423331/record/0-3/10290742950
21938758173,SKS: Chlamydia & gonorrhea - swabs,SKS,NO NUMBER,,,,no MT number in the deal name,,,,,,,https://app.hubspot.com/contacts/7423331/record/0-3/21938758173
21002484486,SKS: Covid - 19 - nasal swabs,SKS,NO NUMBER,,,,no MT number in the deal name,,,,,,,https://app.hubspot.com/contacts/7423331/record/0-3/21002484486
21002404959,SKS: Covid - 19 / Flu A / Flu B - nasal swabs,SKS,NO NUMBER,,,,no MT number in the deal name,,,,,,,https://app.hubspot.com/contacts/7423331/record/0-3/21002404959
35479900982,SMT: Abdominal adipose & type 2 diabetes / obesity - tissue,SMT,NO NUMBER,,,,no MT number in the deal name,,,,,,,https://app.hubspot.com/contacts/7423331/record/0-3/35479900982
5586219094,SMT: Autoimmune - blood,SMT,NO NUMBER,,,,no MT number in the deal name,,,,,,,https://app.hubspot.com/contacts/7423331/record/0-3/5586219094
35479901280,SMT: IgA nephropathy - blood,SMT,NO NUMBER,,,,no MT number in the deal name,,,,,,,https://app.hubspot.com/contacts/7423331/record/0-3/35479901280
54323146390,SPB: Dementia & Healthy - Plasma,SPB,NO NUMBER,,,,no MT number in the deal name,,,,,,,https://app.hubspot.com/contacts/7423331/record/0-3/54323146390
4512346986,SPL: COVID 150/30/10 - saliva & swab,SPL,NO NUMBER,,,,no MT number in the deal name,,,,,,,https://app.hubspot.com/contacts/7423331/record/0-3/4512346986
8433282184,SQZ: Melanoma & NSCLC - tissue & blood,SQZ,NO NUMBER,,,,no MT number in the deal name,,,,,,,https://app.hubspot.com/contacts/7423331/record/0-3/8433282184
9819860279,"SQZ: Melanoma, NSCLC, colorectal, gastric, bladder - tissue",SQZ,NO NUMBER,,,,no MT number in the deal name,,,,,,,https://app.hubspot.com/contacts/7423331/record/0-3/9819860279
13233867949,SRA: CRC - plasma,SRA,NO NUMBER,,,,no MT number in the deal name,,,,,,,https://app.hubspot.com/contacts/7423331/record/0-3/13233867949
13427088689,SRA: Lymphoma - plasma,SRA,NO NUMBER,,,,no MT number in the deal name,,,,,,,https://app.hubspot.com/contacts/7423331/record/0-3/13427088689
15431646325,"SRP: pregnant - whole blood, serum",SRP,NO NUMBER,,,,no MT number in the deal name,,,,,,,https://app.hubspot.com/contacts/7423331/record/0-3/15431646325
60715096626,"SRV: HPV-negative HNSCC - FF Tissue, Plasma, Buffy Coat",SRV,NO NUMBER,,,,no MT number in the deal name,,,,,,,https://app.hubspot.com/contacts/7423331/record/0-3/60715096626
54010726585,SRV: Longitudinal high TMB - plasma & slides,SRV,NO NUMBER,,,,no MT number in the deal name,,,,,,,https://app.hubspot.com/contacts/7423331/record/0-3/54010726585
10450953531,STL: Ulcerative colitis & normal - biopsy tissues,STL,NO NUMBER,,,,no MT number in the deal name,,,,,,,https://app.hubspot.com/contacts/7423331/record/0-3/10450953531
9536902724,SVA: Prospective IO - serum,SVA,NO NUMBER,,,,no MT number in the deal name,,,,,,,https://app.hubspot.com/contacts/7423331/record/0-3/9536902724
17549083508,SVR: Chondrosarcoma and Glioblastoma - FFPE,SVR,NO NUMBER,,,,no MT number in the deal name,,,,,,,https://app.hubspot.com/contacts/7423331/record/0-3/17549083508
59277650759,SWF: NSCLC and controls - blood,SWF,NO NUMBER,,,,no MT number in the deal name,,,,,,,https://app.hubspot.com/contacts/7423331/record/0-3/59277650759
8152485459,SYR: MDS & AML - blood & PBMCs,SYR,NO NUMBER,,,,no MT number in the deal name,,,,,,,https://app.hubspot.com/contacts/7423331/record/0-3/8152485459
45385203826,TBY: Multi-cancer - urine,TBY,NO NUMBER,,,,no MT number in the deal name,,,,,,,https://app.hubspot.com/contacts/7423331/record/0-3/45385203826
39562596743,TEST: Indication (s) - Biospecimen(s),TEST,NO NUMBER,,,,no MT number in the deal name,,,,,,,https://app.hubspot.com/contacts/7423331/record/0-3/39562596743
39549047194,TEST: Indication (s) - Biospecimens,TEST,NO NUMBER,,,,no MT number in the deal name,,,,,,,https://app.hubspot.com/contacts/7423331/record/0-3/39549047194
15866189610,TEST: Indication - Biospecimen(s),TEST,NO NUMBER,,,,no MT number in the deal name,,,,,,,https://app.hubspot.com/contacts/7423331/record/0-3/15866189610
38319308705,TFS: Asian Stage IV NSCLC - FFPE,TFS,NO NUMBER,,,,no MT number in the deal name,,,,,,,https://app.hubspot.com/contacts/7423331/record/0-3/38319308705
35689512623,TFS: Bladder cancer - Urine,TFS,NO NUMBER,,,,no MT number in the deal name,,,,,,,https://app.hubspot.com/contacts/7423331/record/0-3/35689512623
59644505631,"TFS: Breast, NSCLC, panc - tissue & blood",TFS,NO NUMBER,,,,no MT number in the deal name,,,,,,,https://app.hubspot.com/contacts/7423331/record/0-3/59644505631
21214533736,TFS: Cancer FFPE - unmatched blocks,TFS,NO NUMBER,,,,no MT number in the deal name,,,,,,,https://app.hubspot.com/contacts/7423331/record/0-3/21214533736
12754290817,TFS: Contrived FNA pilot - FNA tissue,TFS,NO NUMBER,,,,no MT number in the deal name,,,,,,,https://app.hubspot.com/contacts/7423331/record/0-3/12754290817
21359613610,TFS: Genetic testing,TFS,NO NUMBER,,,,no MT number in the deal name,,,,,,,https://app.hubspot.com/contacts/7423331/record/0-3/21359613610
60182329713,TFS: Healthy & heme - marrow & blood,TFS,NO NUMBER,,,,no MT number in the deal name,,,,,,,https://app.hubspot.com/contacts/7423331/record/0-3/60182329713
39286853485,TFS: healthy - plasma,TFS,NO NUMBER,,,,no MT number in the deal name,,,,,,,https://app.hubspot.com/contacts/7423331/record/0-3/39286853485
45429955239,TFS: Multi-cancer - CNB FFPE,TFS,NO NUMBER,,,,no MT number in the deal name,,,,,,,https://app.hubspot.com/contacts/7423331/record/0-3/45429955239
59809236847,TFS: Multi-cancer - FFPE,TFS,NO NUMBER,,,,no MT number in the deal name,,,,,,,https://app.hubspot.com/contacts/7423331/record/0-3/59809236847
21357900809,TFS: Normal healthy - plasma,TFS,NO NUMBER,,,,no MT number in the deal name,,,,,,,https://app.hubspot.com/contacts/7423331/record/0-3/21357900809
51829972255,TFS: NSCLC - plasma,TFS,NO NUMBER,,,,no MT number in the deal name,,,,,,,https://app.hubspot.com/contacts/7423331/record/0-3/51829972255
64248526402,TFS: NSCLC mets - FFPE,TFS,NO NUMBER,,,,no MT number in the deal name,,,,,,,https://app.hubspot.com/contacts/7423331/record/0-3/64248526402
63189269645,TFS: Pancreatic Cancer - Tissue,TFS,NO NUMBER,,,,no MT number in the deal name,,,,,,,https://app.hubspot.com/contacts/7423331/record/0-3/63189269645
39286853949,TFS: Rare cases to get started - FFPE and plasma,TFS,NO NUMBER,,,,no MT number in the deal name,,,,,,,https://app.hubspot.com/contacts/7423331/record/0-3/39286853949
16823764126,TFS: Stage3/4 NSCLC - FFPE and Plasma,TFS,NO NUMBER,,,,no MT number in the deal name,,,,,,,https://app.hubspot.com/contacts/7423331/record/0-3/16823764126
21357900613,TFS: Various cancer - FFPE,TFS,NO NUMBER,,,,no MT number in the deal name,,,,,,,https://app.hubspot.com/contacts/7423331/record/0-3/21357900613
21359125925,TFS: Various Cancer - Paired FFPE & Plasma,TFS,NO NUMBER,,,,no MT number in the deal name,,,,,,,https://app.hubspot.com/contacts/7423331/record/0-3/21359125925
21357900572,TFS: Various cancer - Plasma,TFS,NO NUMBER,,,,no MT number in the deal name,,,,,,,https://app.hubspot.com/contacts/7423331/record/0-3/21357900572
42089841991,TFS: Various myeloid cancers - plasma and BMMCs,TFS,NO NUMBER,,,,no MT number in the deal name,,,,,,,https://app.hubspot.com/contacts/7423331/record/0-3/42089841991
2260899119,"THB: COVID - NP, MT, salivas",THB,NO NUMBER,,,,no MT number in the deal name,,,,,,,https://app.hubspot.com/contacts/7423331/record/0-3/2260899119
2297036980,THB: COVID - serum & DBS,THB,NO NUMBER,,,,no MT number in the deal name,,,,,,,https://app.hubspot.com/contacts/7423331/record/0-3/2297036980
2295635857,"THB: COVID - serum, PBMCs",THB,NO NUMBER,,,,no MT number in the deal name,,,,,,,https://app.hubspot.com/contacts/7423331/record/0-3/2295635857
2793206826,THB: COVID pos/neg - NP swabs and nasal swabs,THB,NO NUMBER,,,,no MT number in the deal name,,,,,,,https://app.hubspot.com/contacts/7423331/record/0-3/2793206826
2345124412,THB: Gastric & NSCLC - fresh tumor,THB,NO NUMBER,,,,no MT number in the deal name,,,,,,,https://app.hubspot.com/contacts/7423331/record/0-3/2345124412
5000869305,"THB: Lupus nephritis - CNB, plasma, urine",THB,NO NUMBER,,,,no MT number in the deal name,,,,,,,https://app.hubspot.com/contacts/7423331/record/0-3/5000869305
4812017180,THB: Oropharyngeal & cervical cancer - tumor & blood,THB,NO NUMBER,,,,no MT number in the deal name,,,,,,,https://app.hubspot.com/contacts/7423331/record/0-3/4812017180
6788836269,THB: Ovarian cancer - Matched frozen tissue (Disease and NAT),THB,NO NUMBER,,,,no MT number in the deal name,,,,,,,https://app.hubspot.com/contacts/7423331/record/0-3/6788836269
4635227468,THB: Pulmonary sarcoidosis - PBMC,THB,NO NUMBER,,,,no MT number in the deal name,,,,,,,https://app.hubspot.com/contacts/7423331/record/0-3/4635227468
2882638897,THB: Recovered COVID 500 - serum,THB,NO NUMBER,,,,no MT number in the deal name,,,,,,,https://app.hubspot.com/contacts/7423331/record/0-3/2882638897
4817512460,THB: SCLC - plasma & FFPE,THB,NO NUMBER,,,,no MT number in the deal name,,,,,,,https://app.hubspot.com/contacts/7423331/record/0-3/4817512460
2737280834,THB: UC & CD future therapies - blood,THB,NO NUMBER,,,,no MT number in the deal name,,,,,,,https://app.hubspot.com/contacts/7423331/record/0-3/2737280834
9081732884,THB: Various cancers - 50 mg fresh tissue,THB,NO NUMBER,,,,no MT number in the deal name,,,,,,,https://app.hubspot.com/contacts/7423331/record/0-3/9081732884
8811404828,THB: Xsphera prostate cancer - tissue & blood,THB,NO NUMBER,,,,no MT number in the deal name,,,,,,,https://app.hubspot.com/contacts/7423331/record/0-3/8811404828
8560757788,"THT: Healthy, NSCLC, SCLC - Plasma",THT,NO NUMBER,,,,no MT number in the deal name,,,,,,,https://app.hubspot.com/contacts/7423331/record/0-3/8560757788
44454046055,TKD: Antibody-Mediated Rejection (AMR) - PBMCs,TKD,NO NUMBER,,,,no MT number in the deal name,,,,,,,https://app.hubspot.com/contacts/7423331/record/0-3/44454046055
41953723669,TKD: Diffuse Scleroderma (Systemic Sclerosis) - Skin Biopsy - Fresh Tissue (See Note),TKD,NO NUMBER,,,,no MT number in the deal name,,,,,,,https://app.hubspot.com/contacts/7423331/record/0-3/41953723669
60866092160,TKD: IBD + Normal - Colonic Biopsies,TKD,NO NUMBER,,,,no MT number in the deal name,,,,,,,https://app.hubspot.com/contacts/7423331/record/0-3/60866092160
60785792108,TKD: IBD - Pinch Biopsies,TKD,NO NUMBER,,,,no MT number in the deal name,,,,,,,https://app.hubspot.com/contacts/7423331/record/0-3/60785792108
39829681502,TKD: Narcolepsy & controls - CSF & urine,TKD,NO NUMBER,,,,no MT number in the deal name,,,,,,,https://app.hubspot.com/contacts/7423331/record/0-3/39829681502
13268684181,TKD: NASH - blood,TKD,NO NUMBER,,,,no MT number in the deal name,,,,,,,https://app.hubspot.com/contacts/7423331/record/0-3/13268684181
14268723216,TKD: NASH - FFPE,TKD,NO NUMBER,,,,no MT number in the deal name,,,,,,,https://app.hubspot.com/contacts/7423331/record/0-3/14268723216
13539970946,TKD: NASH - FFPE,TKD,NO NUMBER,,,,no MT number in the deal name,,,,,,,https://app.hubspot.com/contacts/7423331/record/0-3/13539970946
41953723395,TKD: Normal - Skin Biopsy - Fresh Tissue,TKD,NO NUMBER,,,,no MT number in the deal name,,,,,,,https://app.hubspot.com/contacts/7423331/record/0-3/41953723395
29441460054,TKD: Psoriasis and psoriatic arthritis - serum,TKD,NO NUMBER,,,,no MT number in the deal name,,,,,,,https://app.hubspot.com/contacts/7423331/record/0-3/29441460054
59963510141,TKD: UC + CD - Tissue Resections,TKD,NO NUMBER,,,,no MT number in the deal name,,,,,,,https://app.hubspot.com/contacts/7423331/record/0-3/59963510141
35342559381,TKD: Vitiligo - skin tapes,TKD,NO NUMBER,,,,no MT number in the deal name,,,,,,,https://app.hubspot.com/contacts/7423331/record/0-3/35342559381
33397442139,TLB:  Ovarian cancer - frozen tissue & FFPE,TLB,NO NUMBER,,,,no MT number in the deal name,,,,,,,https://app.hubspot.com/contacts/7423331/record/0-3/33397442139
42918462465,TLB: SCLC - FFPE (SEE NOTE),TLB,NO NUMBER,,,,no MT number in the deal name,,,,,,,https://app.hubspot.com/contacts/7423331/record/0-3/42918462465
6283164048,TNI: Multiple indications - FFPE,TNI,NO NUMBER,,,,no MT number in the deal name,,,,,,,https://app.hubspot.com/contacts/7423331/record/0-3/6283164048
17735060009,"TOS: Breast, CRC, H&N - FFPE",TOS,NO NUMBER,,,,no MT number in the deal name,,,,,,,https://app.hubspot.com/contacts/7423331/record/0-3/17735060009
37632905491,TPS: Fresh tumors - tissue,TPS,NO NUMBER,,,,no MT number in the deal name,,,,,,,https://app.hubspot.com/contacts/7423331/record/0-3/37632905491
54421296695,TPS: NSCLC - FFPE,TPS,NO NUMBER,,,,no MT number in the deal name,,,,,,,https://app.hubspot.com/contacts/7423331/record/0-3/54421296695
48988384788,TPS: Oncology - fresh whole blood,TPS,NO NUMBER,,,,no MT number in the deal name,,,,,,,https://app.hubspot.com/contacts/7423331/record/0-3/48988384788
54265192828,TRB: Atopic dermatitis - FFPE,TRB,NO NUMBER,,,,no MT number in the deal name,,,,,,,https://app.hubspot.com/contacts/7423331/record/0-3/54265192828
39221638233,TRB: Atopic dermatitis - skin punch biopsies,TRB,NO NUMBER,,,,no MT number in the deal name,,,,,,,https://app.hubspot.com/contacts/7423331/record/0-3/39221638233
9325430421,"TRB: Cholangio carcinoma, CRC, esophageal, NSCLC - tissue",TRB,NO NUMBER,,,,no MT number in the deal name,,,,,,,https://app.hubspot.com/contacts/7423331/record/0-3/9325430421
4364665127,TRB: Healthy - lymph node tissue,TRB,NO NUMBER,,,,no MT number in the deal name,,,,,,,https://app.hubspot.com/contacts/7423331/record/0-3/4364665127
32095701177,TRB: healthy - skin tapes,TRB,NO NUMBER,,,,no MT number in the deal name,,,,,,,https://app.hubspot.com/contacts/7423331/record/0-3/32095701177
30144965715,TRB: Healthy skin - tissue,TRB,NO NUMBER,,,,no MT number in the deal name,,,,,,,https://app.hubspot.com/contacts/7423331/record/0-3/30144965715
4019526525,TRB: Healthy skin - tissue,TRB,NO NUMBER,,,,no MT number in the deal name,,,,,,,https://app.hubspot.com/contacts/7423331/record/0-3/4019526525
4598967136,TRB: Normal tonsil - tissue,TRB,NO NUMBER,,,,no MT number in the deal name,,,,,,,https://app.hubspot.com/contacts/7423331/record/0-3/4598967136
11651194641,TRN: CML - blood,TRN,NO NUMBER,,,,no MT number in the deal name,,,,,,,https://app.hubspot.com/contacts/7423331/record/0-3/11651194641
51340228100,TRR: Healthy - blood,TRR,NO NUMBER,,,,no MT number in the deal name,,,,,,,https://app.hubspot.com/contacts/7423331/record/0-3/51340228100
33650885510,TRV: Neoadjuvant IO - blood & response,TRV,NO NUMBER,,,,no MT number in the deal name,,,,,,,https://app.hubspot.com/contacts/7423331/record/0-3/33650885510
10555711647,TSB: Cancer - apheresis,TSB,NO NUMBER,,,,no MT number in the deal name,,,,,,,https://app.hubspot.com/contacts/7423331/record/0-3/10555711647
28367756418,TSB: MASH / NASH - whole blood (see note),TSB,NO NUMBER,,,,no MT number in the deal name,,,,,,,https://app.hubspot.com/contacts/7423331/record/0-3/28367756418
15549762430,"TSB: Melanoma, breast, H&N, mCRC extension #4 - additional 2 blood tubes",TSB,NO NUMBER,,,,no MT number in the deal name,,,,yes,4,,https://app.hubspot.com/contacts/7423331/record/0-3/15549762430
4121759527,"TSB: Melanoma, CRC, breast cancer - DTCs and PBMCs",TSB,NO NUMBER,,,,no MT number in the deal name,,,,,,,https://app.hubspot.com/contacts/7423331/record/0-3/4121759527
6321252389,TSC: Cervical & oropharyngeal - tissue & blood,TSC,NO NUMBER,,,,no MT number in the deal name,,,,,,,https://app.hubspot.com/contacts/7423331/record/0-3/6321252389
4581161640,TSC: Cervical cancer - DTC,TSC,NO NUMBER,,,,no MT number in the deal name,,,,,,,https://app.hubspot.com/contacts/7423331/record/0-3/4581161640
16624428583,TSC: Cervical intraepithelial neoplasia - blood,TSC,NO NUMBER,,,,no MT number in the deal name,,,,,,,https://app.hubspot.com/contacts/7423331/record/0-3/16624428583
16624429130,"TSC: H&N, anal cancer - tissue",TSC,NO NUMBER,,,,no MT number in the deal name,,,,,,,https://app.hubspot.com/contacts/7423331/record/0-3/16624429130
2310584505,TSS: COVID recovered - serum,TSS,NO NUMBER,,,,no MT number in the deal name,,,,,,,https://app.hubspot.com/contacts/7423331/record/0-3/2310584505
7775949168,"TSS: NASH, ASS, healthy liver - FFPE",TSS,NO NUMBER,,,,no MT number in the deal name,,,,,,,https://app.hubspot.com/contacts/7423331/record/0-3/7775949168
3362533921,TSS: PD1 & PDL1 future patients - serum,TSS,NO NUMBER,,,,no MT number in the deal name,,,,,,,https://app.hubspot.com/contacts/7423331/record/0-3/3362533921
28792457991,UCI: solid tumor draining lymph nodes - fresh tissue,UCI,NO NUMBER,,,,no MT number in the deal name,,,,,,,https://app.hubspot.com/contacts/7423331/record/0-3/28792457991
7186180421,USW: Covid 19 nasal samples - Frozen swabs,USW,NO NUMBER,,,,no MT number in the deal name,,,,,,,https://app.hubspot.com/contacts/7423331/record/0-3/7186180421
57830310584,VCT: Longitudinal breast cancer - blood & FFPE,VCT,NO NUMBER,,,,no MT number in the deal name,,,,,,,https://app.hubspot.com/contacts/7423331/record/0-3/57830310584
22200300975,"VCT: NSCLC - FFPE, plasma, buffy coat",VCT,NO NUMBER,,,,no MT number in the deal name,,,,,,,https://app.hubspot.com/contacts/7423331/record/0-3/22200300975
2260233426,VEN: Malig primary lung - tissue,VEN,NO NUMBER,,,,no MT number in the deal name,,,,,,,https://app.hubspot.com/contacts/7423331/record/0-3/2260233426
12648808756,VMD: COVID - serum,VMD,NO NUMBER,,,,no MT number in the deal name,,,,,,,https://app.hubspot.com/contacts/7423331/record/0-3/12648808756
20614221440,VRX: Cardiac muscle - FFPE,VRX,NO NUMBER,,,,no MT number in the deal name,,,,,,,https://app.hubspot.com/contacts/7423331/record/0-3/20614221440
7426565490,VSM: Banked 2020 COVID - serum,VSM,NO NUMBER,,,,no MT number in the deal name,,,,,,,https://app.hubspot.com/contacts/7423331/record/0-3/7426565490
8813127792,"VYX: HNSCC, Cervical, Anal - FFPE with NAT",VYX,NO NUMBER,,,,no MT number in the deal name,,,,,,,https://app.hubspot.com/contacts/7423331/record/0-3/8813127792
8928018038,VYX: Merkel cell polyoma virus - FFPE and NAT,VYX,NO NUMBER,,,,no MT number in the deal name,,,,,,,https://app.hubspot.com/contacts/7423331/record/0-3/8928018038
10290743140,VYX: Ovarian cancer - FFPE,VYX,NO NUMBER,,,,no MT number in the deal name,,,,,,,https://app.hubspot.com/contacts/7423331/record/0-3/10290743140
9186784091,VYX: Tumor mutational burden - FFPE,VYX,NO NUMBER,,,,no MT number in the deal name,,,,,,,https://app.hubspot.com/contacts/7423331/record/0-3/9186784091
56162796182,WGM: Longitudinal breast cancer - blood,WGM,NO NUMBER,,,,no MT number in the deal name,,,,,,,https://app.hubspot.com/contacts/7423331/record/0-3/56162796182
47539231392,WRN: Prostate cancer FDA collection - blood,WRN,NO NUMBER,,,,no MT number in the deal name,,,,,,,https://app.hubspot.com/contacts/7423331/record/0-3/47539231392
56127408757,"WVC: Normal, CD, UC - biopsies & blood",WVC,NO NUMBER,,,,no MT number in the deal name,,,,,,,https://app.hubspot.com/contacts/7423331/record/0-3/56127408757
13281153958,WWF: NASH - tissue,WWF,NO NUMBER,,,,no MT number in the deal name,,,,,,,https://app.hubspot.com/contacts/7423331/record/0-3/13281153958
10555046285,XAI: 200 subject DCIS - plasma & serum (MT3505A),XAI,NO NUMBER,,,,no MT number in the deal name,,,,,,,https://app.hubspot.com/contacts/7423331/record/0-3/10555046285
6015041299,XAI: 300 / month normal - blood,XAI,NO NUMBER,,,,no MT number in the deal name,,,,,,,https://app.hubspot.com/contacts/7423331/record/0-3/6015041299
10487241731,XAI: Bay Area same day healthy - blood,XAI,NO NUMBER,,,,no MT number in the deal name,,,,,,,https://app.hubspot.com/contacts/7423331/record/0-3/10487241731
13367292857,XAI: Breast cancer - plasma & serum (MT3505A extension #1),XAI,NO NUMBER,,,,no MT number in the deal name,,,,yes,1,,https://app.hubspot.com/contacts/7423331/record/0-3/13367292857
15754830241,XAI: Breast MRD - blood (see note),XAI,NO NUMBER,,,,no MT number in the deal name,,,,,,,https://app.hubspot.com/contacts/7423331/record/0-3/15754830241
9435503788,XAI: DCIS - blood,XAI,NO NUMBER,,,,no MT number in the deal name,,,,,,,https://app.hubspot.com/contacts/7423331/record/0-3/9435503788
15671766805,XAI: Dense breast FDA - blood,XAI,NO NUMBER,,,,no MT number in the deal name,,,,,,,https://app.hubspot.com/contacts/7423331/record/0-3/15671766805
7238693478,XAI: Longitudinal at-risk - TBD,XAI,NO NUMBER,,,,no MT number in the deal name,,,,,,,https://app.hubspot.com/contacts/7423331/record/0-3/7238693478
6551130952,XAI: Longitudinal prostate - tissue,XAI,NO NUMBER,,,,no MT number in the deal name,,,,,,,https://app.hubspot.com/contacts/7423331/record/0-3/6551130952
10996855378,XAI: Lung LDT - blood,XAI,NO NUMBER,,,,no MT number in the deal name,,,,,,,https://app.hubspot.com/contacts/7423331/record/0-3/10996855378
10487092897,"XAI: MRD - serum, plasma, blood",XAI,NO NUMBER,,,,no MT number in the deal name,,,,,,,https://app.hubspot.com/contacts/7423331/record/0-3/10487092897
15754830663,XAI: Neoadjuvant longitudinal breast - blood (see note),XAI,NO NUMBER,,,,no MT number in the deal name,,,,,,,https://app.hubspot.com/contacts/7423331/record/0-3/15754830663
8562609171,XAI: Non-cancer / high risk -  plasma & serum,XAI,NO NUMBER,,,,no MT number in the deal name,,,,,,,https://app.hubspot.com/contacts/7423331/record/0-3/8562609171
9497886120,XAI: Pre/post fast healthy (2 Timepoints / day) - serum & plasma,XAI,NO NUMBER,,,,no MT number in the deal name,,,,,,,https://app.hubspot.com/contacts/7423331/record/0-3/9497886120
9322293842,XAI: Pre/post fast healthy (3 Timepoints / day) - serum & plasma,XAI,NO NUMBER,,,,no MT number in the deal name,,,,,,,https://app.hubspot.com/contacts/7423331/record/0-3/9322293842
7844678038,XAI: Single timepoint cancer - plasma & serum (MT3505A),XAI,NO NUMBER,,,,no MT number in the deal name,,,,,,,https://app.hubspot.com/contacts/7423331/record/0-3/7844678038
19887432056,XAI: Stage III-IV breast cancer - streck DNA whole blood,XAI,NO NUMBER,,,,no MT number in the deal name,,,,,,,https://app.hubspot.com/contacts/7423331/record/0-3/19887432056
58197731692,XCR: UC + normal - frozen biopsies,XCR,NO NUMBER,,,,no MT number in the deal name,,,,,,,https://app.hubspot.com/contacts/7423331/record/0-3/58197731692
17249198691,XGN: Longitudinal lupus nephritis - blood & urine,XGN,NO NUMBER,,,,no MT number in the deal name,,,,,,,https://app.hubspot.com/contacts/7423331/record/0-3/17249198691
17249230442,XGN: Longitudinal rheumatoid arthritis - blood & urine,XGN,NO NUMBER,,,,no MT number in the deal name,,,,,,,https://app.hubspot.com/contacts/7423331/record/0-3/17249230442
16508410505,XGN: Lupus nephritis - urine,XGN,NO NUMBER,,,,no MT number in the deal name,,,,,,,https://app.hubspot.com/contacts/7423331/record/0-3/16508410505
17248199503,XGN: Myositis - whole blood,XGN,NO NUMBER,,,,no MT number in the deal name,,,,,,,https://app.hubspot.com/contacts/7423331/record/0-3/17248199503
17249198886,XGN: Severe SLE - blood & urine,XGN,NO NUMBER,,,,no MT number in the deal name,,,,,,,https://app.hubspot.com/contacts/7423331/record/0-3/17249198886
9601321290,XIL: Post-chemo CRC with outcome data - frozen tissue,XIL,NO NUMBER,,,,no MT number in the deal name,,,,,,,https://app.hubspot.com/contacts/7423331/record/0-3/9601321290
41333314940,"XRA: CKD - FFPE, serum, plasma",XRA,NO NUMBER,,,,no MT number in the deal name,,,,,,,https://app.hubspot.com/contacts/7423331/record/0-3/41333314940
38852022542,XRA: CRC and healthy - plasma,XRA,NO NUMBER,,,,no MT number in the deal name,,,,,,,https://app.hubspot.com/contacts/7423331/record/0-3/38852022542
64175514946,XRA: CRC failing adjuvant Tx - FFPE,XRA,NO NUMBER,,,,no MT number in the deal name,,,,,,,https://app.hubspot.com/contacts/7423331/record/0-3/64175514946
64286310693,"XRA: CRC, IBD, healthy - plasma or serum",XRA,NO NUMBER,,,,no MT number in the deal name,,,,,,,https://app.hubspot.com/contacts/7423331/record/0-3/64286310693
63929535363,"XRA: Dermatologic disease & normal - tissue, plasma, PBMCs",XRA,NO NUMBER,,,,no MT number in the deal name,,,,,,,https://app.hubspot.com/contacts/7423331/record/0-3/63929535363
40317685777,XRA: Longitudinal atopic derm - tissue & blood,XRA,NO NUMBER,,,,no MT number in the deal name,,,,,,,https://app.hubspot.com/contacts/7423331/record/0-3/40317685777
59503298658,XRA: Scleroderma - FFPE,XRA,NO NUMBER,,,,no MT number in the deal name,,,,,,,https://app.hubspot.com/contacts/7423331/record/0-3/59503298658
64059120462,"XRA: Ulcerative colitis (1,000) - FFPE",XRA,NO NUMBER,,,,no MT number in the deal name,,,,,,,https://app.hubspot.com/contacts/7423331/record/0-3/64059120462
54616184092,"XXX: Longitudinal Acute Hypoxemic Respiratory Failure - serum, plasma, blood",XXX,NO NUMBER,,,,no MT number in the deal name,,,,,,,https://app.hubspot.com/contacts/7423331/record/0-3/54616184092
34743592198,ZEN: Ovarian - FFPE prospective,ZEN,NO NUMBER,,,,no MT number in the deal name,,,,,,,https://app.hubspot.com/contacts/7423331/record/0-3/34743592198
34692385937,ZEN: Ovarian -FFPE,ZEN,NO NUMBER,,,,no MT number in the deal name,,,,,,,https://app.hubspot.com/contacts/7423331/record/0-3/34692385937
5575087940,ZPD: AML - marrow,ZPD,NO NUMBER,,,,no MT number in the deal name,,,,,,,https://app.hubspot.com/contacts/7423331/record/0-3/5575087940
2887537621,"ZPD: MDS - marrow, blood",ZPD,NO NUMBER,,,,no MT number in the deal name,,,,,,,https://app.hubspot.com/contacts/7423331/record/0-3/2887537621
5575118889,ZPD: Multiple myeloma with translocations - marrow,ZPD,NO NUMBER,,,,no MT number in the deal name,,,,,,,https://app.hubspot.com/contacts/7423331/record/0-3/5575118889
